0	1	网店与线下店服务差别太大，不值在线上购买
1	1	手机还是很不错的。不过，没有赠品，没有赠品
2	1	才买了几天就掉价了
3	1	屏幕音效：辣鸡屏幕
4	1	没用到l个月就坏了
5	1	直接装一个带瑕疵手机
6	1	已经换了三台了，能不买别买。
7	1	我t?m心态没有了，各种剧情我醉了
8	1	下载了一个吃鸡，有点烫
9	1	手机开机发烫，有时充电会有发烫，，，，，，，，，，，，，，，，，，，，
10	1	其他特色：没用到一个月就坏了
11	1	就一个裸机连个壳子都没有
12	1	618保价变不保价，京东618还不如****618秒杀5488
13	1	这手机都不支持人面支付，有啥用，
14	1	什么东西都不送，小气的一批。
15	1	京东最垃圾了直接卸载不用了，手机还是不错的
16	1	外形外观：原装屏幕有气泡。客服回应正常 其他特色：客服服务态度很帅
17	1	华为质量没啥说的  这个平台比别地方贵500
18	1	什么配件都没 大家别买了
19	1	呵呵，618买的手机，现在居然降了200，还没有保价。
20	1	用了一个月左右屏幕就变成这样！很怀疑是不是正品
21	1	手机屏幕经常发烫   不知道这么回事
22	1	后摄像头竟然进尘了 还得退了从买
23	1	质量有问题  在退货换机
24	1	手机收到了，边框有划痕，不知道是什么原因
25	1	今天去华为实体店，实体店比京东自营店便宜200元
26	1	刚买就出200优惠券啥意思？手机暂时没用没解释退货！
27	1	左上角膜  起小泡泡
28	1	拍照效果：拍照效果不好，后悔。
29	1	其他特色：新手机耳机就不行 还不换 要求这样弄那样弄
30	1	贴不住，老掉，。
31	1	拍照发红，不好
32	1	不咋地啊，包装盒里面连个泡沫垫都没有，就那样就给我包邮来了
33	1	买了四天就降价了200，还不能申请保价，用运费券省的钱就不算降价，希望京东以后可以改改，否则在京东买大件好提心吊胆。买华为手机价格不便宜，就是任性，支持一下国货
34	1	看会网页都发烫厉害，?
35	1	需要买这款手机的朋友请慎这款手机发烫还不给退换只给修
36	1	618买的手机等了十几天，既然寄过来的是别人使用过的二手机，
37	1	发烫，发烫，发烫，发烫
38	1	玩吃鸡还是卡，相机不咋滴
39	1	拍照效果：拍照没有苹果手机好 我还不如买苹果手机  哎
40	1	用一会手机就发烫，玩一会也发烫不是热，?????????
41	1	一星给京东and京东客服，真是垃圾 外形外观：完美 拍照效果：还行
42	1	刚买完几天竟然有24免息
43	1	其他特色：屏幕坏点，客服踢皮球
44	1	不粘，贴上就松了，还不给换
45	1	现在价格和618所有券优惠后的价格一样，再也不相信618了，等半天其实没啥用
46	1	客服宛若sx
47	1	一点也不好用，就手机屏好看点，不值这个价钱
48	1	拍照效果：像素差，经常照相都是这样 运行速度：还是会有卡顿
49	1	还没开机，轻轻一按，屏幕就有了两道印。这屏幕是纸糊的？
50	1	网上跟实体店价钱不一样差四百多  说是免息这都是羊毛出在羊身上
51	1	盒子被挤压成这样，手机上面的膜还有划痕，请问我是收到一部二手机吗？
52	1	运行速度：手机运行速度没有想象的那么快，有点小失望。感觉对不起这个价钱。
53	1	说给的赠品就不给了，客服服务也差
54	1	怀疑是不是假货，电话界面数字是两个3没有5
55	1	手机充电烫手，就视频聊天都会发烫。
56	1	才用了三天屏幕就划不动，接不了电话，可以申请退货嘛
57	1	不知道是我太费手机还是这手机不好，开始卡了，才一个月
58	1	拿回来用都还没用，就成了这样，联系客服退还半天退不了，
59	1	拍照效果：  不是想象的那么好
60	1	买了一天就降价，发客服，说是送了礼品，就不能报价?
61	1	买手机建意到实体专卖店买，京东竞比实体店贵了八百块，京东10年老买家，以后怎么信任你，这应该是最后一次在这个平台买东西了
62	1	屏幕音效：屏幕有点划痕，我不懂这个是二手机还是咋了，屏幕上有个划痕
63	1	待机时间：耗电很快，都快跟不上了
64	1	运行速度：慢，卡 外形外观：厚 待机时间：短 其他特色：性价比极低
65	1	这个手机是我买的最郁闷的的东西了，郁闷到极致了！
66	1	刚买了不到一个月玩王者荣耀卡屏，网络是好的，不知道别人有没有这种情况，难受死了?
67	1	拍照效果：泛白严重
68	1	充电发烫 换货还这样 通病吗？
69	1	电池不到一天就没电了 像素没有说的那么好
70	1	买了不到一个月  屏幕出现问题
71	1	就一个手机壳，钢化膜都不给我贴一个。我那3百多花得冤死？？？
72	1	手机是好手机，京东售后是真的废物，推荐实体店买
73	1	标准二手机，充电口都这个样了
74	1	越想越亏，什么都不送。
75	1	拍照一流，录像不入流，还不如千元机
76	1	屏幕泛黄，调到冷色关了护眼还是黄。
77	1	屏幕音效：看视频模糊，看的感觉自己要瞎了
78	1	待机时间：待机时间不怎么样 其他特色：花了7388多买的手机还没有用到一个月
79	1	包装箱质量差，内外包装都破了
80	1	我应该中奖了 电池用不了半天
81	1	其他特色：主机电话槽缺失，售后得不到满意的服务，买了块砖头
82	1	相机直接打不开，直接卡死，要重新开机才能用
83	1	没想的那么好，黑屏经查，拍照也没说的有一说一的那么好，总而言之 差劲
84	1	外形好看 手机一般般 没有传的那么神乎  不值这个价
85	1	本来手机是不错的，但是买了一天掉价200块之前还说保价618，都是骗人的
86	1	手机挺好的。新买的手机拆盒未找到卡针。所有东西都拆出来也没。叫我联系客服，客服叫我联系售后。烦人。
87	1	玩游戏退出黑屏 解决问题还整不明白
88	1	此处的商品评价献给华为的人工客服
89	1	不是理想的东西
90	1	分屏不能同时使用
91	1	**刚买几天就降价
92	1	还没用几天就开始死机了
93	1	买完第二天就降价 没节操
94	1	啥配置都没有不要买，送货速度一个字慢
95	1	3天前到的快递，提货码3天后才发来
96	1	一般吧，没有那么好，不值这个价格
97	1	这就是色差，差别太大，惊呆我了！！
98	1	没给发票，为什么没发票
99	1	看超过十分钟手机会发热
100	1	发的颜色和我拍的颜色不符，
101	1	外形外观：不满意
102	1	刚买了就降价，还不能申请价保
103	1	真不怎么样，这手机挺差的
104	1	一般般，用段时间看
105	1	超烂，且没性价比。也没有7天保价。
106	1	手机电池不耐用退货了
107	1	拍照效果：不好意思1，真的不好用
108	1	手机老是故障！出现问题没有实质性解决问题的办法。
109	1	说好有礼物送，又没有送
110	1	态度不好 退款都那么慢 服务不够好
111	1	买了不到一个月就降价了！
112	1	有问题客服根本不理人
113	1	才买没多久，这就掉价了
114	1	买完就降价100，还不能申请价保，
115	1	其他特色：怎么才买几天就降价了
116	1	为什么新手机没有外面的膜
117	1	我至今没收到货，不知道东西到哪去了？？
118	1	拍照效果：一点不清晰，没有2000万清晰，
119	1	刚买完第二天就降100！还不给退差价。
120	1	降价？才收到就降价？！！！
121	1	耗电很快  新手机还卡顿
122	1	618最后一小时又降了最1249呵呵
123	1	其他特色：标配连耳机都减配了客户处理不及时对业务不熟悉
124	1	前几天买的说是没有耳机，还加钱买，货到手就后赠送耳机，**啊！
125	1	好评必须好评，不要问我为啥子，看星数
126	1	没出一个月充电头坏了  我也是醉了
127	1	买了不到二十天就降价100元，申请价保不给退
128	1	刚买完就降价，因为有赠品还不能价保
129	1	买个手机没几天就降价了，还不给保价
130	1	这个不是原装的也敢发货？
131	1	视频时无法显示画面
132	1	刚买就降价一百
133	1	没买几天就降价，
134	1	没收到耳机评价个辣子！
135	1	货收到半天都是机器人，手机膜也没贴差差差
136	1	买回来充电就发热又烫准备退款
137	1	拍照效果：般，  屏幕音效：像素不好
138	1	买完就送耳机，也是醉了
139	1	屏幕音效：耍个视频声音忽大忽小
140	1	那还有耳机  客服还不回复
141	1	说好的送耳机，发过来没有，虚假宣传
142	1	刚过价保就降价一 百块，还价保618，十分不爽。
143	1	说有赠品耳机，实际到货没有。
144	1	耳机没有，说明书没有，回复是有需要可以买！
145	1	价格一点不实惠！还不送赠品！，京东的别家便宜还送耳机！购机需谨慎！
146	1	外形外观：退换货，黑色手机能成蓝色的。京东都是一群人才。。。
147	1	刚买了一天就降价，还有点卡
148	1	啥也没有，就一个手机跟充电器。
149	1	没送耳机没送耳机没送耳机
150	1	耳机呢？耳机呢？耳机呢？
151	1	手机就是不怎么样 降价这么快
152	1	新机为什么没耳机的？
153	1	手机没有配耳机，刚买第二天就送耳机
154	1	手机屏幕外面会出现网格，新到的就是这样的。
155	1	其他特色：一般般
156	1	外形外观：没有配耳机开个耳机孔干嘛的？
157	1	屏幕的膜有气泡
158	1	下单前问了评价送耳机，买后就说没有了，不守信用！下次不会再来了
159	1	买的时候显示送耳机，收到时都没有，把人当猴耍
160	1	使用4G网络比较卡
161	1	手机打着打着电话就听不到声音了
162	1	卡死了，直接不动
163	1	**，两天就降价100还不能申请价格保护
164	1	用了几天来评价，手机卡，而且反应迟钝，不满意的一次购物
165	1	下单时送耳机，收到货就没有了，说送完了
166	1	手机充电热，充电器也热，不满意
167	1	才卖几天就降价了
168	1	客服业务不熟悉，服务态度差
169	1	外包装破损，拍照屏幕闪烁严重，已申请退换货
170	1	收到的手机是别人退货机，连屏幕膜都没了
171	1	刚用几天就出现自动关机重启
172	1	手机有点发烫，没玩游戏也发烫
173	1	别人都给耳机，为什么不给我呢
174	1	盒子为啥这么脏   二手的吧
175	1	外形外观：收到镜头玻璃坏了，还需要钱维修。
176	1	手机被打开过，不是全新机，
177	1	刚买1天就降价100，因为有赠品还不能价保。
178	1	连网极差经常卡还时不时降价不建议购买
179	1	打电话声音小，我要退货
180	1	缺件，缺了一根数据线难受
181	1	手机一般，连耳机都没有
182	1	手机质量可以，服务差，，，咨询一天都不回复
183	1	收到货了，服务差，物流慢。
184	1	刚买就降.价，还不让保价
185	1	如果不着急的话，还是去小米商城买的好，至少正宗。
186	1	买了一个月屏幕上就出现跳屏横杆
187	1	其他特色：客服说话态度不好
188	1	过了十一天跌了70，说好的价格保护一点用都没有
189	1	价格三天两头变，感觉买贵了，
190	1	其他特色：电池冲不进去电
191	1	外形外观：快递我都没收到
192	1	屏幕音效：才用了不到一个月就黑屏了。
193	1	都不配一个手机胶套
194	1	动态壁纸没声音
195	1	刚买就降价服气
196	1	说1月20号送到家的，22才送到！
197	1	就这点钱我就不退了 祝你们越来越好
198	1	赠送的SIM卡不能用，
199	1	为啥不送耳机呢 只有一个充电器
200	1	保护膜和保护壳都没有
201	1	拍视频有黑线闪，正在协商修理中。
202	1	屏幕音效：我爸说体验感不好
203	1	都不送货上门，服务态度差，客服推卸责任，
204	1	买贵了，又啥东西都没有配送
205	1	没有手机壳，买了就降价
206	1	不是本人签收，我的手机都不知道哪里去了
207	1	为什么不带。手机套钢化膜
208	1	手机不咋样，用个一个多月就不行了
209	1	手机11号买的今天才送到我也是服了
210	1	连钢化膜和手机套都没有
211	1	时不时的屏幕操作不灵
212	1	其他特色：屏幕有时卡顿
213	1	相机不能用，还不给换货
214	1	收到的东西是这样的 要买的朋友要慎重考虑
215	1	售后服务一拖再拖，卖了就没得处理了
216	1	一周不到降一百还不能退差价。。。。。。。
217	1	没有耳机线，手机很一般。
218	1	其他特色：手机热一点就死机
219	1	刚刚入手,第二天就降价！
220	1	什么鬼，买了一会就降价了
221	1	红米8A越来越假，质量奇差&hellip;
222	1	手机老人家反应不好用
223	1	什么充电线用两天就坏了
224	1	怎么什么都不送，就一裸机
225	1	就只有手机，其他什么都没有
226	1	才买第二天就降价，好样的！！！
227	1	通话效果差，颜色比较难看
228	1	外形外观：也没碰也没进水这就不能开机了
229	1	背部设计难看，电池不耐用
230	1	送货不及时，打电话没人接
231	1	昨天刚拍完，今天就降价50元，真是服了
232	1	运行速度：经常死机不好用
233	1	出尔反尔，没有信誉，一塌糊涂。
234	1	无法开机，退货中！有点失望
235	1	刚买的就降价，心里落差大
236	1	呵呵，刚买就降价几十块
237	1	京东快递等了4天
238	1	无缘无故卡屏   3天两次了
239	1	辣鸡手机卡的要死
240	1	这就是你们京东的物流
241	1	用了一个多月，手机卡的不行
242	1	千万别买，系统不好
243	1	明明下的橙色的，为什么发个绿色的来呢
244	1	家人反应效果不好  不开心
245	1	第一天就出现卡顿的现象
246	1	屏幕音效：啥玩意啊动不动没有声音啦
247	1	手机反应慢！按键不灵敏！
248	1	买了两个，天天死机
249	1	买了就降价  真是有你的
250	1	昨天买今天就降。
251	1	才买没2天都降价
252	1	外形外观：&hellip;&hellip; 其他特色：&hellip;&hellip; 拍照效果：&hellip;&hellip; 待机时间：&hellip;&hellip; 运行速度：&hellip;&hellip; 屏幕音效：&hellip;&hellip;懒得说了，差评
253	1	使用1个月机子反应慢，不好
254	1	耳机，，手机壳，钢化膜都没有。
255	1	买了两部，官方标配只有手机和充电器
256	1	刚买了就降价，满满的套路
257	1	什么都没有，就一个机器
258	1	昨天买的今天就降价啦
259	1	外形外观：不错 其他特色：买不够一个月送维修2次
260	1	价格不靠谱，一会749元，一会又699元，，还没到双十二就整扯淡。。。
261	1	牛皮买了没多久就降价了！
262	1	一下子降了两百，你叫我怎么相信你
263	1	昨天买的，今天就降价了100，呵呵
264	1	不建议购买，问题一大堆
265	1	刚买就降价，这样也可以吗？贵了30块
266	1	刚买几天就降价50，除了快递速度快没啥好说的
267	1	为什么在京东买的东西售后这么困难
268	1	第一天买，第二天就降价了
269	1	小米官网有送电信卡，但发货慢，京东送货快，但没送卡
270	1	手机一般，买了没十天就降价了
271	1	屏幕音效：用了几天触屏有问题
272	1	今天收到货发现有耳机赠品，昨天下单就没有，顿时不香了
273	1	买了一个星期，有点卡，而且没有礼品
274	1	买了没多久就降价，颜色也发错！
275	1	降价频率真快，几天一降一涨的，华为应该保价1个月还行。
276	1	刚买不到4小时就降价了~
277	1	这手机掉价真快
278	1	刚买回来几天就降了100，我也是醉了
279	1	网页上说的有耳机却没送，信用差
280	1	明确下单即送耳机，都没有用。
281	1	被套路的无话可说，问题是还买了几台。
282	1	除了手机啥都没有
283	1	不想多说什么，买的自己想好再买，
284	1	不带耳机，单独买的，虽然说耳机不值钱。
285	1	其他特色：不好就不好
286	1	手机声音小，才买了没几天就降了二百
287	1	外形外观：有明显一厘米的划伤和2处残缺
288	1	连个耳机都没有
289	1	边框是塑料的，看起来好廉价
290	1	刚评价就便宜了100块，有这样的吗？
291	1	买的套餐的手机膜两边按压不严。其余的看图片
292	1	下单的时候说的送耳机  收到货后没有耳机
293	1	屏幕出现问题，已发去检测
294	1	没得耳机
295	1	指纹识别差！经常识别不出来！
296	1	这个胶咱不知道是什么情况
297	1	卡
298	1	不满意
299	1	手机本身无问题，但网页上明确送耳机，但实际上无送
300	1	辣眼睛的屏幕，已经退了
301	1	不到7天降价100，故意送个耳机让不支持价保，套路深
302	1	我下单订的是幻夜黑，发给我的确是冰岛幻境，发货前也没有征求我的意见。
303	1	手机不是原包装，京东二次包装，之前拆过！这点京东不讲究！！！
304	1	屏下指纹不好用，解锁几才开得了。
305	1	外形外观：买到一个后盖有瑕疵的手机?，品质不行啊！希望华为把品质做好做强?。
306	1	拍的时候页面显示&ldquo;下单即送耳机&rdquo;，结果，没有！
307	1	运行速度：玩王者卡死好几次了
308	1	手机坏了，居然没有从sim卡导入联系人功能
309	1	神马东西，连个耳机都没有
310	1	啥都没有，裸机来的
311	1	不满意的就是没有送耳塞，前一天买没送，第二天就可以送
312	1	手机618买回来的，才用了一会，电池就开始不耐用了。
313	1	华为手机不好用，还是欧珀好用
314	1	没有耳机 就一个充电器跟手机！！！！
315	1	外形外观：新手机尽然是这样的，不知道被多少人揉虐过一样，果断换货
316	1	收货之后发现后盖摄像头处玻璃破裂，售后客服说不能退换货只能自费维修
317	1	啥都没送
318	1	手机被打开过，不知道是不是别人退的，外面的手机壳膜都没有
319	1	不是新手机 也没有耳机 我就想知道新手机没有原装的耳机吗？
320	1	掉价！掉价！掉价！
321	1	你们的都是这样吗，头顶这里有明显指甲缝，周围的缝能进灰。
322	1	电池容量小
323	1	外形外观：买的是黑色，到手变天蓝了，问他说会变，我信你个鬼
324	1	4月30日不赠送耳机，5月1号赠送，虽然可以退货重新买，算了。
325	1	屏幕音效：屏幕识别指纹屏幕会闪
326	1	拍过第二天就有送耳机活动，本来打算退掉重新拍的，客服说不用退，会帮我申请，到货后补发，到了之后再问也不回信息，申请服务也没人回应
327	1	这就是所谓的价保618
328	1	刚收到货就显示下单送耳机，这么坑的吗？我能退货再下单？
329	1	不想说太多
330	1	拿到手就看到屏上有划伤，联系客服，没人理？我也是醉了，快递两天才到，盒子也是被开过封的，
331	1	买的时候说有货，下了单就在外地调货等了好几天，货到了直接就放到保安室了，
332	1	手机没了20多天，屏幕突然失灵了，这个质量堪忧啊
333	1	屏幕音效：打电话时别人听不到，从新启动后就可以听到讲话
334	1	屏幕音效：屏幕一闪一闪的估计用不了多久，。后面再追评。
335	1	怎么说呢明明是显示的有耳机但是它偏偏说没有其实武也不缺这个耳机但是背骗的感觉就是不好
336	1	手机很流畅，手感很棒，就是下单的时候写的有赠品，但是到手以后就没了。。。
337	1	官方标配版和耳机套装版一样的价格，整了二个选择菜单，我没多看随便买了官方标配版，发现没有送耳机。这个京东套路真深。
338	1	手机卡死了什么产品，看别人买的挺好，自己买了结果和图片直接不一样，看到的朋友不要买
339	1	什么破商家？说送耳机，没送就没送吧。现在降价了，申请价格保护，跟我说有赠品保不了，我就没收到耳机，怎么就保不了了？
340	1	不标配耳机就算了，买了第二天出一个加耳机套餐，比原价还要便宜一块钱，佩服你们的操作，华为??。
341	1	非常好，闹钟都帮我设置好，买回来都没拆开，闹钟都想了，真贴心的店铺
342	1	打游戏卡一卡的，还掉帧，还发热烫手
343	1	1星都不想给，手机本身还不错，但是客服就司马了。买了刚收到就发现有赠品，联系司马荣耀客服，说是不能补发，也不能价保，也不能补差价，最后还是找京东客服解决的。
344	1	就是裸机，没有任何东西，除了充电器就没有其他了，也没有耳机
345	1	手机一般，毫无购物体验，买之前要耳机贵一百，才几天免费送，变相降价，价保成了摆设。感觉被套路，
346	1	运行速度：可以 屏幕音效：可以 拍照效果：可以 外形外观：轻 待机时间：待测 其他特色：下完单，客服一句话也不回极差
347	1	这个手机感觉是被拆过封一样，然后京东自己封装的，压根不是原厂封装！可能是拆过包！
348	1	给爷爷买的，说实话手机一般吧，屏幕闪烁，瞎眼屏谁用谁知道，不信的可以试试&hellip;
349	1	用了不到半个月，typec接口就开始接触不良，自动旋转也出问题，怀疑有质量问题
350	1	刚买来半个月不到就出现各种问题，闪退 屏幕失灵，呵呵！！！
351	1	直播说送耳机，页面也说下单就送耳机，收到货没有，被套路，说是送完为止，直播也没说，送完为止的字不注意都看不到，能诚信点吗？
352	1	玩了一天，这款手机不行根本跟网上说得不一样，玩起感觉不行不建议买。
353	1	肯定是妥妥的好评了!!!这是我在网上买东西以来第一个好评。 买的客服说有送耳机，收到手机后说30个工作日会给我发，结果跟我说赠完即止。
354	1	这款手机使用体验是真的不好，指纹识别每次都要两三次才能成功，系统使用体验也没emui好用，包装也是不敢恭维。
355	1	好家伙，急着用手机，你给我送来这个，卡槽第一次拔出来就插不进去，果断退货。
356	1	手机运行速度不错，就是没有送耳机，用不惯，7天包退是假的，用了7天就挂某鱼卖了，亏了200多块
357	1	加赠耳机跟开售时间不同步，就因为下单快了几秒没耳机。
358	1	我怀疑已经开封过了，因为手机盒应该有一层塑料薄膜，手机也应该有一个保护膜，但是我这个都没有
359	1	拍照效果：拍照还可以 外形外观：外观一般般，毕竟价位在那放着呢 运行速度：凑合 其他特色：声音太小，打电话开免提也小，刷段子旁边有人有几乎听不到声音
360	1	没几天就降价了
361	1	说好的送耳机呢？
362	1	外形外观：屏幕碎裂
363	1	买的时候上面显示赠送耳机，收到货的时候没有赠送
364	1	包装进水，快递包装没湿，明显是发货的时候就湿了
365	1	超烂，且没性价比。也没有7天保价。
366	1	就一个充电器，啥都没了
367	1	快递慢德要死，也没啥赠品
368	1	你的包装这么样，不知道里有没有问题。
369	1	看着有耳机赠送，收到的时候没有！
370	1	拍照效果：拍照模糊不清
371	1	拍照效果：像数不行，充电器也不是快充类型
372	1	运行速度：有点卡
373	1	待机时间：耗电快，电板不经用
374	1	没有耳机，谁也不要上当啊，
375	1	手机一般，不建议购买
376	1	在路边不是乡下，我要求在路上等快递，他也不做。
377	1	经常死机，不建议大家购买
378	1	为啥封签这样？  被打开过？
379	1	还行，非常喜欢，没几天就掉价200真是坑
380	1	服务差！！刚买手机降价还不价保！！
381	1	刚买就降价100服了
382	1	机子没用几天就坏了
383	1	你都没有这个型号的手机壳 你给我推荐什么
384	1	哎 买了就优惠一百多
385	1	触屏不好用，得使劲摁才行
386	1	**，说买手机有赠品，买了啥也没有，手机没问题
387	1	买了没两天就开始送耳机了，这不是变相降价吗。
388	1	耳机没有送，客服没人回应
389	1	刚收到货，表面屏幕就有道印子
390	1	刚化膜没有！！耳机也没有！！！！
391	1	暂时没发现问题。
392	1	给妈妈用的，上下键很松，用下手机很烫！
393	1	为什么我买时不送耳机，几天后就送了
394	1	不是每个都会有耳机
395	1	感觉好卡顿，滑起来都不流畅。
396	1	刚买了没几天降价100块，也是服了
397	1	没用两天半，充电器线就坏了这什么质量啊
398	1	再也不会买华为荣耀手机了
399	1	怎么没有送耳机，不是说送耳机的吗
400	1	人家都有送耳机了  到我这里什么都没有  说我没参加活动  618是你们定的活动吧
401	1	手机收到了但是没有耳机
402	1	外形外观：注意，他这款手机是标配，没有耳机！
403	1	手机送过来，没有耳机
404	1	我就想知道耳机是不是最基本的标配
405	1	耳机都没有配，最起码的配置都不齐全
406	1	开始看到有耳机送 后来买到了 就说耳机送完了
407	1	手机背后贴这个是什么意思？
408	1	都没有钢化膜，买都买不上
409	1	买的时候上面写着送耳机，送过来都没有
410	1	刚买的手机检测出手机系统崩溃，心以凉。
411	1	其他特色：没有耳机，少一副耳机
412	1	拍照效果：图片不清晰
413	1	WiFi放视频都卡，电池一天要充二次
414	1	买完一天就降价
415	1	只有一个手机和一个充电器连一说明书都没有
416	1	放在口袋里自动开机
417	1	4月和5月买的都有耳机送，怎么现在买没有，不爽
418	1	刚买完一天就降价100元？什么情况？真冤
419	1	没有耳机，说的送耳机，为什么我的没有
420	1	用了不到两天屏幕碎了
421	1	昨天买的今天降价20不说 看评论送耳机也没有 联系客服也没人说话 差劲
422	1	刚买了就降价，华为什么时候贬值这么快了
423	1	买给老人家的机子，黑屏卡机，售后之后一样未能解决！醉了！
424	1	充电不是T    PC我服了
425	1	爸爸非常喜欢这款手机，支持华为支持国产
426	1	刚买两天就做活动送耳机，却不提供补差价
427	1	不能再京东在手机啊，删评价
428	1	明显翻新机，盖子都有翘开痕迹
429	1	手机不结实都是纯塑料的
430	1	连个耳机都不送
431	1	刚买一天，第二天就不能补差价，卸载了京东
432	1	外形外观：看看吧&hellip;刚拆开包装。
433	1	不灵活  拍照也有像素问题   老出广告
434	1	卡，反应慢，下载慢，没手感，没9X好
435	1	刚买两天就降价！
436	1	刚买就便宜了，也没有耳机，没有发票
437	1	感觉屏幕不太清晰呢，刚开始用
438	1	真的差，老人机还没耳机。
439	1	经常这样卡死，客服不理人
440	1	没有耳机，也不是快充 拍照效果：不咋样
441	1	六号家里人买得就带耳机，我买的今天到了就没有。歧视谁拿
442	1	手机有瑕疵退了，换了台充电口有划痕！
443	1	外形外观：手机变形
444	1	联系客服半小时没人理。?买2个一个手机套没送。
445	1	外形外观：怎么是塑料后壳，都不说明
446	1	现在买个手机连说明书保修卡和发票都没有的吗?
447	1	裸机什么也不带 还有点卡顿像旧的
448	1	不满意
449	1	现在买手机，都没耳机吗？？？？？
450	1	运行速度：卡顿，配套不足
451	1	运行速度：一般般一般般
452	1	买手机不给耳机我还是第一次见，666
453	1	我要的黑色的给我来个这个颜色。。。
454	1	外形外观：耳机口，有瑕疵
455	1	物流满上面显示隔日到。等了好几天。在也不会来买了
456	1	没有耳机，说好的赠品也没送
457	1	嗨，耳机都没有，客服都不接
458	1	我就想知道为什么没有耳机
459	1	说好的送卡，到现在啥都没有
460	1	买完就有赠品唉
461	1	手机好卡，反应慢
462	1	送的什么卡不知道有什么用，买第二天就送耳机了
463	1	其他特色：没有耳机
464	1	老是死机，刚一个月多总是死机。
465	1	其他特色：没有耳机，不知道是什么特色
466	1	声音小，不怎么样
467	1	其他特色：买回来第二天的屏幕
468	1	为什么没有耳机啊！
469	1	指纹经常用不了。
470	1	没有手机耳机，不是说送耳机吗
471	1	还没两天就黑屏了
472	1	没有按照时间送来
473	1	新机屏幕上怎么会有划痕？郁闷
474	1	外包装没有塑封，不像全新的
475	1	就一个手机舍也不送
476	1	手机不行不给退货
477	1	跌钱跌的好快，没几天就跌了200！不开心！
478	1	货收到了，怎么没有耳塞
479	1	买了一个星期，掉价100，客服还啥也不是
480	1	手机凑合用吧，没有耳机
481	1	包装破旧好像是翻新机
482	1	客服都不回答，屏幕有时候闪屏
483	1	一般般，还不送东西，早知道就不在这家店买了
484	1	屏幕音效：手机打电话听音乐都有噪音
485	1	新机买了20天就降价，还不退差价
486	1	假的   不是全新的   是翻新机，
487	1	才买半个月就掉了一百块
488	1	拍照效果不怎么好，收到没多久就降价100
489	1	就一个盒子，一点保护措施没有
490	1	电池有点不耐用，包装内没有填充物
491	1	拍照效果：4800连旧手机的1300都不如
492	1	感觉不是很满意的一次购物
493	1	官方标配里边没有耳机吗？
494	1	刚买了几天掉价了，申请价格保护也不给退！
495	1	买了没有多久就降价，心里不是滋味
496	1	没有收到快递，就已确认签收！随意放到保安室桌子也不告知！！！！
497	1	机子还没玩一会儿就发热
498	1	**大爷，买个手机越买越贵。
499	1	这价格跌的比双十一还少一百
500	1	第一次买花屏，换一个又发热，唉
501	1	说带耳机子 结果没带耳机
502	1	刚买了就降价110，送了个扣子不保价，亏了。
503	1	刚买完就降价，卖家还不搭理
504	1	只有一个充电器 连个卡针都没有
505	1	辣鸡手机我**就不该买
506	1	自提点服务态度差。
507	1	其他特色：用五天，黑屏二次！
508	1	耳机都没有   劝大家不要买了
509	1	手机没有带耳机
510	1	好看，就是用了不到半天发热发烫
511	1	官方标配连耳机都没有
512	1	俩月时间不到，手机膜起泡了，
513	1	充电器坏了  找客服还不理人
514	1	配送很快很及时 快递员服务态度好
515	1	连个耳机都没有
516	1	啥都没有呵呵呵，
517	1	质量不好，性能不行，会不会是假货
518	1	辣鸡才用没有多久就开始发软
519	1	够买第二天就降价
520	1	居然没有耳机！
521	1	啥也没送  失望 就连一个耳机都没送
522	1	才买没多久就降价
523	1	耳机都没有，我第一次见买手机耳机都不送的
524	1	赠品一个也没有
525	1	这样子的客服，问题解决不了，就没有下文了
526	1	连个耳机都没有
527	1	手机不行，不知怎么搞的屏幕就碎了
528	1	手里发票都没有！
529	1	手机连原装膜都没有
530	1	外形外观：买两天就降价了也不给补差价
531	1	买来三天就降价了
532	1	才几天 又降价了
533	1	好脏，像是退货手机又发出来的。
534	1	买了没几天就降100多，还不保价，可以
535	1	一点也不好，没有耳机，卡屏
536	1	**，付款后，没有收到发货，目前没人及时回复解决
537	1	一个东西都没送，连**耳机都没有
538	1	严重鄙视?，刚收到就有赠品，不补发!
539	1	这连外包装都没有？以次充好！
540	1	618下单，6月26号发货，这里还是京东吗？
541	1	但独做个耳机孔不行吗？
542	1	手机发热，好像别人用过的
543	1	其他特色：无法打开卡槽正常使用
544	1	画面都给拉长了
545	1	耳机不能用，插上去没反应
546	1	拍照效果：扫个二维码扫半天定不了焦点
547	1	什么都没有送不怎么样
548	1	桌面上的app调整以后出现乱跑现象
549	1	运行速度：非常卡顿
550	1	配耳机线跟手机不匹配
551	1	发货慢，还买贵了，朋友买的便宜还送了礼物
552	1	买完就降价一百，不开心
553	1	不是有5G手机卡吗
554	1	开始说的有赠品收到货说没有赠送完了?
555	1	读个表格卡的一批，体验不好
556	1	根本联系不到客服，全是机器人回复。大家不要买
557	1	手机背屏什么材质呀。易碎
558	1	今天用了下耳机，不能用什么鬼
559	1	不是说有东西送吗？怎么没有呢？
560	1	刚玩一会为什么会发热
561	1	配的耳机线不能用
562	1	最烦的就是降价这么快
563	1	为什么没有保价，还没有半个月就降价100元
564	1	妈的连个钢化膜都没有，
565	1	待机时间：反正用电很快，我也不知道正不正常，电量特别不耐用
566	1	待机时间：不到一天
567	1	不是很好，有一点瑕疵！
568	1	新机就这样？
569	1	一直发热
570	1	运行速度不行
571	1	辣鸡
572	1	运行速度：慢
573	1	新手机开不了机
574	1	第一次在京东上买手机，回来手机开不了机，也是。。
575	1	这是怎么造成的
576	1	配的耳塞接口不对
577	1	这就是你们需要的客服回答。买了之后你什么都不是
578	1	网络不稳定打王者老是460往上
579	1	买了几天就降价100元，唉
580	1	外形外观：有两处刻伤
581	1	耳机听不了歌，转接头有问题，问客服不回
582	1	拍照效果：相机有问题晚上拍照片不能用，联系客服没人处理，
583	1	待机时间：待机不到一天，还发热！
584	1	外形外观：一般 待机时间：待机时间短耗电快
585	1	太卡啦，手机数据，不好用
586	1	出现闪屏问题，要求退换客服不解决。
587	1	感觉包装被拆封过，手机屏幕连保护膜都没有
588	1	其他特色：耗电特别快 服务还不好
589	1	发货慢就不说了 竟让比实体店还贵。。失败的选择。
590	1	手机是很好，但是隔天就降了100，申请价保被拒，这就不爽了
591	1	送了一条耳机线，请问手机的插孔在那里
592	1	视频发朋友圈压缩得像打马赛克一样真是气炸了
593	1	拍错颜色了，说换个都不回话。伤心?
594	1	手机不错，但是带的手机膜和蓝牙呢！手机壳我也是醉了！
595	1	客服不行
596	1	厚得一批，京东能不能请一些正常人送快递？
597	1	不能用 不一样
598	1	让我生气的是，我买一天后朋友买跟我价格不一样，我只有50优惠券，她有200让我不开心。
599	1	拍照不清晰，通话声音都听不见，不介意购买！
600	1	买了没几天就跌了100
601	1	不知道为什么，手机看电视老是发热，烦死了，后悔了
602	1	不太清楚为什么贴了个东西，还被撕开过。客服也没解释清楚。
603	1	业务员来送电话的时候着急忙慌的，弄的我电话本都没来得急导。就是催，说下班着急。还有好几个电话没送。
604	1	没有礼品，有点后悔！如果要买手机的朋友还是走实体店去买！
605	1	配的耳机压根就没有地方插，用不了
606	1	果然是一分钱一分货，简简单单的问题，自己品。
607	1	比实体店还要贵！????
608	1	待机时间短，你们送个耳机连接口都不对，怎么用？
609	1	新到手的屏幕就有划痕，厉害
610	1	网上比实体店贵300块，还没有赠品，买了后悔了，大家不要在京东买！
611	1	拍照效果：很一般，没有oppo好，我怀疑这是不是正品
612	1	电池不经用，手机没怎么用，早上8点100%的电，到下午6点就只有15%的电了
613	1	东西送过来，快递员直接给我放在丰巢，电话都没有打，配送员的电话也是打不通，现在配送的耳机也是错的。等待处理
614	1	耗电快，屏幕反应慢，比广告说的差远了
615	1	这可是type-c原装耳机呢，圆孔可时尚了。????
616	1	不想多说，发货问题，各种沟通无效。指纹，摩擦痕～～～
617	1	拍照效果：不好。
618	1	手机发热，换了一个还是一样，还不能退货。服务态度差。
619	1	耳机转接线不能用！已经过了半个月了，超过了三包时间了，算了-_-||
620	1	不知道你们的怎么样，我下了几个游戏，怎么感觉反应有点迟钝啊，有时候点不动
621	1	手机没有问题，可京东物流就不怎么样，收货地址详细两次转错营业部，整整耽误我两天时间。
622	1	待机时间：短
623	1	才买了10天的手机，掉水10秒主板烧了，电池漏电，屏幕坏了。
624	1	别买了把，一个月开始卡了，还是多花点钱买别的。
625	1	不要买，比较坑，广告打起有赠品，实际不一定，不懂的人就没有，退还退不了
626	1	听筒时不时没有声音，刚拿到新手机原装膜破损，原装膜与手机贴合处多有气泡！
627	1	使用耳机有电流音，声音大点手机背面振动，对不起这二千多块钱
628	1	贴个手机膜，后面玻璃竟然碎了，这质量，哎！我心也碎了
629	1	快递员给我放到代收点也不打电话给我 收到货拆开看了还没插卡用 不知道好不好呢
630	1	电池都装不进去，你们觉得好吗？
631	1	一点信号都没有
632	1	没有按键声！声音小
633	1	电池后盖有一个卡扣坏了，次品
634	1	怎么冲不了电?差劲
635	1	刚到手就将价了
636	1	手机挺好，就是免提不好使！
637	1	倒也可以    就是到手里就降价
638	1	昨天刚买的，没信号，便宜没好货
639	1	需要发票，可是包裹内没有发票。
640	1	不到一个月不保修，各种借口
641	1	铃声音量小，虽然便宜，但是不值
642	1	这个手机声音小，不咋滴！
643	1	送来是旧的别人用过
644	1	旧的，有划痕，呵呵呵果然
645	1	与实际完全不一样，
646	1	京东直得点赞  飞利浦必须加油
647	1	经常显示没有卡，自动跳转无服务。
648	1	我就想问，那个一键拨号为什么没有！
649	1	特别不好，没法使用
650	1	网上看着不错 收到货后看着不值
651	1	飞利浦官网没有这个型号，假货吗？
652	1	手机什么都好就是来电铃声太小了。
653	1	没来电振动。不值这个价
654	1	用不了一个月就认不到卡了
655	1	京东也不靠谱啊，没几个月就冲不进电了
656	1	不清楚帮别人买的
657	1	操作繁琐，老人基本用不了
658	1	一般般，百多块的手机就这样。
659	1	还没用，应该还行。
660	1	坏了，充不进去电。
661	1	物品还可以，可送货员态度太不好了，不想送！
662	1	手机太小巧玲珑了吧
663	1	然而并没什么用
664	1	用了两天就坏掉了
665	1	来电声音特小，有时会自动关机
666	1	我想给0分可以吗，用了两个月屏幕已坏。
667	1	手感不好，功能差，不值这个价。
668	1	玩具手机，差差差
669	1	声音太小，服务很好
670	1	现在用着还不错，以后再追评！
671	1	手机做工不好按键松散
672	1	东西一般般，不怎么好用
673	1	外放不好，听不清楚。还不给保价
674	1	还没用两天就坏了
675	1	很一般。。。强行买了个老人机使用
676	1	信号差到不行，强烈要求退货！！！
677	1	这个手机不待电，还是别买了。
678	1	手机信号不好电池不耐用
679	1	为什么有电手机自动关机电有百分之八十
680	1	功能不够人性化，不能手动熄屏，
681	1	按键漆掉了，都推卸责任，问谁都说找其他人
682	1	手机按键经常卡住，死机
683	1	这是老年机？京东自营也开始搞笑了
684	1	买的手机没用几天就坏了
685	1	使用两月机子开不了机了，不知道什么原因
686	1	刚拿到手就掉了个按键，
687	1	差，差，声音太小～～按键不怎么好
688	1	手机是坏的，听筒没有声音
689	1	声音跟蚊子似的，有电话根本不知道
690	1	没上卡待机一天都待不了哎
691	1	正在申请退货，将根据退货处理情况再跟进带图片的评价
692	1	用一个月就坏了
693	1	信号不当稳定  没有别人八十的好
694	1	差差差，么还用好久按键就不灵了，
695	1	有时候会听不到声音，不好
696	1	音量调到最大还是小
697	1	声音小，待机时间短
698	1	有缺陷，没有蓝牙
699	1	手机质量不行，卡屏，白屏，死机
700	1	一般，没有想象的好
701	1	没有想象中的那么好，觉得不值这个价钱
702	1	屏幕好小，关键是价格一下又降了买的时候是119
703	1	根本用不了，装了卡没信号
704	1	现在是4G了，你卖2G信号的手机？
705	1	不到一个月就坏了
706	1	一天一充，没有说的有半个月一充
707	1	通话质量差，听不清
708	1	通话一分钟后会自动断线，网络又不好
709	1	声音没办法调大小  还不如附近手机铺里买个
710	1	待机时间：时间特别短
711	1	哪个设计师设计的后盖，根本打不开
712	1	给老人用的手机，买完就降10元
713	1	手机没有描述的那么好，凑合使用吧！
714	1	还快二百块一个手机，都没有上次买70块的好用
715	1	声音小，字体小，不舒和老人用。
716	1	手机收到后装卡，无法使用，是坏的！！！只有退货！
717	1	手机收到后装卡，无法使用，是坏的！！！只有退货！
718	1	手机收到后装卡，无法使用，是坏的！！！只有退货！
719	1	开机麻烦，不行。
720	1	昨天刚到货，今天屏就开不了了。
721	1	有可能是我运气不好
722	1	京东的质量越来越差，坏的手机都能拿出来卖
723	1	破手机老是没声音感觉水货
724	1	刚买没多久就来个60优惠券 服了
725	1	其他特色：手机不支持网络类型选择。真的很闹心！
726	1	手机有系统性的缺陷！反应迟钝 不建议购买
727	1	卡，指纹解锁有问题
728	1	手机经常出现铃声失效，需要重启才能恢复
729	1	wifi 连接不了，手机外观还可以。
730	1	有点差  玩吃鸡都卡 还游戏芯
731	1	运行速度：玩游戏卡不行啊
732	1	这才几天就出现了卡顿
733	1	充电器插头用没到一个星期坏了，就充了一次电
734	1	这已经是第二个了  还是经常打不出去电话 。。。
735	1	拍照效果：闪光灯打不开，问客服没人理我
736	1	容易发热，玩二十分钟就发热了，不容易散热
737	1	搞笑啊？G85是游戏芯&hellip;&hellip;
738	1	外形外观：包装的时候估计没包好，有东西
739	1	运行速度：卡
740	1	玩游戏卡
741	1	卡的不行，反应慢
742	1	连个耳机都没有，问客服都是自动回答的
743	1	玩游戏卡，这是真的。。。
744	1	一般，甚至还闪退了一次qq
745	1	打游戏卡顿，界面卡顿不流畅，刚买的
746	1	除了系统好用外，其它方面全面落后荣耀v20青春版
747	1	有点卡，没有耳机，音质不纯，客服不理人
748	1	我要绿色。给我发了个蓝色，这个膜也贴歪了
749	1	不兑现承诺，没有耳机，要不是着急，都应该给退了
750	1	电池不耐用 连客服都没有?
751	1	不好用
752	1	刚收到货，但是SIM卡卡槽用卡针根本打不开！！！！
753	1	我感觉手机被别人用过的，送过来的时候手机那块纲膜已经被人贴过上去的又贴不正
754	1	电池没有那么耐用，扬声器喇叭经常没有声音
755	1	就是没有耳机每个手机都带耳机他家去没有
756	1	运行速度：也就适合接打电话 看看新闻 玩个王者卡的走不动
757	1	运行速度：打个部落冲突都卡成这样，**了吧
758	1	手机已经好几次出现没有声音了，要重启以后开机才有声音
759	1	手机总体感觉一般，新手机，时常会出现卡滞
760	1	快递先给顾客打电话，先等个一刻钟，你方便了你自己，顾客下面喂蚊子！
761	1	运行速度：不好有点卡
762	1	外形外观：颜色和商家照片不符   买了也不好调麻烦
763	1	充电宝呐？？
764	1	怎么那么小气，就配一个充电插头，耳机都没有
765	1	电池充电慢而且不耐用
766	1	屏幕显示效果着，不够清晰纯净！摄像头边模糊！
767	1	不太好用，不到一个月屏幕有点失灵，还没有原来的5PluS好用
768	1	耳机都没有反应有点慢打游戏，屏幕会变暗
769	1	不好用卡得很，
770	1	容易死机，而且会发出奇怪的声音 屏幕音效：不好
771	1	货都没收到，也不打电话我，打不通就默认收到，钱照收。第一次碰到这种商家。我坚决投诉
772	1	奇怪，新机为什么开机后相册里会有别人前几年的旧照片。请解释一下。
773	1	这是新机吗？里面怎么有这么多联系人，手机来电铃声动不动就不响了，请问怎么售后
774	1	买回来第二天玩着玩着卡机嗡嗡响，关机键按了好一会才好。
775	1	实物和图片色差太大！手机一般，比不上最早的小米5系统流畅，一文价钱一文货！
776	1	买来第二天就出现来电没声音，视频也没有声音！现在已申请返厂维修了！退换货时间到了。
777	1	塑料机身，系统是小米11系统不是12系统，不值这个钱，699可以考虑。
778	1	刚在新闻上看到 京东和高通合作5G了！真后悔！果断卸载！！！！
779	1	刚到手屏幕直接打不开 人傻了
780	1	没收到货！！！0分
781	1	今天下午刚到的 已经开不了机了 客服让我自己修....
782	1	手机不怎么样，送给朋友的，朋友说发烫，质量差，外观还可以，运行速度一般
783	1	麻烦你们来个人处理我的问题，刚买的使用一天手机一直滚烫，老年人在用，我怕手机发生爆炸！麻烦立即来个人处理下
784	1	使用不到一个月距离感应就坏了，明明屏幕前面没遮挡，总显示遮挡了
785	1	屏幕音效：百元机的屏幕，果然一分钱一分货
786	1	在太阳光下屏幕都看不清，你小米&hellip;&hellip;，唉&hellip;&hellip;，还不如2017年的小米max
787	1	已经收货，但是屏幕显示屏有黄斑，质检不过关，已经联系退货，准备重新买个好的。但是得等7天。等后续吧&hellip;
788	1	&ldquo;卡槽&rdquo;自己弄烂了也挑不出来，还没开机就维修；退货还麻烦，只有自认倒霉。
789	1	虽然快递很快 但是手机也有弊端 不知道为什么手机总是出现这种情况 客服也说明不了情况 无奈
790	1	刚开封的手机，屏幕上就有使用过的痕迹，有人的头皮屑，灰尘。
791	1	既然玩了下吃鸡游戏，就黑屏，不能正常使用了！还没有耳机赠送&hellip;&hellip;，哎
792	1	玩游戏非常卡。  头晕   充电非常慢用电非常快
793	1	400的平板都比这快几倍。玩游戏还是玩小游戏吧（小游戏也未必不会卡）。
794	1	发热厉害，建议不要买
795	1	能不能在页面说明清楚，手机盒里面带有原厂壳，害得我还格外勾选手机壳，格外白花钱。你们不会是和手机壳商家勾搭好的吧
796	1	这款手机真的不好，还是新机呢，用起来就有点卡，待机时间长，其他的没有优点了，
797	1	充电器不是原装的，手机昨天到的，昨天晚上充电莫名就充不进去，一直到现在也充不进去电。
798	1	手机不像是全新的，收到货之后手机已经没有保护膜了，买过小米手机的都知道新手机会有一张为发烧而生的保护膜，我买的这个手机收到就没有保护膜，贴好的手机膜倒是有一张
799	1	外形外观：外还可以 屏幕音效：不够亮 拍照效果：拍照效果不清晰 运行速度：速度很慢卡死
800	1	今年年5月新出的，一千块的手机，刚到手，只是滑动屏幕竟会卡顿，我不竟陷入了沉思?
801	1	其他特色：不好
802	1	运行速度：手机是不是好用还不知道，一起买的手机套和膜是真的难受，手机有自带的手机套和膜，还优惠套餐，又得浪费时间退！
803	1	开包装屏幕上就有条划痕，找了商家也没用，常年在京东上买东西，看样子也不行了
804	1	才几天就死机
805	1	入手好几个红米，这个手机是有始以来最差的，手机容易卡机，精彩没有声音需要重启，呵呵，再见
806	1	外形外观：可以 屏幕音效：可以 拍照效果：一般 运行速度：垃圾，很卡 待机时间：可以 其他特色：除了卡没有特色
807	1	我订白色的，发成蓝色了，到手没几天，手机突然充不进电了，充了几个钟，电量不升反降
808	1	屏幕色彩失真  显示效果不好  照相一般
809	1	外形外观：一般 屏幕音效：一般 拍照效果：一般 运行速度：差 待机时间：还行 其他特色：*****吧
810	1	拍照效果：前置相机太雾
811	1	小米真的抠，就送一个转接线和透明硬壳
812	1	外形外观：屏幕都开胶了
813	1	我要的黑色的，发过来的是蓝色的
814	1	其他特色：这手机没劲，果断买了
815	1	我买了充电宝为什么发货少了的？？？
816	1	屏幕上有一条细小都划痕
817	1	才买了十几天就大降价
818	1	我才买了多久，给我降价这么快？？？闹呢啊
819	1	这算什么  不保价吗  直接降了三百块
820	1	换货后无法购买增值服务
821	1	刚卖回来锁屏键就不灵
822	1	说好的价保618 前几天降价还能保，到现在就不让保了
823	1	手机自带膜特容易起边
824	1	前一天买的，第二天就降价200。
825	1	买过就降价，差差差
826	1	我去，行不行，我快递还没到手你就降价200
827	1	手机发烫掉电快不知道啥原因。别的还好。
828	1	申请保价说没这个商品
829	1	差到死还是国产屏
830	1	转接口是坏的，也不给补发
831	1	成功入坑，是国产屏
832	1	屏幕绿屏，还没反应
833	1	半个月降了300，还不给保价
834	1	手机没电关机后一直充不进电
835	1	我买了半个月就跳水 真好
836	1	玩个王者荣耀没上壳，烫得手拿着都疼
837	1	其他特色：手机巨烫，耗电很快
838	1	才几天降了好几百，还不能申请参加
839	1	屏幕音效：屏幕不是三星的难受
840	1	刚买就降价，能不能不差价
841	1	我换了个手机 赠品没有了
842	1	618价保就是摆设，手机没问题
843	1	刚买一个星期多，就出现了跳屏的情况。心态爆炸
844	1	图片上的那里还能看到胶
845	1	说好的6.18期间价保，结果呢买贵了500块，痛心呀
846	1	不给保价，还保价618呢。618当天凌晨4099。
847	1	首页上说是的3799，付款了一下子变成3999，这不耍猴吗。哥哥。
848	1	充电器不到一星期就坏了
849	1	同一时间买的同一配置别人为什么比我便宜300元，
850	1	手机还可以，给一星主要是不到半天的时间又降价了八十八块钱，保价还通不过。
851	1	外形外观：买了几天就掉了200
852	1	手机好卡好卡啊不值得这个价
853	1	刚买完降价，盒子全都是磕上的印
854	1	恩，早买1个月早花1000，这波可以。
855	1	就隔了一天，降了价不给退钱
856	1	我才分手还了一个月，他就降价这么多？？？
857	1	不支持电信虚拟运营商
858	1	才买几天，就死机？？？？
859	1	买了不到一个月降价200，又过了几天降价500
860	1	今天手机黑屏了两次！
861	1	充电什么都不干就发热
862	1	这是新手机，你信吗？反正我不信
863	1	屏幕音效：屏幕辣鸡，音效还行。
864	1	后摄像头烂了一点点，
865	1	拍照效果：除了聚焦点其他地方会模糊
866	1	手机上全是灰翻新机实锤了
867	1	两天掉价三百多，谁敢相
868	1	屏幕音效：屏幕偏红，退货了
869	1	买完就降价还不给价保，服了
870	1	为什么一直连不上小米自己的蓝牙耳机啊啊啊啊啊啊啊啊啊
871	1	外形外观：屏幕有划痕， 其他都好
872	1	屏幕音效：显示效果非常好
873	1	过几天618的时候又降了300多块我吐了
874	1	外形外观：这个这是我下单换的第三个手机，依然这样！
875	1	连个耳机都不舍得送
876	1	客服处理不了问题。
877	1	才买两天就降价了，你觉得我能开心吗？
878	1	我都等吐了，没有一丝丝热情
879	1	换个内存也不给换，一次性消费
880	1	买了不到10天降了300爷吐了
881	1	刚买第一天，闪退。
882	1	屏幕音效：屏幕好厉害
883	1	真的是为发烧而生啊
884	1	外形外观：刚拆机，就有掉漆，
885	1	20号到的不想说自己看
886	1	这样降价，以后小米的东西绝对不买首发！
887	1	手机还没用，但是这个物流是真的差。
888	1	里面的包装有点赃，应该是别人使用过得，又发出来了，客服就是个电脑人
889	1	讲的618全程价保，现在又降价300块，现在又不支持，
890	1	不到一周降两百，价格保护就是屎
891	1	不怎么样啊！反应有点迟钝
892	1	这手机一点也不好发烫
893	1	物流很好，只是怎么感觉手机是翻新的，被骗了
894	1	怎么不保价，多花了300，难受
895	1	618当天3699    前几天卖了3999保价也没得保价。。。
896	1	一天几个价，保价形同虚设
897	1	不怎么好用，识别不了指纹
898	1	降价了，给商品换了个编号，不给保价。
899	1	不知道这个评价能不能通过，明明是降价了，也不价保
900	1	屏幕音效：翻车了、有沙沙沙声音
901	1	刚刚买两天就降价，一下买两个，差价都不补
902	1	外形外观：外屏有点毛病
903	1	运行速度：买了的第四天，反正我是指挥不动它
904	1	不开心  平时优惠券死活抢不到  双十一突然有了四百券不说一下就抢到了
905	1	刚买二个星期马上就掉价了
906	1	外形外观：镜头表面有问题
907	1	外形外观：有问题，有磕碰
908	1	品控没做好，摄像头上有灰！
909	1	刚买两天活动优惠差价100。 什么鬼啊
910	1	不是有个赠品吗？东西呢？
911	1	春节买的都不免息，买完了免息了？
912	1	屏幕音效：屏幕不能旋转
913	1	买完后几天就有200元券。为什么
914	1	到手就降价100还不给保价
915	1	比实体店贵几百
916	1	我东西都没收到就点完成了？
917	1	不理人，什么客户，拉黑
918	1	我想，你们是不是欠我一个解释？
919	1	摄像头进灰，不给换，呵呵。
920	1	双十一便宜300，不给退价保
921	1	客服不回话？请问价保有用吗？这降价降的
922	1	外形外观：有缺损，客服换货各种原因限制
923	1	都是自营标几个价
924	1	手机壳写的是服务居然不能购买，体验差
925	1	价格不稳，***一会多一会又没有
926	1	待机时间：送快递的不行
927	1	才买几天，就降价三百，心塞啊！！！
928	1	手机满意，快递不满意，要投诉
929	1	待机时间：电池用不住实话
930	1	没有送的东西。连个膜都不送。一般！
931	1	其他特色：手机信号真的不好
932	1	买完就降价，还没办法保价，说是北京劵不参与
933	1	还好吧信号不好
934	1	双十一降价这么多还免息，难受
935	1	第二天我的面部就录不上了
936	1	外形外观：新机摄像头会有缺口。？？？
937	1	外形外观：侧边有碰伤
938	1	其他特色：信号差 屏幕暗
939	1	连续玩了三个小时，发热几个意思
940	1	买贵不给补差价，就两天
941	1	退货换的新机，正在观察中。给快递物流满分。
942	1	原装充电器坏的?
943	1	外形外观：后盖轻微破损。
944	1	刚买完就降价   说保价客服也不回消息    辣鸡
945	1	电池会发烫什么原因
946	1	服务态度就不想说了
947	1	买完半个月降价300，还没有价格保护。
948	1	拍照的时候突然这样？手机才买几天
949	1	才买两天降价几百，笑到哭了
950	1	又贵啥都没有，大家不要买
951	1	刚买就出优惠400。体验极差
952	1	摄像头进灰换了
953	1	打游戏充店越充越少了还发烫
954	1	闪退什么操作？才几天
955	1	拍照效果：晚上拍照的时候摄像头反光有白点
956	1	手机是官换机质量不行建议大家不要买，我都后悔了
957	1	价格比爱回收卖贵了300块 还要和人家合作 真的是过分！
958	1	买了没几天已经白屏两次了。
959	1	连个壳和屏保都没送
960	1	服务态度不好 运行速度：比较慢
961	1	老是断流  而且买完就降价？
962	1	客服服务态度差
963	1	手機無法上網，手機廢了
964	1	手机冲不进电了
965	1	不是说支持反向充电吗？被骗了
966	1	手机的静音功能失灵，用不了
967	1	买不到一个月 问题出现几次
968	1	扎心了，过了一个月保价期了，然后就降价
969	1	耳塞一边没声的
970	1	手机经常没信号，客服也联系不上！！
971	1	价格波动快。并且不能保价。客服人员装聋作哑不推荐在此平台购买。慎重
972	1	才到第一天出现异响
973	1	待机时间不长  打游戏会发热
974	1	物流客服不好，物流信息不更新，询问物流信息没人搭理，也没有赠品
975	1	不好 买完就降价
976	1	不好什么都没带就一个手机什么东西壳
977	1	不如华为，买后悔了
978	1	待机时间：不咋的
979	1	手机背部有指纹，是什么鬼？
980	1	外形外观：不知道这摄像头上怎么了，总是有印
981	1	买完不到一周就便宜400，不满意的一次购物体验
982	1	昨天刚到货 今天就降价
983	1	买完没几天，就降价500了。大家要买要注意了。谨慎。
984	1	屏幕有三个坏点
985	1	手机偶尔有点烫手
986	1	我女朋友不喜欢我想退不给退
987	1	三天屏幕锁锁了我俩次 服
988	1	没有送膜也就罢了，好歹也得送个手机壳！
989	1	易发热，信号差，都是真的，没法用
990	1	说好的赠品呢，一个都没有
991	1	为什么没有发送赠品呢
992	1	售后客服是摆设，几天都不回复
993	1	真的没话说，过了凌晨下单就不送充电宝。
994	1	手机不错，客服态度不好，来来回回只有一句话，对顾客态度极不负责，店大欺客。
995	1	买手机看着有赠品，买来什么都没有。
996	1	屏幕上面有五六道划痕
997	1	买了一个月降价了200块钱
998	1	降价能不能在快点 不到一个月降300  哎
999	1	客服不能解答问题
1000	1	刚买没几天就降价真扯
1001	1	买来10天 直接降价300.....这还要我好评？
1002	1	外形外观：有划痕
1003	1	外形外观：我要的是绿色结果给我发了个蓝色的
1004	1	刚买完几天就降价300，还不能保价
1005	1	恶心人，用赠品防止保价，买完没多久就降了几百，套路
1006	1	假得要人命，买手机没有耳机的
1007	1	才买一个月，降价300，真的是服气。
1008	1	这没耳机的我的天
1009	1	东西不怎么好，拍照也不怎么样。
1010	1	线上质量不敢恭维，有瑕疵。
1011	1	手机为什么是1*月11号就激活过了的？
1012	1	拍照效果：不怎么样 运行速度：慢
1013	1	买了不到一个月 又降价两百多
1014	1	买不到一个月降价300，关键当时还是新品
1015	1	连个耳机都不送，这么多年第一次遇到。
1016	1	手机是真的差，打开个东西半天，
1017	1	不好，没几天手机就有问题了！
1018	1	**** 不是说没赠品嘛 现在又开始送
1019	1	10天降300，价格跳水尿性依然
1020	1	屏幕音效：差差差总之就是差
1021	1	待机时间：其他还不清楚，就手机耗电快
1022	1	屏幕有点失灵啊！想想退货！
1023	1	刚买3天降价300，实在让人心寒
1024	1	屏按着像快掉了一样
1025	1	没买几天就降价了，充电时间长
1026	1	心里不平衡昨天刚买今天就送赠品
1027	1	收到手机有瑕疵 还不管
1028	1	手机有明显使用痕迹，客服解释正品包装
1029	1	说有个卡送的，一直不发货，最后还取消了
1030	1	刚买了没有一个月就降价了，一个月降300醉了，还不能保价
1031	1	不好用，再也不买华为了
1032	1	机没问题就是贵啊！这同一时期比深圳的贵400多
1033	1	才没几天就降了200元，这心情
1034	1	运行速度：感觉挺慢的，还有点卡
1035	1	不爽的就是，客服都不理人
1036	1	买完以后降价两百，好的
1037	1	手机可以 就是客服是死人 从来不是人回
1038	1	不是说有手环送吗？只送了个充电宝
1039	1	手机是好手机，就是服务态度不好，什么问题都解决不了
1040	1	才买3天降价200，后面又降价补贴不了，怎么办
1041	1	刚她妈买几天就降价300，挣点钱容易吗我
1042	1	买完他就有赠品了，难受
1043	1	刚买一个月应用就闪退，卡屏
1044	1	有用过的痕迹我就呵呵了。
1045	1	刚买就降价，真的不舒服，还不能保价
1046	1	****，买了半个月就降价400,脸真疼
1047	1	相机放大后要闪退，，，，退了又重新打开?
1048	1	手机老出现卡死现象
1049	1	不到一个月降价三百
1050	1	买了20来天就降价300，一点不保值。京东不行
1051	1	线上质量有瑕疵。
1052	1	没耳机，圆孔的又用不了
1053	1	收到快递的时候东西竟然被拆开了
1054	1	买了还没有20天呢就降了300元，就是搞活动也不待这样的啊
1055	1	刚买新机插卡不能打电话
1056	1	没有手机耳塞！基本配置都没有。
1057	1	荣耀的数据线都这样？不敢恭维
1058	1	打王者都黑屏要重启
1059	1	玩和平精英还是卡的要死
1060	1	客服那么慢，物流又那么慢。体验店都还配件配，退货。
1061	1	就用了10天没声音了。已经申请换货。
1062	1	拍照效果：拍照效果很一般，不是我想要的
1063	1	手机拍照发热严重没有第二只有第一都想退货了
1064	1	没有耳机 不能同时充电和耳机孔
1065	1	这个不是用旧手机置换有补贴的吗，为啥我的没有
1066	1	我也不知道是啥原因不到半个月，我买的加屏幕险3200多这个一共下来差快600麻烦大家看看
1067	1	手机什么都不送，耳机都没有，就送个转接器
1068	1	刚打开怎么没有耳机，难道是忘了？
1069	1	这手机连耳机都不给配送，还得自己单独买
1070	1	手机壳，能把手机弄掉漆?
1071	1	手机套配不上，网购的都是荣耀20的套不好用
1072	1	手机没用一个礼拜就便宜200元，京东保价也不怎么样
1073	1	收到货后第八天就降价，厉害。
1074	1	没有售后服务，配件不齐，联系客服没人理
1075	1	运行速度：手机运行速度慢。在京东买上二手手机。
1076	1	啥啥都没有就一个充电器，啥东西
1077	1	开通白条前跟开通白条后完全不一样，以后都不相信京东了
1078	1	新机刚用一两个月就出现卡顿！实在想不通！
1079	1	买个手机没有耳机，我怎么用
1080	1	良心不会痛吗？这才20多天
1081	1	一般般吧，不值这个价格
1082	1	辣鸡刚买几天就降价
1083	1	说好送的礼品一个也没送
1084	1	才刚刚买了2天  玩一下就发烫了
1085	1	价格比别家贵很多，没有享受到，618价格
1086	1	朋友买早三天送手环，我就晚三天啥都没
1087	1	发票呢，怎么没有发票
1088	1	618买的4258，10天不到就这？
1089	1	不到一个月就掉介500。
1090	1	一个月手机就开不了机了
1091	1	刚刚打开手机用了几分钟太热了
1092	1	物流伤心了
1093	1	比外面贵很多
1094	1	外形外观：太小
1095	1	说好的有小礼物啥都没给
1096	1	为什么不给我多送耳机？
1097	1	什么赠品都没有
1098	1	买了就后悔的手机
1099	1	运行速度：太卡了 待机时间：还行吧
1100	1	客服不行，啥也不是
1101	1	视频5分钟过热，关键是能不能爆炸
1102	1	变相降价，还没有价格保护
1103	1	才买一天，第二天就直接黑屏坏了。
1104	1	为什么****全程保价15天？？？ 买了8天掉价500
1105	1	手机视频容易发热，视频声音不太好。不如以前的华夏
1106	1	为何新手机，昨下角就有一道黑杠？怎么处理想了解？
1107	1	手机用了二十天没到主板就坏反厂换新给我发原来那个旧的回来
1108	1	说话不算数，千万别上当
1109	1	收到快递我就打开看了一眼，背面摄像头位置有一点点破损
1110	1	当天买，当天降价。不退货，不减价，处理服务态度极差。
1111	1	以后千万不能提前买 618当天又降100 还不能618保价 都是套路
1112	1	买不到几天就降价了，还是几百块的说不过去
1113	1	我不需要你帮我确认收货，你这样搞我怎么售后哦
1114	1	所谓的5G，转呀转呀，终于转进去了
1115	1	手机发烫，电池不是很耐用，刚买就掉价了
1116	1	拍照效果：差 其他特色：没看到 外形外观：小 屏幕音效：不太好
1117	1	刚刚买才10天就降价  操
1118	1	618买的，719坏的，不能退不能换，只能售后，啥也不说了。  等待售后在追评
1119	1	手机反应速度有点慢
1120	1	我是倒霉连续中招了还是承认华为不给力呐
1121	1	手机下载东西温度2分钟就开始烫手，6.18买的，不知道什么时候自营店一个星期才能送到
1122	1	拍照效果：无法扫描电子二维码，因为手机买了10天无意中扫描电子码才发现
1123	1	每天自动关机开机好几次！
1124	1	除了没有用到的5G功能什么都不值得买。
1125	1	除了好看，不值这个钱
1126	1	运行速度：说你们不信拍个视频看看 能不能给个交代
1127	1	就那样吧。不是商家的原因，是P40手机真的不行
1128	1	外形外观：一般  屏幕音效：一般 拍照效果：一般 运行速度：一般 待机时间：时间短
1129	1	拍照效果：老婆不喜欢拍照效果
1130	1	赠品坑平民百姓
1131	1	售后啥也干不了
1132	1	信号不好
1133	1	保价你妹
1134	1	将那个烂就
1135	1	16号刚买的，18号直接领券减200元？？？？？
1136	1	拍照效果：拍照效果太模糊了。
1137	1	赠品设置各种条件借口迟迟不肯发货
1138	1	摔成这样，手机又没有防伪。这不是二手手机吗？
1139	1	打着6.18的旗号搞促销，买完一周后就打九折便宜400块钱还不让申请价格保护，不补差价。
1140	1	其他特色：看视频声音变小，退出来再进才恢复
1141	1	什么玩应，指纹不好使。这手机还不能贴膜了
1142	1	同一个地方，同一个张卡，这个手机还没有vivo**0的网络好
1143	1	屏幕易碎
1144	1	拍照效果：摄像头有问题，聚焦不成功，二维码闪光。拍照有重影。
1145	1	拍照效果：差
1146	1	手机开不了机
1147	1	卖的比专卖店贵，不合适，有种上当的感觉，专卖店还送礼品
1148	1	买的时候就想到了。才几天啊，就开始变相降价。我咋支持你，我的华为。
1149	1	后置摄像头暗间拍摄有问题
1150	1	买来打电话有时候会出现没声，断声的现象，客服也都是一些官方套路。
1151	1	运行速度：太卡，信号不好，卡网，有时候断网 屏幕音效：不太理想
1152	1	来电需要两次接听才听得到对方声音
1153	1	说好的7天无理由退换，我只是想换加钱换一个POR炒作这么麻烦！
1154	1	服气，用了半个多月耳机有松动！动不动就掉了
1155	1	塑封内部外壳有划痕，二手机。已退货。
1156	1	P40的配置简直就是乞丐版的、N多功能不支持这个价格完全不值得
1157	1	手机会有一些小毛病，比如截屏不好使，等等
1158	1	买了还不到一个月就有问题了，切换前置摄像头闪退
1159	1	拍照效果：自拍脸色偏红没有办法调
1160	1	刚买了不到一个月，手机屏幕右侧有一道红杠，去售后服务店，说要换屏，呃呃呃
1161	1	拍照模糊的一匹。和魅族16s差远了，不要说抖动，两手机拿一起拍的。
1162	1	价格虚高。门店仅需3688。差了接近1000块。
1163	1	使用三天，正常使用，看了下时间就突然黑屏，强制开机也没用
1164	1	手机充电发烫，没充一会就烫得要死，联系客服都没人回应，全是机器人
1165	1	买的时候看见有赠品 蓝牙耳机  为什么没有
1166	1	指纹打不开，有售后么
1167	1	待机时间：一晚上掉电百分之二十，手机我怀疑是组装机
1168	1	手机用着是不错，我7月7号京东买的，8号到的货，我姐9号晚上在实体店给我外甥买的一模一样的机型比我在京东买的便宜500块钱，京东太@了，手机已经使用不退了，以后不会相信京东
1169	1	用了可能一个月左右，所有东西都是原装。但是充电的时候拿手机竟然有触电那种麻麻的感觉。
1170	1	物流真快，就是售后随便找理由不让退货，买了就上当了。
1171	1	才用两天就出现了卡的不能动的情况，我服了
1172	1	手机还行就是京东不怎么样店大欺客呀
1173	1	有些软件定位系统不好。
1174	1	手机一般，而且耳机也没有
1175	1	不好用，不送耳机的
1176	1	双十一后便宜了，我亏了
1177	1	只能是一言难尽。
1178	1	售后服务差的恶心
1179	1	买的新机，发来的机子不是原封的，
1180	1	买了不到一周就变相降价
1181	1	说好了我的小天鹅音响那？
1182	1	缺少钢化膜，耳机
1183	1	双十一买的比平时还贵。
1184	1	功能有些不太灵
1185	1	所谓的保价到双十一呢，比当天贵了一百块钱
1186	1	自拍的摄像头是歪的
1187	1	为什么没有耳机？
1188	1	屏幕音效：屏幕有点断触
1189	1	新手机不是配有耳机的吗？我的耳机呢？
1190	1	为毛充不进去电
1191	1	顶部不好划下来，
1192	1	外形外观：前置摄像头居然是歪的。
1193	1	运行速度：有点慢
1194	1	买来第三天就降价一百，不知道什么意思
1195	1	第七天降价了，不能保价@不
1196	1	为什么没有配耳机
1197	1	手机网络不太好。
1198	1	其他特色：买完就降价 还不能保价
1199	1	屏幕音效：屏幕不太满意
1200	1	也就那样，配件都没
1201	1	前置摄像头没两天就坏了
1202	1	外形外观：耳机都没有？怀疑是否正品
1203	1	联系人手机号码居然不能存sim卡里
1204	1	没有耳机，一般般
1205	1	刚买就便宜了，什么意思？
1206	1	为撒子耳机都不送一附给我
1207	1	手机还可以就耳机都没有
1208	1	辣鸡，在也不在京东买东西了，
1209	1	刚买没几天，用的卡的要死
1210	1	七天进了一次水废了
1211	1	刚买几天就有赠品送，价保都没有！
1212	1	刚买不久就降价了
1213	1	买了几天就降价，靠
1214	1	买一天完就降价
1215	1	刚买就降了两百
1216	1	外包装拆过，内包装有灰尘，脏。
1217	1	没有耳机谨慎购买
1218	1	网页放视频怎么卡呀，直接放不出来
1219	1	吐血，刚买就降价了，保价7天！厉害
1220	1	啥情况呀，连耳机?都不给
1221	1	赠品数量有限，我都没有看到提醒有
1222	1	什么都没送。服了
1223	1	送手机，没送耳机，套餐里面明明有的
1224	1	辣鸡售后根本不理人
1225	1	买完就降价，恶心
1226	1	山东农村的，现在买东西都不送到家了吗？
1227	1	接电话点不动   接不了电话
1228	1	买了没多久就降价了
1229	1	外包装纸箱都开了
1230	1	手机没什么问题，就是买了一个多星期就降价200，还不保价。
1231	1	摄像头是歪的，我懒得换了
1232	1	刚买就降价，醉了
1233	1	我想知道为什么没有耳机
1234	1	刚买了就降价，还送东西
1235	1	一般买手机不都送耳机嘛 这个早3你们没有送
1236	1	不知道怎么回事，电池不耐用
1237	1	不行，根本就玩不了
1238	1	其他特色：服了，头一次见买手机不送耳机的。
1239	1	为什么连耳机都没有
1240	1	买回来没两天就降价了，跟客服说话也不搭理
1241	1	机子右下角有明显的缺陷
1242	1	物流不是一般的慢
1243	1	手机膜有瑕疵，没有得到解决
1244	1	手机居然没有耳机、
1245	1	这么快就降价，真扯
1246	1	买来扬声器就没有用了！
1247	1	居然手机里连耳机多不配
1248	1	说好送耳机的呢 耳机哪儿去了
1249	1	不显示运行内存，是不是假的？
1250	1	运行速度：卡，反应慢。怀疑被拆过包装
1251	1	把展厅上的手机，重新装盒发过来，套路太深了。
1252	1	拍照效果：差 待机时间：短 运行速度：慢
1253	1	降价第一名，买完就跌价，还不是跌一点半点。
1254	1	买完一周降价300，客服还不理人
1255	1	手机钱配件，问客服居然人回回我。
1256	1	送货到家，为啥最后变成了去取货，
1257	1	诱导提前消费，买完就降价，客服不理人
1258	1	买了不到一个月  降价了
1259	1	买的手机就带个充电器其它耳机都没有联系客服好几天没回复
1260	1	其他特色：买贵了，没买多久就降价了。
1261	1	机子通话有问题
1262	1	卡，假死，屏幕漏光
1263	1	东西不错，不过刚买完就降价200，不给申请价格保护。
1264	1	问题手机  打电话对方老是听不到声音
1265	1	发热 ，卡 运行速度：有点慢
1266	1	摄像头那里的屏幕漏光
1267	1	真就一个裸机啥也没有
1268	1	手机视频镜头总是闪烁，不正常吧
1269	1	外形外观：外观好看，内涵不加评论，
1270	1	手机信号满格，网络连接不上
1271	1	买的国产潮礼盒装，送过来的却不是
1272	1	怎么没有耳机配送
1273	1	用到现在卡的要死
1274	1	充不进电，高温保护，这么凉快的天气
1275	1	发的瑕疵品，换货回来的。
1276	1	外形外观：摄像头底部居然会漏光
1277	1	手机一直断网千万不要买，我已经申请退货了
1278	1	运行速度：玩游戏也很卡
1279	1	手机不好下次一定不卖了
1280	1	物品已收到没有耳机
1281	1	说的送充电宝结果没送，刚买没几天就又送好多东西
1282	1	非常糟心的一次购物体验
1283	1	买来用了半天屏幕就坏了
1284	1	我买的是k30极速版结果给我发过来的是k30i&hellip;唉&hellip;&hellip;
1285	1	运行速度：卡卡卡卡卡
1286	1	刚买过就掉价了?
1287	1	中午过保价，下午就降价。。。
1288	1	不知道为什么老是死机
1289	1	降价比流水还快，最后一台小米产的手机了。
1290	1	买完就降价了 待机时间：不是太久
1291	1	手机视频模糊，不知道怎么回事
1292	1	运行速度：很快了 拍照效果：不行，没vivo4800的好
1293	1	运行速度：运行卡顿严重
1294	1	不知道怎么说，刚买没几天就掉价100
1295	1	买回来 一天掉价50真的服  不给保价
1296	1	其他特色：服务差，只要卖出货就不叼你了。
1297	1	电池不耐用。运行速度一般
1298	1	不知道为何赠送卡自动取消了订单
1299	1	待机时间：电池用不了一天
1300	1	说好的送耳机结果迟迟未到， 套路好深
1301	1	威觉不行哦，发热，有时闪退
1302	1	其他特色：耳机线都没有，说退货客服都不理人
1303	1	为什么不开发票？？？？
1304	1	nfc大概率是异常的哦，用不了，小米论坛也有人反馈
1305	1	才买几天就降价...
1306	1	品控有点差，会花屏，会重启。
1307	1	这才买了几天哪？价格一降再降，为什么没有保价了！
1308	1	流量卡多没有发客服没有人回复就一些机器人客服
1309	1	怎么说618价保呢刚买就掉了100？
1310	1	刚买不到一周就降价，京东真狠
1311	1	运行速度：还行 待机时间：待机一般
1312	1	降价很快，震动已经失灵了
1313	1	没有想象的那么大屏
1314	1	用了不到三天就坏了
1315	1	新手机就卡的不行
1316	1	挖空屏摄像头周围泛黑
1317	1	刚买完就降价什么意思
1318	1	买了不到一个月就降价了200
1319	1	刚买没一个月就降价400，心理上有点难接受。
1320	1	刚到手，就降价，不值得购买
1321	1	买的时候不是说送耳机吗？发过来怎么没有
1322	1	这手机出现死机，黑屏性能不好
1323	1	6月1日写着保价618，只保价7天而已，后面降价了
1324	1	包装就像被拆过的，
1325	1	没电自动关机后就不能充电了。
1326	1	卡机、电磁不耐用，不值这个价
1327	1	用了一段时间闪屏居然
1328	1	3月22号买的，现在直降200，当时保价7天，保到29号，这时间，拿捏的真好[赞?]
1329	1	不知道为什么，拍照时总有一个手指头大的黑影
1330	1	入手不到20天就降价，真的没法给好评！
1331	1	货都没到齐就降两百
1332	1	真就裸机！连一张膜都不贴！
1333	1	其他特色：就给一个裸机，呜呜呜，
1334	1	刚买完就降价了，也不给补差价
1335	1	才回来一天就没有用了
1336	1	外形外观：卡槽外观高低不平！！！
1337	1	卡机，快递不负责，非本人签收，
1338	1	刚开箱，手机外壳就有磕伤
1339	1	拆了才知道。不能查内存卡。**。。
1340	1	充电器没用两天就坏了
1341	1	屏幕音效：差 运行速度：差 待机时间：一般
1342	1	什么东西买了几天掉价200还不能申请保价因为有赠品。搞笑呢？
1343	1	才买一个礼拜，降价2oo，我晕死
1344	1	品，细品，才一个月，我用起都糟心。
1345	1	体会到手机中的暖手宝了   5G手机也很卡
1346	1	软件卡顿，拍照有时候里面道道
1347	1	手机今天收到，第二天就降价100元，舍意思？
1348	1	没有贴膜！应该先告知！
1349	1	拍照是劣势，拍照效果极差
1350	1	等得心都碎了还没有到
1351	1	这就是快递的包装，不敢恭维啊
1352	1	耳机配错了，根本就插不了
1353	1	手机收不到短信，咨询客服没人回
1354	1	刚买几天就降价了，想买的慎重啊
1355	1	品控差，手机侧边喷漆差
1356	1	跌价500还部让人价保，不建议买
1357	1	没用几天呢，就有点卡了
1358	1	官网有赠无线充电器，他们都没有，充电器呢？
1359	1	感觉不像正品  电池不耐用
1360	1	买了十四五天直接降价500
1361	1	刚买了不到一个月就降价500 (╬◣?◢) (▼?▼#)ヽ(?■?■)ノ??（▼?▼メ）&Psi;（◣?◢）
1362	1	为什么才买的都降价，赔偿损失，
1363	1	不要用邮政不要用邮政
1364	1	售后真的不怎么样 全是电脑给你对话
1365	1	发货太慢疯了半个月了 手机还可以
1366	1	增卡交了钱，刚开始不能接打电话，后来干脆没信号
1367	1	收货不到二十天就降价，真的是，再等等吧，还要降
1368	1	靠哦 刚超出保价时间就大幅降价
1369	1	没收到摄像头膜，能不能补发一个。
1370	1	待机时间：耗电快一天两充
1371	1	除了拍照好之外没有别的用
1372	1	刚买完一周就降价，价格保护只保护7天，服了
1373	1	买了一个月降500   真狠
1374	1	颜色与实物不符
1375	1	买两天掉价500，我就不想说了
1376	1	手机外包装变形。
1377	1	7月17号买的，到今天8月6号，降价500块钱
1378	1	十天降价500块，你们玩的好，呵呵
1379	1	刚买没几天降价500，有点接受不了
1380	1	刚买一星期就降价500。。呵呵呵了
1381	1	稍微有点卡顿   手机要比实体店贵几百块钱
1382	1	电池不行说62小时 实际10都不到
1383	1	有30块的差价不给我退，各种理由搪塞！我买的3488
1384	1	手机屏真脆弱一点不抗划
1385	1	买了第二天降价500，呵呵了
1386	1	实体店咨询的都是双卡双待，为什么是单卡的
1387	1	手机是还行，就是这售后服务，一星都不想给！辣鸡
1388	1	不是说套餐，为什么什么都没有？
1389	1	新手机到货，打开就有一道明显的划痕
1390	1	刚买七天 降价五百 别扭
1391	1	买的时候有赠送耳机，付款后就没有了
1392	1	买了没多久降价一千多，再也不在京东买了
1393	1	外形外观：背面有个小划痕，
1394	1	希望在质保方面能够一视同仁，切莫欺骗消费者。
1395	1	用了一个月就会死机了？？？？？？
1396	1	建议不要买，手机费的一p
1397	1	买了第二天就降了一百，也是可以的
1398	1	两个月不到降价500元，真服！
1399	1	买完一个星期就降价，直接降了500块钱，是几个意思&rarr;_&rarr;
1400	1	刚收到手机就降500，伤心透了
1401	1	怎么感觉有时候反映有点慢？
1402	1	买回来二天没注意看，屏幕有划痕的还是华为质量差。
1403	1	刚买一个月就降价了200块，窝心
1404	1	才买几天就降500，卸载京东了再见
1405	1	才买了不到一个月就降价&hellip;
1406	1	不到半个月降价五百，还不支持保价。。
1407	1	才买没几天几就降价500，我也是醉了。
1408	1	一分给京东~22号下单~隔了十多天才收到~
1409	1	才几天就降价？超过价格保护期限？
1410	1	八月二号买的，八月七号就降500。还没价保
1411	1	这手机，没有返回键，不好用
1412	1	用了没几天就降了五百 还不退再见了您
1413	1	买了就降价   500大洋  购买需谨慎
1414	1	手机不止辣鸡还不给退货
1415	1	买完不到一个月降价五百块 服了
1416	1	刚买就降价五百 无法保价
1417	1	手机到了  赠品没到，联系旗舰店没解释清楚
1418	1	买了11天降价500，我也是醉了
1419	1	用了一个多月屏幕上方发黄
1420	1	不开心(;_;)，京东豆才送两百，还有双十一第二天的价格一样还送半年碎屏险&hellip;
1421	1	什么东西都没有送
1422	1	居然要去楼下拿。
1423	1	刚买没多久就降价，迷醉
1424	1	说的优惠没优惠，找客服解决也没法给我解决。
1425	1	手机是好手机，京东一星
1426	1	刚买了不到一个月就降价了500？？？
1427	1	有刮痕，买的时候可要注意了。
1428	1	摄像头有一个白点
1429	1	才几天功夫就降价了！郁闷
1430	1	套餐版怎么什么都没有还不如买标准版感觉多花钱了
1431	1	头天买，妈的第二天就减价500，京东不厚道
1432	1	双十一凌晨买的，结果到晚上就降了100，还不能申请价保？
1433	1	用了一个月就闪屏
1434	1	我才买了三四天，为什么那么卡直接卡死，
1435	1	外包装受损，礼品退回无地址
1436	1	开视频的时候后置摄像头不清晰
1437	1	用着不爽，有点慌
1438	1	其他特色：赠品没收到，联系也不回复
1439	1	说的送手环也没送，联系客服，一句话送完了就没有了
1440	1	花这么多钱给我发个别人用过的手机，心里不爽
1441	1	其他特色：刚刚才买完没多久就降价，还不能申请价保
1442	1	没有收到礼品册呢，手机也一般。
1443	1	屏幕有黑点，搞得退货换新
1444	1	颜色和图片有色差
1445	1	真实物品与介绍不符
1446	1	为什么不能保价？才过了几天就降了200，赠品都一样，价格就不一样！
1447	1	草，刚买了你就降价
1448	1	订单显示有赠品收到手机后没有赠品
1449	1	东西都没有送，心塞
1450	1	才买没多久就开始降价，气人
1451	1	客服不回复，手机壳都没有
1452	1	这辈子也不来京东购物了
1453	1	要是有钱肯定还是买苹果
1454	1	买了不到几天就降价，忽悠玩？
1455	1	买了几天就降价300，大家别买好吧，心理承受不住落差
1456	1	不好用，客服也没能解决问题
1457	1	为撒不是全封的呢！盒子那么脏是什么情况呢！
1458	1	才买几天就降了150心里有点不舒服
1459	1	其他特色：赠送的就骗人的不知道赠送的是啥
1460	1	视频声音小 屏幕音效：视频声音小
1461	1	屏幕音效：配的耳机是坏的，请解释下。
1462	1	没想象的好换了二次！
1463	1	无法使用电信卡！
1464	1	刚买了没几天就降价200不开心
1465	1	辣鸡，不到一个月减价200回来，还什么都没有来送
1466	1	刚收到手机就降价
1467	1	刚买就降价，保价通不过，
1468	1	10号收到，11号降价200，还不能保价
1469	1	不好用，屏幕有色差
1470	1	分辨率不好！！！看视频不清晰！
1471	1	刚买了，货还没有收到就降价100多，郁闷！
1472	1	手机是不错，赠品是个什么东西？不能提货给我干嘛？**产品。
1473	1	才买了2149结果马上降价1999申请降价保护尽然不通过
1474	1	买了几天就降价
1475	1	上午买的，下午就降价100元了，真能降！
1476	1	给的礼包都是假的
1477	1	触摸屏幕就是个搓板
1478	1	刚收到货就降价了
1479	1	拍照效果：一般！差！
1480	1	刚买来就贴膜起泡，客服不管 说是就这样
1481	1	买了一个坏的，又换了个坏的
1482	1	我买的时候客服不解释清有没有屏保修。我也以为有保修一年
1483	1	客服干什么的？ 都一个月了还没给我处理好么？
1484	1	刚刚一起买了2台，结果几天就降价了，还不能申请价保
1485	1	买完两天就降价，问客服能不能掉价，客服说不能！
1486	1	不怎么流畅系统还不如我以前的苹果7
1487	1	刚买了就便宜了二百块钱，这让人怎么接受！
1488	1	还没捂热就少一百块，还不保价
1489	1	最不开心的一次。碎屏险不给用！
1490	1	买了刚两天就掉价200元，也是醉了
1491	1	运行速度：出现黑屏一次，卡顿两次
1492	1	还是继续买苹果吧。这个真不行。
1493	1	中午下单，下午就降价了，怪不得下午就给我送到家了
1494	1	拍照效果：像素不好，一分钱一分货
1495	1	没用几天电池就开始发烫！！！送货还凑合！
1496	1	刚买2天京东就又便宜两百多
1497	1	拿起手机亮屏这个功能用不了。。。。
1498	1	手机还好，就是降价太快了，没过几天降价好几百，太坑了
1499	1	屏幕有蓝点，还属于正常
1500	1	设置密码，确定密码无误，无法开锁
1501	1	才买一个星期降价300，需谨慎购买
1502	1	没有准时送达
1503	1	用了一个月，摄像头就破了
1504	1	外形外观：为什么手机颜色跟图片上面的不一样，是蓝色的
1505	1	谁能告诉我，手机里为什么有7月的视频
1506	1	服务态服不好
1507	1	刚一个月降价250元，京东在慢慢的伤害PLUS用户
1508	1	刚买7天后就降价
1509	1	东西还行就是太小气了连个膜也不给带一个
1510	1	刚买三天就降价
1511	1	吐血了，刚买没多久就降价！不喜欢了。亏了200元
1512	1	外形外观：不够吻合 运行速度：有时候会卡死
1513	1	买完就降价
1514	1	这包装，我都不敢拆，是假的都说不清楚了
1515	1	玩点小游戏都卡得老火
1516	1	刚买两天就降价，感觉有点坑 运行速度：有点卡 待机时间：还可以
1517	1	屏幕死机，15天内不给换，服务态度差。
1518	1	买了10天了，赠品现在还未收到
1519	1	充电器用了两天就坏了，不给换让重拍
1520	1	京东售后服务差
1521	1	没用呢希望不会失望！
1522	1	包装都拆了，自己贴的，辣鸡
1523	1	我不知道刚买一个月左右的电话这是咋的了   客服说我信号不好
1524	1	为什么好多软件己经下载好了，比如***等等
1525	1	系统不好，反复重启，退换麻烦，耽误时间，
1526	1	运行速度：会出现卡顿现象，游戏时出现过屏幕闪
1527	1	用了段时间 不好 有时会卡机
1528	1	刚到手就有问题 说给我换个新的 我3天了没有个回复啥的
1529	1	差，买二十天降价300。
1530	1	比实体店贵   买了就后悔
1531	1	5G手机用着怎么这么卡的
1532	1	这就是夜景视频吗  怎么调试啊？大神们
1533	1	其他特色：外包装没有密封感觉是退货的手机
1534	1	买第二天就降价，郁闷
1535	1	都没有泡沫防摔什么直接发过来，
1536	1	完蛋，买贵了，买贵了，伤心
1537	1	易碎贴又被拆过的痕迹。
1538	1	手机买来没一个月就出问题了   打电话别人听不见声音
1539	1	手机收到几天了，卡一直没见发货呀，等着用呢
1540	1	手机有时候会黑屏
1541	1	24号下单，上面显示25号到货，但是隔了一周才收到货
1542	1	才用一个月 就卡的一比
1543	1	待机时间：电池不耐用    一天充电两次
1544	1	本来想支持国产的。第一天已退货。
1545	1	手机买了十来天就降价100元，
1546	1	回来用半个月就出现打电话听不见
1547	1	不是很好，有时候卡
1548	1	系统有时候出现卡顿
1549	1	中午拿到的机，下午就送去拆机了
1550	1	手机电池用不了多久 待机时间：4个小时到5个小时左右
1551	1	虚假宣传，交了定金后没有享受到定金优惠
1552	1	其他特色：你们配购件？一有发吗
1553	1	待机时间：感觉电量用不久，毕竟是快充。
1554	1	买了不到一周，便宜一百，还不让申请价格保护，CA
1555	1	刚开始很好一个月充电线显示不行
1556	1	什么东西都不送，叫人不爽。
1557	1	自动闪退，不怎么好用
1558	1	一般，不值这个价！
1559	1	差平
1560	1	用了几天，无故死机一次。待机时间不够长
1561	1	下单后第11天拿到货
1562	1	差
1563	1	赠品没收到
1564	1	比实体店贵200
1565	1	不满意
1566	1	手机网络好差，手机外观有刮伤
1567	1	买了大概有十天了 降了100块 ，不爽。
1568	1	没啥说的，几天就掉价50
1569	1	送个体验卡还是过期的，手机还没怎么用不知道
1570	1	屏幕充电不能用，正常使用都满足不了你，
1571	1	外形外观：外观不喜欢，还没有钢化膜
1572	1	刚买几天就降价
1573	1	京东这个自营店就跟我同一个村，为什么第二天配送不到？
1574	1	说好的赠品什么都没见着。 全是手机原有的配件。
1575	1	5月12日下单，说16日发货，推迟到今天才收到货
1576	1	使用时多次死机，不建议购买
1577	1	京东不讲信用了？同拍的商品第二天都到货，这个手机就不到货
1578	1	别人的可以分屏为什么我的不行
1579	1	回收的那个叼毛很黑
1580	1	刚刚拿到手机开机都开不了，没用
1581	1	一个小卡片叫用户权益，丢了不让退货
1582	1	才买了一周就降价100了，价格保护还只退了57。
1583	1	其他特色：接视频不流畅，和放慢动作一样，谨慎购买
1584	1	申请退货已经20多天，京东收到货已经十余天。就是不退款。
1585	1	居然玩刺激战场陀螺仪不可以用，问华为客服说手机不支持这功能！
1586	1	待机时间：你这待机时间怎么10小时就没电了啊？
1587	1	手机屏幕有划痕不知道如何做到的，要不是一直用华为真想换个品牌了。
1588	1	618买的，628才发货，不打电话催客服，可能还要双十一才发货，快递包装破损
1589	1	才用十七天，手机就返厂修了，自动关机，自动亮屏
1590	1	外形外观：屏幕有划痕， 屏幕音效：语音播放经常会切换成耳机模式
1591	1	机子有问题的，客服又不处理问题，接电话没声音，差
1592	1	屏幕有划痕
1593	1	不想说什么，都**什么玩意。
1594	1	老婆说使用起来是二手手机，各种不好
1595	1	送的什么耳机呀    能用吗   最起码应该送个魔音耳机吧   屏保都没有   手机还没用  随后评论手机
1596	1	刚刚打开，竟然有卡顿&hellip;&hellip;吓到我了&hellip;&hellip;！！！！！
1597	1	一个手机六月十八下的单，六月二十九号收到货，一路道歉的话都没有
1598	1	不支持陀螺仪，玩吃鸡不行
1599	1	客服买的时候说送半年碎屏保，才买十天，再去问就没了。一直敷衍，说没了没有
1600	1	没得赠送礼品
1601	1	送东西就是个幌子，大家不要相信，买了就是受骗。
1602	1	客服告诉我这是色差  色差 是色差?
1603	1	外形外观：完全与图片不符，** 运行速度：一般，有时候还卡
1604	1	商品用过之后才知但下单到收到货时间太长足足八天，当初下单时讲第二天就送达。吹牛
1605	1	才用了一个多星期  就会频繁闪屏  还会自动关机 服了
1606	1	手机一般，不建议买。5g信号经常链接失败，连个红外线感应都没有
1607	1	价格真不好恭维，买了没多久就降价有活动了，难道不搞活动降价跟原价手机不一样，原以为在这买价位啥有保证，看来也不过如此，
1608	1	屏幕音效：怎么说呢&hellip;中奖了&hellip;刚到拆开来就发现屏显有问题&hellip;唉&hellip;
1609	1	同时买的两个手机，一个收到货，另外一个半个月了还没收到，客服联系不上，都是机器人说话，有货没货也不说一声！
1610	1	待机时间：8.小时 其他特色：特别像我以前用的小米，烫腿。
1611	1	还是别在网上买手机，原装耳机都被换成十几块钱的耳机
1612	1	差
1613	1	屏幕音效：太小了 听歌 声音 外形外观：不是全面屏，还有价格偏高，
1614	1	没有手机膜，买回来没法直接用，还得自己再去网上买，体验差
1615	1	说好的赠品呢  ？？
1616	1	过了很久才发货，说有赠品，也不提示怎么领，等到过时间说领不到了！
1617	1	拍照效果：可以 运行速度：有时卡 其他特色：小艺语音拉中拉不支持大家购买
1618	1	刚买回来就降价，呵呵
1619	1	买完后拿着去逛街才发现实体店要比京东自营上便宜，以前总根据他们的口碑正品便宜，由于信任没有对比过，建议大家可以去实体店进行购买，方便服务还好还便宜，这次购物体验改变了我对京东的看法
1620	1	外形外观：后面这的丑死了
1621	1	刚买就降价？还能不能行了？
1622	1	手机屏幕不行会失灵
1623	1	居然连耳机线都没有
1624	1	包装差的一批，就一个裸机，啥也没有，
1625	1	没耳机   卖手机第一次遇到没耳机的
1626	1	电池不耐用，有时候闪屏
1627	1	拍照效果：不怎么样
1628	1	充电好慢，而且优惠套装没有发货。
1629	1	为什么没有耳机
1630	1	手机定位不准切，还有卡死机现象
1631	1	屏幕音效：周围有黑影 外形外观：还行 拍照效果：不太理想
1632	1	耳机都没有，我买个手机还要自己买耳机？
1633	1	一个月就出现三次死机
1634	1	连个膜的都没有，哎
1635	1	没耳机不对焦发热
1636	1	承诺不降价的，还是降了100！
1637	1	屏幕音效：电话居然打不进来  消息没一点声音
1638	1	手机用着挺好的 降价给你个一星
1639	1	不知道什么原因开不了机
1640	1	什么都好就是物流实在慢
1641	1	买完几天就降价了
1642	1	建议不要在京东买，套路多
1643	1	感觉机子有点卡，不是太满意
1644	1	这么快降价，骗我钱
1645	1	其他特色：有点卡电池不耐用
1646	1	刚买就降价，是不是有些过份！
1647	1	刚入手官网就掉价200.... 我只想问可以退货不
1648	1	为什么反应那么慢
1649	1	外形外观：侧面有损伤
1650	1	再也不能再京东上买东西了
1651	1	拍照效果：感觉不清晰
1652	1	运行速度：说三月三十日到，结果今天才到
1653	1	屏幕音效：屏幕下方发黑，品控啊。。。。
1654	1	帮朋友买的，他说没有耳机
1655	1	裸机  连一个耳机都没有
1656	1	没错你又降价了
1657	1	买来没两天就降价了，还不退差价！失望
1658	1	到手好几天了  拍照真差  充电也慢
1659	1	总有几个图标边缘在闪
1660	1	不行，特卡，不赠送手机膜
1661	1	指纹识别失控了，问客服也是敷衍
1662	1	外形外观：有明显掉漆 不给处理 原谅我不能给好评
1663	1	运行速度：卡，反应有点慢
1664	1	买完就降价，@呢，手机还不好用
1665	1	耳机都不送一个钢化膜也没有
1666	1	就是一个千元机的水准
1667	1	开不了机，申请换的新机
1668	1	外形外观：一般，有点重，有点厚
1669	1	为什么连个耳机都没有？
1670	1	照相也就那个样 拍照效果：不是很理想
1671	1	怎么没有赠品呢，不是有充电宝吗
1672	1	双十一立马降价，什么鬼？
1673	1	本来13号到货  14号中午才到  信誉真差
1674	1	其他特色：恶心人的米粉节！！！！！！！！
1675	1	没送八耳机连钢化膜都没送
1676	1	便宜货买的，硬件是坏的
1677	1	为什么有时候，会自动关机？
1678	1	刚买了半个月就又降价了，呵呵
1679	1	才几天就降100，还不支持价保
1680	1	外形外观：一般 屏幕音效：声音小 运行速度：一般
1681	1	刚到手就降价，呵呵！
1682	1	配的东西不全，质检一般
1683	1	没有耳机 拉圾 还降成本
1684	1	充电器不是快充我之前买的小米cc9比这快
1685	1	一打开摄像头就黑屏死机
1686	1	没买几天直接降价100还送耳塞。。。
1687	1	刚买半个月数据线就坏了，充电断断续续的
1688	1	刚买没多久就凉了150，怎么没保价的
1689	1	昨天刚买今天就降价是几个意思
1690	1	破手机，没用几天就出问题了
1691	1	刚买一个月不到就降价?其他没什么，物流也挺快
1692	1	买了不到1月降价啦，心理不爽?
1693	1	我不管，刚买完你就降价果断不能忍
1694	1	一点赠品都没送，还得自行买贴膜。
1695	1	其实没有所谓的6400百万了
1696	1	你老仙人板板，退不了货
1697	1	买回来一个多月死机好几次
1698	1	表面是黑色，屏幕看起来有点丑
1699	1	有木有搞错，买了第2天就降价了
1700	1	手机卡根本插不进去  联系客服影子都看不到 呵呵
1701	1	买了三天降100，还**不让保价
1702	1	8天掉价了，手机有时反应不灵敏。
1703	1	一星给快递，其他一坨屎
1704	1	其他特色：比其它网店贵了近260元
1705	1	感觉翻新机！把盒子一拆开就这样！
1706	1	买完就降价，就送耳机，真讲究
1707	1	我买了一个月不到，降了100你斗我玩呐
1708	1	一个月不到降价0.2k...我哭了.
1709	1	刚**买完没一个月，**就降价了。For you.
1710	1	下一次不会网上买手机了
1711	1	送的电话卡不能用
1712	1	外形外观：手机刚收到打开，外壳有磨损
1713	1	一充电就特别烫
1714	1	手机套都没有一个。。。
1715	1	网上晒出有耳机，到货却没有耳机
1716	1	贴钢化膜时手机周边贴不紧！
1717	1	外形外观：盒子 脏 乱 不知道说什么
1718	1	无线网络5G搜不到也联不了
1719	1	连个屏保，和手机壳都不送辣鸡
1720	1	手机没有应用分身
1721	1	运行速度：慢 拍照效果：差 屏幕音效：不好 其他特色：不好
1722	1	没有手机壳还有没手机盒不要买
1723	1	没有图片上的好卡里不要不要手感差有霞丝刚买回来就这样
1724	1	客服不行
1725	1	一堆问题
1726	1	客服差
1727	1	外形外观：收到货摄像头边框哪里有个小点 被磕的
1728	1	还没收到货物呢，定单居然已完成？这是什么意思啊&hellip;&hellip;
1729	1	手机倒是可以，和实体店一样的价格，就是刚买完就降价，和客服反应，也没人理，现在的京东都这么拽了，
1730	1	其他特色：居然原装发货里面耳机?都没有，耳机哪里去了想问
1731	1	加入购物车879 实际也是879 我要买的时候899 这两天一直在关注价格
1732	1	角像撞过，这都是小问题，主要还是卡
1733	1	手机说了配置耳机结果没有，然后手机保护壳  屏保都没有
1734	1	应该是组装二手机，机身周边的胶都割手。
1735	1	给老爸买的，半个月就经常卡屏，死机&hellip;&hellip;
1736	1	不给耳机
1737	1	手机壳都没有
1738	1	刚买几天就降价！！！
1739	1	机子不怎么样，不值这个价。外观，做工粗糙
1740	1	其他特色：手机详情里面说送耳机，到手才发现没有，客服说活动变更，还有地区差别的原因没有送，，搞笑，，
1741	1	外形外观：手机收到了，打开包装后面怎么有刮痕呢？就在摄像头的旁边。
1742	1	根本没有收到东西，物流有问题，客服找了几次每次都是不同的人，说的是专人解决，也没人联系
1743	1	运行效果不大好 而且里面没有耳机怀疑是否被拆过
1744	1	运行速度：手机好卡 不建议买  膜也没有送  外壳也没有
1745	1	手机盒也没有，收到货就只有手机和充电器和卡针其他都没有
1746	1	耳机都没给我，
1747	1	破手机
1748	1	好卡
1749	1	一颗星都不想评价，摄像头是坏的，哈哈哈，麻烦您尽快帮我们解决。
1750	1	就一个裸机和充电器什么也没有，建议不要在网上买
1751	1	怎么充电器和手机不匹配，充不起电，没有气死
1752	1	寄给老人家的，快递没有送上门就算了。开机还要密码不知道是怎么回事！！！
1753	1	拍照效果：拍照效果和十年前的手机差不多，屏幕分辨率很低
1754	1	五一下单，页面介绍说送耳机，结果只收到手机，找客服说耳机送完了，说要么退货，懒得折腾了！
1755	1	不好  不值  便宜东西   卡的要死  不建议买  浪费钱
1756	1	退货机。而且屏幕还裂了。就因为拆包晚了一天，还京东自营。投诉无门。
1757	1	耳机都没一个绝对翻新机大家不要买了。第一次用手机发热
1758	1	像素差，发信息问客服得不到回应，问两天都是机器人回答，手机拍照功能差，2天都得不到解决的方法
1759	1	才买给父母的，她就弯腰摔了一下屏幕就烂了。退也退不了，让自己去网点维修，我想不到华为手机会变成这样。。。如果售后看到麻烦尽快联系我，我不知道该怎么操作
1760	1	很卡很卡，照相好模糊，什么手机来的
1761	1	手机还行     就是没有耳机        钢化膜      手机套   这些都没有
1762	1	这都什么操作，没有耳机那就算了，还没保护套子，真是差到没朋友了
1763	1	其他特色：新买的手机，数据线与手机接口充电部位不匹配。数据线插进去不能正常充电。可能是新产品实验阶段。
1764	1	我就好奇了，华为和荣耀手机差别有这么大吗？连一个透明的手机壳都没有，省钱不要在这上面省吧！！！
1765	1	耳机、胶套啥都没有，而且还贵了，看大部分人都是839还带耳机！我也不知道为什么？
1766	1	手机收到了，什么都好，就是本来就是冲着有耳机送的才买这一款手机，最后收到货没有，客服还以各种理由，第一次感觉京东的服务态度下降了
1767	1	手机还行，就是充电器不行，用不了，手机关机充电半小时烫手，客服还不给换
1768	1	第一次听说买手机没有带耳机，那么手机上那个耳机洞拿来配相的吧？呵呵
1769	1	买个手机顺道一起买了充电宝   下午送来只有手机没有 充电宝  什么鬼   差差差差差
1770	1	外形外观：包装感觉被拆过了，感觉是退回来的机器，买给老人用的，先用段时间看看
1771	1	史上最丑手机，大脑门长下巴，隐藏按键不实用，使用屏幕面积缩水。
1772	1	手机买了不到一个月就坏了，屏幕一闪一闪的，老人在老家维修不方便，不知道怎么办。
1773	1	运行速度：运营速度一般，手里有问题，打电话对方听不清，出现自动挂机状况。
1774	1	外形外观：摄像头有点丑，像素不高 其他特色：指纹录不上，找客服不回复，建议换个手机 待机时间：待机时间久
1775	1	运行速度：运行速度像蜗牛 拍照效果：拍照效果像马赛克 其他特色：没啥特色就是充电有点热 怕炸&hellip; 不值这个价
1776	1	才用没多久卡的不行，最关键有时候开视频居然连人都看不见，卡在那里，只能听见声音，唉。
1777	1	部分软件不能使用，用&ldquo;呆萝卜&rdquo;app购物，无法**支付。旧的手机都不存在这些问题。
1778	1	慎买，用了不到一个月通话就出问题了，有时候有杂音，有时候对方听不到，去售后说要检测几天。
1779	1	写这官方标配'耳机都没有'还让我自己买！也不知道哪的官方不给配耳机！心情瞬间不爽！
1780	1	外形外观：手机超厚，不带原厂手机壳  屏幕音效：屏幕可以，音效声音大没别的特点 拍照效果：差的很，不是一般的差 运行速度：刚到手就卡，我爸都说卡 待机时间：手机那么厚，要是待机时间短是不是有点不合理？ 其他特色：华为长点心吧
1781	1	手机我昨天下午就收到了，下班回家下载电视剧！下了一个通宵都没有下载起，连着家里WiFi都没有下载任何一部电视剧都没有慢，而且一部都没有都用了一个通宵还是没有任何反应，新手机不应该啊！
1782	1	4月30号下单购买的，5月1日到的货，虽然没有降价，但我购买的时候没有耳机没有赠品，5月1号就有了，赠品也值近200元呢，这个不是变相降价么？ 联系客服，人家直接说那你退货就行???，也醉了。 变相降价，愿赌服输的感觉呢，但总是感觉被玩弄了，伤心！！！！！
1783	1	给爸妈买的，之前用小米，现在换手机。对比同类型机子，华为贵一些，感觉华为应该更好一些。实际体验：应用打开慢，新机居然会卡顿，拍照模糊。真实评价，不吹不黑。
1784	1	给爸妈买的，之前用小米，现在换手机。对比同类型机子，华为贵一些，感觉华为应该更好一些。实际体验：应用打开慢，新机居然会卡顿，拍照模糊。真实评价，不吹不黑。
1785	1	外形外观：发过来外观破损，上面有个坑，漆都掉了！ 屏幕音效：这个方面都还可以，最主要就是外观破损！ 拍照效果：买给家里老人用的，对别的功能都不会在意那么多，最主要是你外观有破损厂家怎么检测包装的，难道是京东退换产品吗？ 运行速度：这些方面都没问题，强调还是外观破损！ 待机时间：电池够大，待机没问题！ 其他特色：京东客服永远是无条件退换，买给老家老人用的，退换货非常不方便，我在京东买东西是相信你们对自营产品的质量管理把控，不是因为无条件退换啊！我们也没有那么多时间整天和你搞这个啊！最近在京东买东西发现让我恼火的订单越来越多了！
1786	1	拍照效果：不好，色差严重，拍出来可丑 现实中那件衣服亮一些，挺好看的。 运行速度：刚买不到一个月，卡 待机时间：中吧， 一天，不咋玩 屏幕音效：出现白屏的情况，感觉质量有点问题 外形外观：外观是我喜欢的 整体，除了外观，也就待机时间还中，一般般，质量差劲
1787	1	京东快递还是很快的，就是手机有点次，买回第二天做沙发那么高的地方掉下来屏就碎了，原本疫情期间说买一个便宜点的手机用着，没想到那么碎，不能退之前也想到退不了，毕竟是自己不小心摔的，我评论就是想说慎重点买，真的是太脆了毫不夸张
1788	1	姑姑舍不得买一部好的手机，千挑万选给选了这部，她嫌贵。 我说这是国产大牌华为手机，代表了中国科技创新产业的崛起。 姑姑一辈子没嫁人，只是陪在奶奶身边照顾她，手机对于她来说，就是打电话，拍个照，她其实连字都不会几个。 拿到手上她很开心，颜色多漂亮了，姑姑一辈子也算是个少女，漂亮的东西我们天生就喜欢。 然后她拍了一下照，也很清晰，她无儿无女，能拍拍家里的猫，和奶奶也不错。 然后她问我，我看别人的手机都有耳机，我们这个手机有耳机吗。 我上去一看订单，没有。 4月30买的，5月二号晚上看页面，赠品：耳机。 姑姑看我有点不高兴，她就说没事，我也很少听音乐，我们听收音机就好了。别退了吧 世事变幻沧海桑田，正如前天没耳机，后天有耳机。 姑姑接受现实的速度比我快，毕竟她一辈子都是这么过的。 但是我接受不了，所以我给一星。 不开心的现实我们改变不了，起码可以吐槽一下 这样算来我跟姑姑也没多大差别。 完。
1789	1	拍照效果：最**就是这个拍照，谁买谁后悔！
1790	1	运行速度：特别卡、不建议买
1791	1	最垃圾的一次购物体验了。
1792	1	屏幕非常脏明显是二手的
1793	1	差评，理由是代签收和不按地址送货。
1794	1	速度太慢，太卡了，不建议买
1795	1	手机太卡了，不好用
1796	1	最垃圾的一次购物
1797	1	最差的一次购物体验！
1798	1	太卡了，总是死机
1799	1	手机非常卡，玩消消乐都卡，服了
1800	1	买来没几天就降价，搞活动 醉了
1801	1	物流京东说的不算数
1802	1	买了个闹心的吊东西，不退不换
1803	1	买没几天屏幕失灵的 还不给退换
1804	1	7天报价，才三天都不退差价
1805	1	买了十天，降了九百！不爽
1806	1	其他特色：后置摄像头有灰。
1807	1	屏幕竟然有细微划伤
1808	1	其他特色：商品有问题已经退货
1809	1	服了这手机客服了
1810	1	其他特色：不好看
1811	1	怎么我的不支持双卡双待？
1812	1	根本不能防偷窥 只能当普通膜用
1813	1	降价1200，客服不回复哦，真香
1814	1	才用几天就降一千多，十天都没用?
1815	1	我玩** 才买几天就降这么狠
1816	1	无法七天无理由退货
1817	1	不要在京东买不要在京东买不要在京东买！辣鸡京东
1818	1	刚刚买第八天就降价500，然后不给价保了。
1819	1	信号不好，会发热
1820	1	为什么冲到80就充不上了
1821	1	手机还可以，降了一千块让我有点接受不了
1822	1	待机时间：不够好， 其他特色：没有什么可比
1823	1	刚买一个月不到就降价了。
1824	1	信号是真的差差差差差
1825	1	这个就是新手机，一打开就有问题
1826	1	买了不到半个月就降价也是可以..
1827	1	买不到一个月就降价一千，**玩意
1828	1	差差差 服务更差
1829	1	手机刚买不超过半个月立马降价800，，
1830	1	信号差到你无法想象
1831	1	双11买贵了，比好个店铺卖的都贵了！多花500元，双11就是套路
1832	1	双十一降这么多！
1833	1	手机外部有划痕
1834	1	刚买了二十天直接降价1600！ 手机贬值也没这么快吧？
1835	1	好用，半个月降800？我接受不了，差价也不退
1836	1	刚买几天就降了500，恰巧又过保价期，京东故意的，不开心??，不开心??，不开心??。
1837	1	买完之后6天降价2100，发现的时候说已过7天保价期，玩个锤子
1838	1	才买半个月就降1600要求补差价
1839	1	不知道为什么我没有赠品，
1840	1	买完就降价不到500，咋？我这500是快递费？？
1841	1	才买不到一个月就降了400元
1842	1	刚一个月， 手机屏幕和按键完全无反应
1843	1	总是自己关机好烦呀
1844	1	为什么没有给京东服务的评价？差到家了！
1845	1	运行速度：慢 卡 死机
1846	1	购物并不愉快，不好意思了?
1847	1	充电不行，充不到电
1848	1	一直非常相信京东的质量结果出现这种情况
1849	1	屏幕音效：屏幕有时会左右滑动不了
1850	1	打**自动挂断
1851	1	手机被拆开过一次，怀疑是不是翻新机
1852	1	同一天买价格差那么多？
1853	1	买一个月不到降了900 辣鸡！
1854	1	屏幕不灵敏，后续使用在看
1855	1	打一个电话就发热
1856	1	商品还行！售后只能说差的不行！一问三不知！
1857	1	刚买三天就出1200得优惠券。还不给返差价。
1858	1	信号那是相当的差
1859	1	没有原厂手机壳，没有屏保膜
1860	1	我咋天刚买的新手机不知道这个上次充电是什么意思
1861	1	刚买没几天大幅度降价有点恶心
1862	1	刚买了半个月，降价400！气氛！
1863	1	屏幕溢胶摄像头有灰你们的有溢胶吗
1864	1	自己看图刚买来就这样售后一直拖，要买斟酌斟酌
1865	1	反应有点迟钝。其他的还行。
1866	1	外形外观：品控有点差
1867	1	刚买一周就降价！
1868	1	有被人登陆过，不是全新！
1869	1	东西可以，就是卖家的服务不行。
1870	1	不好，买了没多久就降价了700元
1871	1	不到一个月降一千
1872	1	刚买不到一个月就大降价 受不了
1873	1	屏幕有下次咋弄下不去
1874	1	没有想象中的好  苹果不得劲
1875	1	翻车了，夜览模式下屏幕左右亮度显示不一致
1876	1	屏幕有划痕，不给解决，苹果中心也说不清楚
1877	1	刚买一个月就降价
1878	1	手机壳都没有唉
1879	1	买完了就降价，还不给退差价！
1880	1	啥也没有最起码给配一个手机套或者屏幕保护膜！
1881	1	手机背面有道明显划痕。
1882	1	通话息屏感应有问題，京东产品越来越差了
1883	1	锁屏键不好使，坏的
1884	1	手机充不上电，啥玩意儿这是
1885	1	不想说那么多，图片都烂得拍
1886	1	买了不到一个月降了900心态崩了
1887	1	我的妈呀，才买了一个月，竟然这么卡，京东给个说法吧
1888	1	买了9天就降价了500 价保是摆设吗！！！
1889	1	没有入网许可证 发烫严重
1890	1	屏幕不怎么好用
1891	1	不是很好我都想，七天无理由退款
1892	1	赠品说是368型的却发258型的
1893	1	买了就降价，不支持价保
1894	1	就没有遇到客服
1895	1	外观背面跟图示完全不一样啊
1896	1	买了没几天就降了1百块钱
1897	1	过了一周赠品还没发货，差&hellip;
1898	1	完一把王者有点烫手
1899	1	运行速度：不太灵敏 拍照效果：稍微延迟
1900	1	什么东西也没有赠送、手机还比别的商家贵100
1901	1	其他都好，就是买完就降价不好！！！
1902	1	说的7天无理由退货手机发热也不给退
1903	1	才买了不到十天，就降价200块了
1904	1	价格浮动大，买了一周降价300
1905	1	其他特色：买完降价，出新品，也是醉了
1906	1	一般般  没一个星期就降价了
1907	1	水，原因已不想解释
1908	1	盒子不封膜，就两张封贴，盒子还脏
1909	1	我买后悔了用起来有点卡哪里像一个新手机
1910	1	新买的手机，老出现黑屏。质量极差！
1911	1	包装脏不拉几，像是柜台放了很久的，膜也没有
1912	1	包装盒一般是这样的吗
1913	1	手机送货很快，赠品说送也不发货，
1914	1	配件少，京东有人用过检查好再发货啊
1915	1	这物流是拿乌龟送的吗？
1916	1	不好用，只能这么说
1917	1	降价了，一个礼拜降了1 0 0块，还不让价保。伤心
1918	1	其他特色：从买手机到收到手机联系客服没有一个回答我
1919	1	屏幕有点不好用，有时接电话没声音
1920	1	手机侧方音量键只能调大，不能调小
1921	1	包装盒上全是黑色指纹印，外装盒没有塑料封。
1922	1	一般吧，电池不行，相机一般。
1923	1	我只能说手机真的不好
1924	1	用了几天就开始死机，以后换是去实体店的好。
1925	1	充电器用不了两天就烧坏了
1926	1	屏幕易碎，质量差
1927	1	有机有问题，服务态度极差
1928	1	屏幕都裂开来了
1929	1	第一天买，第二天降价，而且不保价。
1930	1	用了一段时间，电池不经用、也不是快充
1931	1	刚买了几天啊就降价二百
1932	1	手机挺好的，就是曾送的卡太慢了，可以说没人搭理，累，
1933	1	呵呵，刚买完第三天掉价两百，真是可以的
1934	1	拍照效果：不怎么样 其他特色：不怎么样 待机时间：不怎么样
1935	1	不到一个月手机屏就出质量问题
1936	1	手机质量不好 运行速度卡慢..
1937	1	我打开就莫名关机
1938	1	待机短运行速度慢
1939	1	我去，过了一个月没有活动居然比双十一还便宜
1940	1	用了两个月卡到爆炸建议大家不要购买
1941	1	总是后面发热，也没用多长时间啊
1942	1	外形外观：贴膜和充电口刮手！
1943	1	客服没人搭理，退货
1944	1	买了一个月，现在看降了两百
1945	1	不会再买华为的手机
1946	1	@，刚收到货，就降价300元
1947	1	昨天1999，今天就1849了，是不是坑我
1948	1	打开时已拆封，问客服也没结果。
1949	1	刚买还没一个月就掉钱
1950	1	刚买完就降价，这是什么事呀？
1951	1	运行速度：辣鸡，买来就很卡，还给我旧机
1952	1	刚买就降200  接受不了
1953	1	软件预装，根本无法卸载。
1954	1	已经是拆开的，展示机吗
1955	1	质量差，黑屏，各种理由不让退货，服务差！
1956	1	质量差，用了几天就烧屏，不靠谱
1957	1	一般拉萨，扬声器有杂音不想说，
1958	1	说句老实话，打游戏的话，千万不要买这个手机
1959	1	附件一直不给送，一直联系客服人员也一直未收到，买贵重物品还是需要去实体店，
1960	1	#杀熟！卖了个锁屏键不能用机的就过来
1961	1	运行速度：运行不行拿到手玩一下就卡了
1962	1	刚开始还好！现在慢的很
1963	1	服务越来越差
1964	1	包装被打开过
1965	1	真不咋样
1966	1	买完就降价！！!
1967	1	像素不好
1968	1	刚买就降100
1969	1	拍照效果：没有3好都没有，开视频都没有以前骆驼3好
1970	1	送货不满意
1971	1	买了一天就降一百多，这是什么情况
1972	1	差
1973	1	感觉像是二手手机，不怎么样？
1974	1	运行速度：好慢 其他特色：手机网络经常没有
1975	1	购卖后就降价，申请保阶说有赠品不保价，根本就没赠品
1976	1	打游戏经常延迟
1977	1	怀疑被打开过，外包装连层保护膜都没有
1978	1	物流一流快捷，店家三流，非常无语的一次购物，缺赠品
1979	1	辣鸡就这样卡着了，半个小时了
1980	1	电池不行 耳机也没有送一个
1981	1	连保护膜都没有，
1982	1	蓝牙识别不了蓝牙耳机。哈哈？！
1983	1	摄像头黑影，我想问一下是通病吗？
1984	1	怎么不是全网版手机
1985	1	只能说除了快递其他没有什么满意的
1986	1	快递跟**一样。
1987	1	连个手机膜也没有，还不给补差价
1988	1	不建议购买，才用1个星期就出现黑屏卡顿现象。
1989	1	不管 买完第二天最低价1399 还不让价保 **的```
1990	1	旧手机。组装机，退过货机
1991	1	才十天摄像头坏了一个
1992	1	打字屏幕失灵，点不到自己要点的字母，客服是个摆设。
1993	1	没有送钢化膜
1994	1	屏幕音效：四边发黑是通病吗，四边都一样发黑，用了两天才来评价的
1995	1	买了一个星期就降了400块
1996	1	外形外观：收到右边边框有颗粒 屏幕音效：右上角屏内有一颗灰层
1997	1	不送钢化膜
1998	1	运行速度：卡顿
1999	1	屏幕音效：一般
2000	1	**电池，上班一天都坚持不了，而且手机钢化膜，耳机都没有送
2001	1	拍照效果：有个横纹白线，没法用 待机时间：短 运行速度：卡，反应迟钝
2002	1	拍照效果：拍照出现横纹，视频也有横纹，感觉极差
2003	1	手机 外形外观：手机屏幕模都没有， 运行速度：一般 屏幕音效：音质有沙声
2004	1	买完降价还不给价保。。。。
2005	1	都是别人的退货商品，买两个都是外观有问题。红米手机品控差
2006	1	手机送过来辛苦快递员了 可惜手机送过来并不是新的好的   屏幕右上角有一个很明显的水印花点
2007	1	一个星都不想给；听筒有毛病！一个耳机都没有！屏保也没有！差差差
2008	1	电池不耐用
2009	1	拍照差，运行慢，耗电快，手机发热,是小米的通吗？
2010	1	手机十分差，我收到后就是坏的，拍照时屏幕显示白线4根，拍出来的所有照片视频都有线。已提交换货
2011	1	现在都抠成这样了么  耳机没有就算了 钢化膜也没有
2012	1	运行速度：不行， 其他特色：电池不耐用，发烫手机发烫，充电发烫，用起来发烫
2013	1	本来以为性价比高，实际上手机刚开机下载软件的时候就开始卡顿还发热 像素跟闹着玩的一样 光快递就等了三四天了。
2014	1	屏幕挖孔的周围发黑，有时候解锁之后软件都没有了，很一般的手机，包装盒还有磕碰
2015	1	手机拿到手了 看前置摄像头有 污渍  数据线也有污渍 疑是退货机。
2016	1	手机看着挺好，电量太不耐用。早晨出门还得重启一下才有信号。
2017	1	送货是服了 在家门口晃悠两小时也没给送来。说小区没有自提业务。那倒是打个电话啊。磨磨唧唧
2018	1	手机收到了 之前没时间管理 打开相机? 之后后方相机有条痕 已经申请退货了
2019	1	充电有问题，10分钟充电百分之1，小米品控能不能加强些？已经退货，希望下一部没问题。
2020	1	屏幕60Hz怕是还不能跟普通60Hz比  为了突出120Hz强行降低吗 连个手机膜也不给?
2021	1	外形外观：挺好的 屏幕音效：挺好的 拍照效果：挺好的 运行速度：还可以 待机时间：还行 其他特色：冬天的暖宝宝，夏天的煎锅
2022	1	用了8年的华为也不会这样，要买的人先看看评论吧，新机蓝牙没用。经常死机，又要重起，没反应。
2023	1	电池不耐用掉电快，既然是全新，为什么有脏旧的痕迹，担心返修机，不太满意，先用用看！
2024	1	运行速度：不快 拍照效果：还可以，中的等水平 其他特色：没有太多的特色，侧边指纹哈不错 待机时间：比较长吧 屏幕音效：音效的话不实很人性化 外形外观：外观好看，外观??真滴好看
2025	1	拍照效果：一般一般一般一般一般一般一般一般一般 屏幕音效：屏幕没有原厂膜保护，。音效一般般一般 外形外观：一般一般一般一般一般一般一般一般一般 待机时间：一般一般一般一般一般一般一般一般一般 其他特色：裸机用不怕坏，。一般一般一般一般一般 运行速度：一般一般一般一般升级系统剩余内存一半
2026	1	手机耗电特别厉害，真的，用华为得千元机，超级好用，小米的真的太让人桑心了，手机不用放着，也消耗的很快。越来越差了。
2027	1	一分钱一分货，侧边指纹识别正确率低，面容识别率低，经常要用图形解锁！移动信号还行，电池不耐用，看视频3个小时就没电，充电速度挺快，机身发热厉害！系统有时候卡顿！
2028	1	刚开箱就出现开机键脱落 摄像头有瑕疵.......已提交换货，质量确实耐人寻味
2029	1	手机是单纯拿来直播的，收到后就把没用的app删掉了，，运行速度到是可以。但是每次播到十几分就烫得不行，太容易发烫了。并没有充电时使用。其他方面相对于自己的小米6x，并没明显提升。只是数据上好看，拍照4800万不如家人前年买的苹果1200万，续航说的4500毫安，感觉还没小米6x的3000毫安耐用。也不知道问题到底出在哪里，找客服问，客服都是机器人，答非所问。
2030	1	外形外观：外观整体良好，居然不带耳机，@人了屏幕音效：自带铃声不够完美，声音也有点小拍照效果：新手机拍照效果不错，不知道能不能保持一年以上运行速度：刚买的手机居然也反应慢，慢死了待机时间：待机一天多，，手机烫的要死其他特色：自带浏览器胡乱下载软件，从来不询问，还关不了，运行速度像蜗牛，联系大家慎重下手，耳机也不带，简陋至极
2031	1	6.18全程保价套路深不深你问非1399入手其他买家。后买的兄弟提醒你们，6.18两个时间段都可以1399入手。比这个配置高的极速版可以1499入手还12期白条免息。京东连续两年套路我，我就是个憨憨。
2032	1	京东**365免费试用骗人的，**1849元几十万人被骗
2033	1	屏幕音效：辣鸡辣鸡 拍照效果：垃圾
2034	1	才几天就掉价100，真心不顾及顾客感受
2035	1	手机卡的要命，一点都不好用
2036	1	以旧换新服务非常差
2037	1	运行速度：太慢了
2038	1	京东物流真的慢
2039	1	屏幕音效：垃圾屏幕
2040	1	京东私自给我修改618优惠券，差评，不解释。
2041	1	京东私自给我修改618优惠券，差评，不解释。
2042	1	手机掉线严重。才十二天。客服回答牛头不对马嘴
2043	1	京东真慢。    这几年物流连小快递公司都比不上
2044	1	拍照效果：太差了 运行速度：好卡 其他特色：没特色
2045	1	音质还不如老年机，太能糊弄了，
2046	1	连手机贴膜都不给1张吗？太抠了吧
2047	1	发热，耳机孔有问题，一星也不想给。
2048	1	差评都没原厂手机膜而且是二手的快递师傅态度好给个好评
2049	1	开箱后开机就是这样子的屏幕，小米垃圾啊！
2050	1	经历这次618就是小米这个品牌真他m的好居然和平时一样价格
2051	1	垃圾昨天刚买的手机今天送耳机了还不能补发这个心里呀难受
2052	1	手机老是网络断线     都能气死人    我都无语了
2053	1	这几次购物让我对京东有些失望，很差劲，很差
2054	1	刚收到就降价了，@，发货速度相当慢&hellip;&hellip;
2055	1	拍照效果：太烂了，还没有6X好无语，小米小米越用不起！呵呵?
2056	1	就这？不愧是***，从来就没遇到过没拆封过的手机，整个中国还是你最成功。
2057	1	垃圾手机，买了好多天才到，刚入手还有点卡。
2058	1	屏幕色彩相当差劲，扬声器音质特别差。慎买
2059	1	四天才发货，三天送到，我等了整整一个星期，差评，必须差评
2060	1	快递太慢了
2061	1	1499入的，亏了100，不满足保价(保价规则就是@的)
2062	1	太让顾客失望了 没想到现在的京东以大不如前 还好机器暂时没有问题
2063	1	发热太严重了，刚一天
2064	1	就一个手机什么都没有这也太假了吧一般买手机起码都有耳机这什么也没有
2065	1	差评是给价格的1499多花了100块，机器还没使用
2066	1	其他特色：@，垃圾，差评。花一千多块钱看广告。
2067	1	差评是给京东的，说好保价，结果不能申请。对京东很失望，虚假宣传。
2068	1	618活动1699优惠到手价1499，618过了，直接变1499！牛！这价格真的好无语。
2069	1	手机15天就听筒坏了，这质量真差，还搭上我30元的钢化膜
2070	1	快递和别人的快递送再一起
2071	1	运行速度：玩游戏有点卡
2072	1	刚买完就降价100。??????手机是挺好的。
2073	1	一个月不到充不了电了
2074	1	没多久就出问题
2075	1	买了一个星期就降价
2076	1	买了就降价，又不能价保。不开心。
2077	1	出现了点质量问题，选择退货了
2078	1	买完就不久降价。
2079	1	用了一个月就坏了！伤心
2080	1	夜间这种炫光怎么消除？
2081	1	刚买的怎么卡呢
2082	1	十天降价100块 都没有补偿！
2083	1	运行速度：慢 网络差
2084	1	打电话会自动关机
2085	1	昨天刚买、就降价、还送耳机啊
2086	1	充电口没用俩礼拜接触有问题
2087	1	一直降价，还不保价
2088	1	商品有问题不处理，
2089	1	说的有赠品又没有
2090	1	有些软件不能用
2091	1	其他特色：反应慢
2092	1	运行速度：还可以吧
2093	1	拍照效果：不是很好
2094	1	耳机没有，像素一般
2095	1	连个耳机都没有
2096	1	快递慢的想打人
2097	1	破手机真的不怎么样
2098	1	屏幕中有大块白斑
2099	1	用了一个月就坏了 现在还要修
2100	1	待机时间：个把小时就没电了
2101	1	不好用，容易卡顿
2102	1	这个不开发票 逃税漏税严重
2103	1	刚买完就便宜了一百？还不支持保价？？？
2104	1	屏幕分辨率跟开玩笑一样
2105	1	经常死机，我吐了
2106	1	卡死了，还会发烫
2107	1	配置有点少有待改进
2108	1	刚过保价期就降了一百块，也没法补差价
2109	1	刚买两月，屏坏了。。。。呵呵呵
2110	1	录音机无法使用
2111	1	刚买完就降价了，卧天。有一点卡。
2112	1	触控不好玩游戏不行
2113	1	手机充电时一分钟断电一次。。。。。
2114	1	待机时间：差，耗电快
2115	1	守着信号塔都没信号
2116	1	没有耳机没有膜
2117	1	手机喇叭有杂音
2118	1	买了就降价，还不给保价，一个月都没到
2119	1	手机才用几天就直接卡死机
2120	1	摄像头模糊的不行，
2121	1	烂手机卡到要死
2122	1	刚买几天就降价
2123	1	有时候会卡，客服服务态度不怎么好
2124	1	连手机膜都不送
2125	1	待机时间：差 运行速度：差
2126	1	我买的时候在价格高点?
2127	1	不到10降价100，没有话好说了
2128	1	不行，有点卡，希望大家不要买
2129	1	刚买就降价，又升又降的
2130	1	手机换货后还是隐藏刘海上面的角闪
2131	1	刚买不到一周 降价五十
2132	1	手机跳屏，手机跳屏，手机跳屏
2133	1	外观真丑，买给老人的，他们不让退货
2134	1	手机垃圾货 路由器挺好
2135	1	刚买回来就频繁自动重启怎么搞
2136	1	待机时间：一天不到，我啥也没干
2137	1	用了以后经常自己重启，不知道是什么情况
2138	1	其他特色：无法安装应用
2139	1	买完刚到货就降价了，*
2140	1	两天降价300你真是牛皮啊，
2141	1	刚买了  没多久  就降价了
2142	1	客服回复慢，充电器坏了也不管
2143	1	运行速度：老是没网，得重启
2144	1	老子买完第二天就降价。
2145	1	这才买来用了多久？就这么卡？？？？？
2146	1	手机才到手，就降了100元，心塞
2147	1	机身运行速度慢，快递员服务差
2148	1	没有耳机，让我摸不着头脑
2149	1	买了还不到一个月就降价了
2150	1	新手机会卡顿也是醉了
2151	1	没有儿机 买手机耳机都不给的么？
2152	1	刚买几天就降价了什么破手机
2153	1	各种功能不能用 这是个啥。笑了
2154	1	说赠送耳机和钢化屏，毛都没有。。。
2155	1	拆机发现没有耳机的嘛 什么情况？
2156	1	不知道可不可以换 ！屏幕突然不亮了！
2157	1	也就一般般了吧后悔买这个手机
2158	1	买了一个月不到，便宜了100
2159	1	手机话筒没有声音，已经申请换货了
2160	1	手机还行 就是刚入手降价好几百 血亏
2161	1	送的无线快充不能快速充电！
2162	1	辣鸡三星，早知道买华为了。
2163	1	待机时间：这个待机时间确实不行一天都不够用
2164	1	可真是牛皮哦 买了一个月的手机让我去修
2165	1	手机发热，
2166	1	京东618名不虚传，拿最高的价格，吹最大的优惠。
2167	1	机器挺好的，充电器用一次就坏了，一星送给充电器
2168	1	待机时间：这也叫待机 还有这屏幕什么情况
2169	1	蓝色效果看起来手机不能融为一条，手机打字反应速度居然没有我的S8快，不建议买
2170	1	绿屏不给退也不给换&hellip;&hellip;
2171	1	才买一星期就送10万京豆，心里很不爽。差差差差差差差
2172	1	拍摄视频时点击拍摄完成按钮   多次出现拍摄失败
2173	1	已**
2174	1	买了两天就降价500
2175	1	没有宣传中的那么好，还不如一加手机，后悔啊，指纹解锁慢
2176	1	不知道是不是我一个人出现这种问题
2177	1	这个是啥原因
2178	1	一星送京东
2179	1	拍照效果：差 待机时间：差 运行速度：差 外形外观：差 屏幕音效：差
2180	1	徒有其表～
2181	1	手机还没使用，已经降价四百元，六月一日六六九九入手，六月六日已经降价六二九九，申请报价，还不成功，由于有赠品，但是6299有同样赠品。
2182	1	这就包裹打包方式，缓冲泡沫都没有一点，手机使用半个小时开始发烫，哎后悔了
2183	1	网络数据不稳定，玩游戏有延迟，这个问题不改善的话还不如买别的牌子的手机
2184	1	外形外观：好看，就冲这个来的。还有手感。但是充电器没用两次坏了，坏了坏了
2185	1	买的时候选的优惠券礼包，至今未到账，联系售后让我等电话，也是等不到电话，京东现在就这么做事情的吗？
2186	1	待机时间：充电要几个小时，待机也能待机几个小时。随身带个充电宝。没问题 屏幕音效：声音开大点，整个机器都在抖
2187	1	发热可以烤鸡蛋，充电多久就只能用多久，七天无理由退货是开玩笑的，只要你开机就退不了！
2188	1	灰色背景低亮度下屏幕花屏，颜色不一致，不知道是不是叫阴阳屏
2189	1	外形外观：右边壳的开缝很大，左边正常 拍照效果：拍夜景不错，深夜有这个效果，三星的拍照从来没有失望过
2190	1	外形外观：好 屏幕音效：好   待机时间：好 其他特色：就是QQ出现问题发不出照片不能选择照片发出
2191	1	外形外观：好，手感不错 屏幕音效：差 拍照效果：差 运行速度：差 待机时间：极差 其他特色：差
2192	1	屏幕音效：屏幕还可以，就喇叭有问题，是我手机有问题还是怎么的，就感觉像零几年的大声音手机，嘶哑声很严重
2193	1	手机真的不行  反应慢信号不稳定 定位信号弱  还没有我之前要的华为手机好   大家不要买
2194	1	东西挺好的，就是随时都在充电。问售后叫我把软件都退了，这样待机时间就长了。想了想没毛病
2195	1	我常用的几个APP在这个上午新拿到的手机上打不开，用不了！！！
2196	1	摄像头和屏膜有问题，拍证件照时四个角不对称，相机还模糊，联系商家要求联系售后，售后要我下载一个软件叫三星手机客服通，帮我整了两天没效果，现在想换一个也不答应，
2197	1	运行速度：可以 待机时间：掉电快 其他特色：部分游戏屏幕灵敏度不够，战双点人物需要连点几下。送京豆需要办合约流量套餐。比其他平台贵1000，不24免息买建议换其他平台，线下也比这便宜。手机不错 一星给价格！！不要买非官方维修，不是原厂配件。。维修半个月！！！
2198	1	买了正好一个月，只是拍个视频就出现了两次这样的手机提示，不是同一天的提示，两个提前相隔了几天，我还能说些什么呢，媳妇一天到晚埋怨垃机，估计最多用到水果12上市就得换了。
2199	1	散热不好，信号不稳定，延迟很大，屏幕和边框还有胶水，扣了好久，其它还行吧，手感不错，但是这价格，哎，一言难尽，为了手感，我牺牲太大了
2200	1	运行速度：运行卡顿还没有晓龙855处理器好，系统不处理器好，系统不稳定。 拍照效果：拍照有点磨砂的感觉。 屏幕音效：不给退货。屏幕分辨率有色差。
2201	1	22号收到的手机，今天打电话时发现屏幕上当有一个圆点闪烁。联系售后，也没人搭理。
2202	1	收到货后 屏幕有明显缝隙  正着急收货呢，换货说得回去检测，外观瑕疵还检测。需要的时间买家自己承担，七天之后才换回来。我想说是你们给我发的有外观瑕疵的货，需要买家在这等。
2203	1	屏幕音效：差 拍照效果：可以 外形外观：一般 运行速度：慢 待机时间：短 其他特色：玩个王者一局延迟几次
2204	1	买的s20送的buds+的耳机券，拖了半个月告诉我只能兑换黑白两色的，你预约手机的时候怎么不说清楚？
2205	1	不敢恭维，感觉买的最错误的手机。触控灵敏度差，解锁灵敏度差。还说游戏手机，玩个游戏网络都不流畅&hellip;&hellip;
2206	1	指纹识别两次以上才能解锁，掉电速度快，屏幕不错就是不能双开，120HZ与2K不能同时开启，总体感觉一般，7000没有性价比，建议港版
2207	1	手机本身没问题。预定选的耳机券。这两天才给券，竟然只能选黑白的。发的耳机购买链接也不知道是哪家的。耳机评价都是坏的。真是够了。为什么和别的平台不一样？
2208	1	外形外观：外观很漂亮，手感很好，没出现其他人的外观瑕疵算是唯一的幸事了 屏幕音效：理论上讲三星的屏是最好的，我也是冲着这个买的三星，但是买来发现在黑暗模式下的微信与系统设置出现了大量贴吧吧友所说的绿屏，并且还在QQ微信之类纯白应用界面上整个屏幕上半偏绿，下半偏红，几天下来眼睛很难受，体验极差，三星国行这么点出货量还这么容易买到核心部件次品，我看好国行三星彻底退出中国 其他特色：开封后盒子里散落了不少灰尘，我不知道这是***的传统艺能还是三星越南的厂喜欢露天封装
2209	1	其他特色：不吹不黑，先说优点，屏幕确实可以，运行速度也还行，缺点:待机时间太短，充电太慢，指纹解锁慢，关键信号不好，不稳定，说真的，这价格，手机最基本的功能都有缺陷，唉，我还能说什么？
2210	1	非常好 别被差评给騙了
2211	1	真是打京东的，从此对京东无信用太缺乏诚信。
2212	1	好的送无线充电器结果没有差评。
2213	1	买了这么多手机，从没评论过，但是我想说3星真的垃圾
2214	1	真**恶心 买了第八天就送999耳机 。。。
2215	1	这手机是真垃圾没玩几天就卡
2216	1	太垃圾了，买了几天就降价几百块
2217	1	手机完美。首发凌晨抢了，不到一个月降1000，哭了
2218	1	用户体验太差了，
2219	1	拍照效果：这个手机很垃圾，差评
2220	1	坑买的时候不显示送十万豆得用京东的套餐，买完激活了告诉你必须用他们的卡才行，
2221	1	掉电非常快，信号不好，要买的请注意。
2222	1	待机时间：待机时间太短 拍照效果：配那么高的像素骗人的
2223	1	一星给客服，网络给&ldquo;三星&rdquo;，不稳定
2224	1	买个手机，包装也太寒酸了。就一个纸盒。到手时&hellip;&hellip;
2225	1	外包装有划痕，我就不说什么了。你自己懂得！***？
2226	1	**，三星太坑，不给退换货，套路很深，大家不要买三星了，
2227	1	才买20天就降成6299了，你这跳水冠军也不用这么厉害吧，淦
2228	1	一星给售后
2229	1	一个星期就降价四百是真的nb 还不给保价
2230	1	#，返京豆套餐@，投诉不理，服务奇差，枉费我多年对京东的支持
2231	1	手机严重发热，也不给换货。只要是他们检测就说没问题，也不给退换货。不建议购买。
2232	1	只能说真的是太坑了 刚买完没多久就降价 有活动 真是无语
2233	1	手机10分好评。预约说送耳机券，先在都没给，一直让等着，效率太差劲。
2234	1	东西没话说，一星是给京东的，价格能这么调？当之前买的都是傻子？现在都是直接给优惠券，价格保护屁用没有，京东算你会玩！
2235	1	二手的，原装膜和被膜上都是泡泡，碰一下就掉了
2236	1	服务真的差劲
2237	1	送的礼品全没有，刚开始拍的时候看到送了一堆东西，收到货以后什么都没有，差评差评差评
2238	1	运行速度：网络信号太差！打个游戏延迟的一塌糊涂！
2239	1	刚买完就降价，申请价格保护还不通过，坑啊，兄弟们别在京东买了，太不靠谱了
2240	1	没插充电器玩一把游戏就发烫，三星散热真的垃圾，售后更是**
2241	1	等等党的胜利，垃圾三星，跳水王，不建议立即入手
2242	1	说好的耳机优惠券 这都四月三号了还没给 我真的服了
2243	1	放很多假赠品真陷井@又借赠品之由不给保价套路之王，千万当心
2244	1	才买几天就降价，申请补差价还把送的赠品钱扣了，掉电快，服务态度差，所谓的七天无理由退货就是套路，最差购物体验没有之一
2245	1	太不保保值了吧，刚买没几天就出返10万京豆活动，气死人
2246	1	国行内置广告太恶心了 退货了
2247	1	垃圾，我还以为真送十万金豆呢，搞半天还要办卡！！！**
2248	1	辣鸡京东，为什么给1星大家都知道。到现在我卷都没用，希望京东用我的卷发大财。
2249	1	太垃圾了，屏幕小小的，不值得价格... 垃圾 垃圾  垃圾
2250	1	外形外观：这设计没想说
2251	1	没收到货也没接到电话
2252	1	手机底部没按钮
2253	1	确实不行，卡都不能再卡
2254	1	外形外观：不好看
2255	1	买完就降价，还不自觉给退差价
2256	1	买半个月，看都降价了还申请不了价格保护
2257	1	才一个月不到就出问题
2258	1	刚买没多久就降价了，还没用上
2259	1	刚买没多久就降价了，还没用上
2260	1	送的卡，不知何年何月寄到
2261	1	期望大于希望，反应慢的一批，还不如红米a
2262	1	上当了，刚买几天就降价了，价格波动大，切勿购买！
2263	1	现在京东买个手机连个纸质凭证都没有了？
2264	1	自带保护膜都没贴好别人退的吧
2265	1	拿回来就有毛病，上不去网
2266	1	插卡打电话根本打不出去
2267	1	买贵了50元有没有价保的
2268	1	才用两个月就偶尔死机了
2269	1	买回来没到一个月就降价。
2270	1	手机送到了，送的卡迟迟不送
2271	1	目前手机已经不能使用，无法开机
2272	1	买的有点后悔了，刚买没多少红米8就出来了
2273	1	辣鸡，问了没人回，说送红酒毛都没有见到
2274	1	才卖了几天就掉价了，又没有差价补
2275	1	没到一个月就有闪退的情况
2276	1	买回来第一天屏幕失灵，因为急着用没换，重启好了。接着就按电源五秒才亮屏，没法治。就算是做老人机都有点刺毛
2277	1	没收到货就签收了，一查货还放到其他小区里面快递柜了
2278	1	现在京东上的东西不怎么样，有点卡还没有耳机。
2279	1	手机下面两个喇叭，一个喇叭是发不了声的，那你做它干嘛？&rarr;_&rarr;
2280	1	很卡，手机并不好用
2281	1	没有贴膜，刚到就摔碎屏了
2282	1	抠脚，连保护套，手机膜都不送
2283	1	其他特色：一般般
2284	1	老是出现杂音，感觉不是正品。
2285	1	降价太快，一般般
2286	1	差劲?   打电话声音会没声
2287	1	慢的①批，没见过反应这么慢的手机
2288	1	手机里有别人的照片 翻新机
2289	1	买了才一个月吧，就用不了了，不推荐
2290	1	老人机，便宜没好货
2291	1	拍照效果：好，差差差
2292	1	连个手机壳都不配
2293	1	差，才买了一个月，就开不了机
2294	1	才几天开机就卡
2295	1	打电话声音不清楚 有回音杂音
2296	1	无配送耳机，辣鸡
2297	1	东西真的很一般，
2298	1	总是死机，不能用，上qq都不行
2299	1	运行速度：非常差，卡顿挺久的！
2300	1	手机没用几天就坏了
2301	1	买了一个多月 手机主板坏了
2302	1	卡顿     卡顿    标配没有耳机  贴膜都没有
2303	1	京东快递也好差
2304	1	连个钢化膜都没有
2305	1	很卡的机器，买错了
2306	1	价格是低，但是手机还黑屏，超了换货期了。悲哀。
2307	1	小米手机，现在不行了，才买几天就不行！
2308	1	才买不到半月就降价了！！！！！要求保价！！！要求保价！！！
2309	1	**，刚买没几天就降价了，保价还不成功
2310	1	一般般吧，喜欢的可以买！
2311	1	不到半个月，黑屏变砖，头一次对小米的产品产生怀疑
2312	1	非常讨厌小米解锁bl锁的时间，它非常的浪费。
2313	1	一个月不到就坏了一分都不想给
2314	1	根本没有收到货物，居然给我确认收货了，
2315	1	没有耳机，屏幕上的高清膜都没有，无法理解
2316	1	第一台长时间息屏后，双击亮屏功能失效
2317	1	没有带耳机，也没有带手机膜
2318	1	动不动没信号，动不动死机。
2319	1	手机用了一个多月就屏幕划不了了
2320	1	买块手机除了充电器啥也没带，最起码送个手机套吧
2321	1	刚用两三天手机电源键就不好用了
2322	1	配送没的说，照相实在不行！！！
2323	1	说了有赠品，收到货没有，找客服也说没有
2324	1	拨打电话就黑屏，一直都黑起。
2325	1	外观手感可以，系统流畅，打开~云要听段相声，我的妈呀！这手机喇叭从哪捡的？！什么JB,音质
2326	1	不好，什么配件都没，还是直接到店里面买划算
2327	1	拍照效果：不好 运行速度：慢 待机时间：6小时
2328	1	用了不久感觉是二手，马上充电就小会关机
2329	1	用了一个月老是黑屏，建议大家不要买。
2330	1	给家人买的，用了没多久就坏了，糟心
2331	1	运行速度：有时点击不灵，经常要点两三次才有反映
2332	1	视频时，没有声音的。
2333	1	作为国际大厂小米，此手机居然没有通过gms认证
2334	1	使用半个月，手机开关键已坏！
2335	1	一个月不到手机就坏了，申请维修中。
2336	1	一个月不到，手机电源键不灵
2337	1	用了26天开机键不灵了
2338	1	发货过来居然是台坏手机基本开不了机
2339	1	东西送来缺少卡槽，客服老是说补发，但一直没有给补发，真的是对京东失望了&hellip;&hellip;
2340	1	耳机什么都没有
2341	1	买了没两天，现在一看居然套餐也是这个价还有赠品送。
2342	1	隔了两天差了一百块钱，没办法，自认倒霉
2343	1	感觉买了水货。充电器才用一下就坏了
2344	1	跟客服说好的赠品没有了 联系客服还要找理由推脱
2345	1	拍照效果：你都想象不到手机拍照差劲了狠
2346	1	没有耳机，并无说明
2347	1	6400万哈哈。搞笑的。拍照很差。
2348	1	说了送音响 二十天也没送出来呵呵了
2349	1	竟然没有耳机送。知道就不买了。
2350	1	为什么没送耳机？不高兴
2351	1	手机说明书也没有，就一个手机
2352	1	刚买两天就开始送耳机了
2353	1	刚到手不到一个星期，就降价了，棒棒哒！???
2354	1	手机不怎么样，还没有耳机。
2355	1	都没收到  能有什么体验
2356	1	说好的送音响，结果毛都没有
2357	1	手机刚到还没捂热就降了一百心塞
2358	1	这就是客服，不办事！至今未见到赠品
2359	1	不满意，连个耳机都不送
2360	1	买了才几天就降价了，还送耳机！
2361	1	客服态度难以想象
2362	1	前两天买的，多花了一百，
2363	1	没有耳机，没有说的扫地机器人
2364	1	一直到今天都没见到
2365	1	厚得像块砖头拿来砸核桃吗
2366	1	没有耳机子，购买需谨慎
2367	1	没有赠品???，手机买的后悔了
2368	1	手机信号不好打电话时断时续
2369	1	活动页面说有耳机可是回来却没有
2370	1	连个耳机都不带你让我评价什么
2371	1	辣鸡没有耳机啥也不给别买了都
2372	1	耳机都没有！块跟裸机差不多了！
2373	1	会卡应用，打开软件有时会卡机
2374	1	外观不行太厚了。颜色也和图片相差甚远！
2375	1	确实不怎么样，降价也快！！！！甚买！！！！！
2376	1	手机质量问题差
2377	1	价保只有7天，价格真的是一天不关注就是一天一个价
2378	1	为什么没有耳机，减配了？
2379	1	外形外观：不好看 运行速度：不好
2380	1	用了五六天开不了机了
2381	1	用一段时间后，卡到不行
2382	1	手机有点卡顿，有的时候反应有点慢
2383	1	外形外观：奇幻森林不应该是绿色吗
2384	1	东西根本没收到！
2385	1	运行速度：差差劲?
2386	1	第一次买手机不配耳机的，
2387	1	运行速度有点卡，感觉不流畅
2388	1	为啥我没有耳机的
2389	1	说好的保价30天，才买了两天就降价了，
2390	1	我的发票没开
2391	1	什么东东呀，才几天就降价了呀
2392	1	买了就降价
2393	1	没有原装耳机
2394	1	感觉好像被人用过，
2395	1	没有耳机?
2396	1	手机的边缘还有胶，不会是翻新的吧
2397	1	像素没有介绍的那么好
2398	1	用电快
2399	1	才买二天降100还不能价格保护，京东**
2400	1	包装差劲
2401	1	就一天就降价，鄙视你
2402	1	拍照效果：效果不好
2403	1	用了十几天黑屏死机两次。以后再也不京东买
2404	1	不好，套餐没有耳机
2405	1	手机用着有点卡，不怎样好用
2406	1	不怎么的，拍照闪屏，不知道是不是新机器？
2407	1	直接退货
2408	1	买了就七天就降价，而且申请价格保护不成功
2409	1	手机有屏幕有缺陷
2410	1	刚开始领不了150后来能领
2411	1	屏幕指纹解锁时常不灵敏！
2412	1	送的啥玩意过来 都没用就坏了  LJ
2413	1	不到一周降一百，郁闷?
2414	1	刚买没多久又降价&hellip;申请不了价保。闹心
2415	1	拆开包装没有耳机，联系客服，客服都不回复
2416	1	买了才三天就掉价200，还不能保价
2417	1	屏幕音效：一般 外形外观：一般
2418	1	就那样吧  只有个充电器
2419	1	这款手机是我买的最耗电的。
2420	1	买了第二天就降价100不说算了，送个推荐礼几天都还没发
2421	1	话不多说，给你差评你就认
2422	1	给老爸买的，机子还行，就是预售太坑！
2423	1	用电好快 偶尔有点卡顿
2424	1	自营店，等了5天才到货，问从哪发货，一直说就近，，呵呵了
2425	1	到手还没一个礼拜陪了300
2426	1	别的店都是赠蓝牙耳机?，他这只是自带耳机
2427	1	所以说我拿用一下午网就用不了了？
2428	1	假货自己关机还开不了十几分钟自己又开了
2429	1	**，会员专属卷不让领，不让价保，准备注销账号
2430	1	差手机自带耳机都不给
2431	1	没有配送耳机。其他的一般
2432	1	连个指纹解锁都沒有
2433	1	刚买就降价，还不给补差价
2434	1	买了问了价格，一天一变
2435	1	出了2个月不到就降价了
2436	1	其他特色：买来20天就故障了。返修2天
2437	1	刚确认收货，第二条就降价
2438	1	外形外观：刚买了又降了10块钱了。
2439	1	手机才买的就有点卡了  电也不怎么耐用
2440	1	哎，我都服了，刚买就减价，什么个情况
2441	1	刚下完单就少一般草
2442	1	包装不符合要求，污渍太多
2443	1	没出10天掉价100块！佩服京东！
2444	1	不送耳机没诚意，说3/13恢复1299原价，结果过了活动期还多送耳机
2445	1	买个手机具然耳机都没有
2446	1	其他特色：手机联系人都出问题
2447	1	送货越来越慢，说送耳机，盒子里边也没有
2448	1	怎么耳机也没有?
2449	1	连个耳机都没有
2450	1	才买了个把月就降价一百，伤心。
2451	1	服了，送了9天到手，套餐里钢化膜也没有，不想多说
2452	1	手机收到了，打开一看给复新的手机样类
2453	1	买完第二天就降价了
2454	1	连个耳机线都没有这是有多穷
2455	1	还没拿到手上就见降价一百，退差价？？？
2456	1	收到的边角是坏的，卖家不处理了，唉，辣鸡
2457	1	担心换手机了，不是原厂华为
2458	1	新手机不配耳机的？
2459	1	刚到还没用   过几天再来补评
2460	1	手机是人家退货的手机包装盒连塑封都没有
2461	1	显示送充电宝我都没收到充电宝
2462	1	手机是坏的   退货也要自己出钱  服务态度超级不好
2463	1	就是不支持指纹
2464	1	一般般没有指纹解锁
2465	1	今天刚到就降价了才899，心塞。
2466	1	卖俩了，第一个可以，第二个包装有点磕碰
2467	1	怎么没有配耳机
2468	1	连个耳机都没有
2469	1	外形外观：没耳机，拍的时候说有
2470	1	质量差，反应迟钝慢
2471	1	买新手机没有耳线
2472	1	刚买了就便宜了，
2473	1	搞什么啊，配套的耳塞都不配吗
2474	1	我怀疑这家店没客服
2475	1	东西多拆包装了 还有水在上面 并且已激活了
2476	1	开始显示有赠品赠送，不知道怎么的就又没有了。大忽悠！
2477	1	玩求生之战好卡还不如荣耀畅玩8C
2478	1	手机摄像头不防水
2479	1	骗孑服务差说的送耳机沒有
2480	1	买京东自营就是买的方便 镇上都不送上门失去了有购买京东自营的意义
2481	1	50%的电不到一小时就用完了
2482	1	商品不错就是说的赠品领取困难不想好评
2483	1	屏幕显示率有点低
2484	1	用不够一个月就闪屏了
2485	1	屏幕边缘有瑕疵
2486	1	铃声音量小点，视频图像有卡顿
2487	1	买了没十天，降价100现在京东这么做，客户只会越来越少
2488	1	没有指纹解锁不方便
2489	1	电池不像描述的那么管用，最只能用一天！
2490	1	昨天刚买今天降价
2491	1	这个手机竟然没有带耳机，这是认真的吗？
2492	1	连个耳机都没有，还官方标配呢！
2493	1	刚买就降价，还不给补差价
2494	1	买瑕疵品，收货请注意每个细节。
2495	1	昨天买的今天掉价十块什么意思啊
2496	1	买的时候说有赠品的，到货了什么都没有
2497	1	买了到货才发现没指纹。。。。想退货 简介又不说明。。。。
2498	1	收到货打开一看是开过封的直接联系退货了
2499	1	才买不到一周就便宜了！
2500	1	一个客服问个问题没人理，手机也没有耳机
2501	1	刚买一个月就降价，差了100多，
2502	1	新手机反应就那么慢，醉了！
2503	1	买的是耳机套装，结果发来的里面没有耳机
2504	1	给老人买的，用的还可以吧
2505	1	手机刚开机的时候有点卡?
2506	1	一开机显示日文？日本货？
2507	1	特别差，大家不要买
2508	1	买完就降价，手机才用几天就卡了
2509	1	手机冲电不带呼吸灯，而且不可以正反冲
2510	1	周五才买完，昨天才收到手机，就降价了。
2511	1	买了7天降价100多，还让人相信不？
2512	1	外形外观：差不好看 运行速度：慢 待机时间：时间短
2513	1	80元的礼包就是这些礼包，其他的什么都没送
2514	1	为什么没有耳机
2515	1	拍照效果：差到不得了
2516	1	外形外观：不好看 屏幕音效：一般
2517	1	用了几天越用反应越不灵敏
2518	1	刚买就降价了！
2519	1	分辨率不行。不能指纹。其他都还好
2520	1	保价只有7天，还不如在天猫上买。
2521	1	刚买还没几天就降价了
2522	1	其他特色：一个月都没有再看就降价了
2523	1	没买半月就降价
2524	1	没送东西，说的呢？
2525	1	才买完没多久就降价了，
2526	1	买完没几天就降价 啥东西啊 真的是
2527	1	上面是有块钢化膜嘛
2528	1	这东西完全是这几年买完从拆包就开始后悔的唯一
2529	1	买完就降价三百 心里不平衡啊
2530	1	手机刚买一天就降价200，还不能保价
2531	1	外形外观：外观有痕迹还不给换货！！！
2532	1	没有礼品，手机可以不要，礼品居然没有(&gt;﹏&lt;)
2533	1	独家使用的**卡居然还有不匹配的！
2534	1	电子三包日期不对，降价还不保价
2535	1	第一次觉得自营的产品那么贵，同样的
2536	1	其他的都可以，为啥保价才一周，降价100不退，不满意
2537	1	买了两台，没东西送没有优惠，等了一星期
2538	1	运行速度：4G手机上4G网真慢。加载图片几分钟。
2539	1	手机不错，但是一个星期降了快600，过分啊
2540	1	手机降价不给退款，而且信号还不好
2541	1	运行速度：上网卡
2542	1	一星给手机。这个价位只能说一般般。
2543	1	商品没问题，商家吧，不喜欢
2544	1	还没买几天就降价怎么多??
2545	1	刚过七天就掉价  不能退货   辣鸡
2546	1	说的保价，结果几天就降了100
2547	1	MD，昨天买的，今天就跌230，呸呸
2548	1	手机好用，京东客服不满意。
2549	1	其他特色：刚刚买四天就降价300我也是醉了
2550	1	才买了几天就降价300????我也就晕了
2551	1	听筒上面有划伤
2552	1	一个多月降好几百，亏死了
2553	1	六月买的激活日期竟然是三月，该说什么好
2554	1	一买就掉价 真的服了
2555	1	买来没几天就降两百多。这活动搞的。啧啧
2556	1	我服了，买了没有一个星期就降价200
2557	1	原以为是5G，结果买了个4G的，真是眼瞎！（城市套路深，我要回农村）
2558	1	买了才一星期就降价400元心寒
2559	1	拍照效果：烂烂烂！！！
2560	1	手机不行使用了一个月就发烫自动重启
2561	1	买完就免息，果断退
2562	1	买来十天左右降价400，问了客服，只报价一周，我的天
2563	1	线上价钱竟然比实体店贵200块钱还没赠送
2564	1	才买半个月就降价300
2565	1	根本没有意义的赠品是为了不让价保吗？
2566	1	要换手机，有质量问题啊！
2567	1	一个多月什么鬼
2568	1	手机才刚刚收到还没有打开就降价了好几百
2569	1	拍照效果：拍照效果跟广告差别太大
2570	1	我要的颜色是银色你给我发一个紫色
2571	1	我才买了**天，就降价400块了！！
2572	1	用了一个月触屏总是失灵，没有想象的好
2573	1	京东真贱，买了十天降价了，还不能价格保护。
2574	1	收到后整个都是脏兮兮的
2575	1	刚买几天就降价几百块
2576	1	没有保修卡 客服是机器人 不知道怎么申请投诉
2577	1	系统难用死了，不太喜欢
2578	1	才买10天降价两百 卧槽 还不给保价 **已经不是以前的**了
2579	1	买了不到一个月，降价～
2580	1	手机电池不抗用
2581	1	与描述不符，说是十二期免息，买到货后并没有免息！
2582	1	这个电量？2个小时。快没电了
2583	1	拍完就掉价，不补差价，而且那时候还没发货呢！
2584	1	29号买的，买完3天就降200.你让我情何以堪
2585	1	拍照效果：拍照效果极差，像素不好
2586	1	先用用看吧感觉不太好
2587	1	唯独黑色没有赠品  买了才发现！
2588	1	刚买十天就降价200，
2589	1	为什么不是曲面屏
2590	1	买完没几天怎么就降了四百块钱
2591	1	手机刚打开就这样，也不知道是不是退货重新发的
2592	1	价格保护只有七天，买贵了这么多，也不退，草
2593	1	颜色发错了
2594	1	好假，没买几天就降价。
2595	1	臭脚，我穿其他鞋子就不会臭，穿这双，给我臭的啊，
2596	1	活动说的天花乱坠，买回来原形毕露，到底有没有优惠，没有优惠别搞活动。
2597	1	买完了以后发现降价了三百?，六月份买的保修显示三月份就开始了?
2598	1	全是灰尘，内包装有折痕，应该是退换机
2599	1	为什么会老是死机呢！
2600	1	屏幕音效：发黄
2601	1	华为的手机也就只能做做屏幕和电池了
2602	1	卡机，经常卡，
2603	1	当时下单页面不是显示送中粮的礼品卡的吗？一直没有收到，问客服一直是机器人回复。
2604	1	手机没什么问题  耳机用一次就没声音了  辣鸡耳机
2605	1	过了两条就降价三百！！！
2606	1	没买十天就降价2百，还不能价保，说什么有赠品，瞎扯淡
2607	1	就是卡屏不是一次了已经
2608	1	辣鸡产品！才买了就好就降价三百！
2609	1	*，甚么破手机，卡都读不了
2610	1	外形外观：后面这的丑死了
2611	1	刚买就降价？还能不能行了？
2612	1	手机屏幕不行会失灵
2613	1	居然连耳机线都没有
2614	1	包装差的一批，就一个裸机，啥也没有，
2615	1	没耳机   卖手机第一次遇到没耳机的
2616	1	电池不耐用，有时候闪屏
2617	1	拍照效果：不怎么样
2618	1	充电好慢，而且优惠套装没有发货。
2619	1	为什么没有耳机
2620	1	手机定位不准切，还有卡死机现象
2621	1	屏幕音效：周围有黑影 外形外观：还行 拍照效果：不太理想
2622	1	耳机都没有，我买个手机还要自己买耳机？
2623	1	一个月就出现三次死机
2624	1	连个膜的都没有，哎
2625	1	没耳机不对焦发热
2626	1	承诺不降价的，还是降了100！
2627	1	屏幕音效：电话居然打不进来  消息没一点声音
2628	1	手机用着挺好的 降价给你个一星
2629	1	不知道什么原因开不了机
2630	1	什么都好就是物流实在慢
2631	1	买完几天就降价了
2632	1	建议不要在京东买，套路多
2633	1	感觉机子有点卡，不是太满意
2634	1	这么快降价，骗我钱
2635	1	其他特色：有点卡电池不耐用
2636	1	刚买就降价，是不是有些过份！
2637	1	刚入手官网就掉价200.... 我只想问可以退货不
2638	1	为什么反应那么慢
2639	1	外形外观：侧面有损伤
2640	1	再也不能再京东上买东西了
2641	1	拍照效果：感觉不清晰
2642	1	运行速度：说三月三十日到，结果今天才到
2643	1	屏幕音效：屏幕下方发黑，品控啊。。。。
2644	1	帮朋友买的，他说没有耳机
2645	1	裸机  连一个耳机都没有
2646	1	没错你又降价了
2647	1	买来没两天就降价了，还不退差价！失望
2648	1	到手好几天了  拍照真差  充电也慢
2649	1	总有几个图标边缘在闪
2650	1	不行，特卡，不赠送手机膜
2651	1	指纹识别失控了，问客服也是敷衍
2652	1	外形外观：有明显掉漆 不给处理 原谅我不能给好评
2653	1	运行速度：卡，反应有点慢
2654	1	买完就降价，@呢，手机还不好用
2655	1	耳机都不送一个钢化膜也没有
2656	1	就是一个千元机的水准
2657	1	开不了机，申请换的新机
2658	1	外形外观：一般，有点重，有点厚
2659	1	为什么连个耳机都没有？
2660	1	照相也就那个样 拍照效果：不是很理想
2661	1	怎么没有赠品呢，不是有充电宝吗
2662	1	双十一立马降价，什么鬼？
2663	1	本来13号到货  14号中午才到  信誉真差
2664	1	其他特色：恶心人的米粉节！！！！！！！！
2665	1	没送八耳机连钢化膜都没送
2666	1	便宜货买的，硬件是坏的
2667	1	为什么有时候，会自动关机？
2668	1	刚买了半个月就又降价了，呵呵
2669	1	才几天就降100，还不支持价保
2670	1	外形外观：一般 屏幕音效：声音小 运行速度：一般
2671	1	刚到手就降价，呵呵！
2672	1	配的东西不全，质检一般
2673	1	没有耳机 拉圾 还降成本
2674	1	充电器不是快充我之前买的小米cc9比这快
2675	1	一打开摄像头就黑屏死机
2676	1	没买几天直接降价100还送耳塞。。。
2677	1	刚买半个月数据线就坏了，充电断断续续的
2678	1	刚买没多久就凉了150，怎么没保价的
2679	1	昨天刚买今天就降价是几个意思
2680	1	破手机，没用几天就出问题了
2681	1	刚买一个月不到就降价?其他没什么，物流也挺快
2682	1	买了不到1月降价啦，心理不爽?
2683	1	我不管，刚买完你就降价果断不能忍
2684	1	一点赠品都没送，还得自行买贴膜。
2685	1	其实没有所谓的6400百万了
2686	1	你老仙人板板，退不了货
2687	1	买回来一个多月死机好几次
2688	1	表面是黑色，屏幕看起来有点丑
2689	1	有木有搞错，买了第2天就降价了
2690	1	手机卡根本插不进去  联系客服影子都看不到 呵呵
2691	1	买了三天降100，还**不让保价
2692	1	8天掉价了，手机有时反应不灵敏。
2693	1	一星给快递，其他一坨屎
2694	1	其他特色：比其它网店贵了近260元
2695	1	感觉翻新机！把盒子一拆开就这样！
2696	1	买完就降价，就送耳机，真讲究
2697	1	我买了一个月不到，降了100你斗我玩呐
2698	1	一个月不到降价0.2k...我哭了.
2699	1	刚**买完没一个月，**就降价了。For you.
