0	3	这也叫满溢屏？上下这么粗的边框&hellip;&hellip;
1	3	手机一百分，京东物流0分
2	3	一般！充电的时候特别热！拍照还可以！
3	3	镜头吐出来太多了，其他还好
4	3	拍照效果：也没宣传的那么好....
5	3	运行速度：还是偶尔卡顿 其他特色：电池没有mate耐用
6	3	买完第二天就免费分期，真的是呵呵&rarr;_&rarr;
7	3	挺好，除了待电量不行
8	3	感觉也没有网上评价的功能多么多，多么好！
9	3	手机没膜，自己要贴
10	3	其他特色：装上以后屏幕两边有痕迹。外观挺好看。
11	3	很容易发热，玩一会就很烫 其他都还不错
12	3	买6488元的手机只送了三百多京豆，开玩笑吧！
13	3	扎心了，老铁！
14	3	赠品就手机和碎屏险还可以，其他的赠品就是摆设，影响好感度
15	3	唉:-(
16	3	屏幕音效：喜提周冬雨还行
17	3	就那样吧
18	3	还行吧
19	3	运行速度：不快
20	3	外形外观：除了万恶的曲面屏，其他还行。
21	3	还行吧，给三颗星
22	3	打三分是因为第一次买出现质量问题，还好售后换了一部新的
23	3	就打一把吃鸡烫的要死。
24	3	外形真的是很丑，又窄又长，真的够了
25	3	系统优化有待提升，还有很多问题
26	3	支持国产支持华为，没想到六千多的手机，居然能烫死人
27	3	运行速度：一般 待机时间：一般 外形外观：一般 屏幕音效：还可以
28	3	运行速度：卡
29	3	华为p20pro手机，价格比较的贵，但是它的品质确实是不错只是运输途中外包装壳已经外包装壳已经被快递弄破了好几个洞是否对手机影响现在还不去希望京东商城提高运输和物流的服务品质保障手机这种商品到消费者的手。
30	3	拍照效果：普通拍照效果一般，拍景色美颜太厉害。
31	3	外形外观：买这个看重是功能，反感曲面屏。
32	3	充电速度还行  但电池并没有期待中的那么耐用
33	3	我不想说啥！还能说啥！国产的！自己选的！往后咋样你猜！6000多呀！
34	3	就一个手机加个充电器，抠到家了，至少也该有个钢化膜吧？?
35	3	拍照效果：拍照效果很一般，真的让人失望 运行速度：挺快的
36	3	屏幕音效：屏幕是真的拉夸 外形外观：前置双摄属实沙笔
37	3	运行速度：挺快 拍照效果：还行 待机时间：耗电有点快
38	3	外形外观：不美观，前置摄像头在屏幕上很突兀。 拍照效果：50倍放大有点虚。        其他特色：对不起这价格啊。
39	3	外形外观：好看 拍照效果：好看 待机时间：待机时间挺短的，半天时间。真假不知道。
40	3	外形外观：还行 屏幕音效：还行 拍照效果：可以 运行速度：还好 待机时间：一班 其他特色：以后再说
41	3	六千多手机感觉就那样吧！发烫的烫的可以摊鸡蛋了
42	3	个人感觉，先说明这是个人感觉，一般
43	3	手机屏幕不好，和三星屏幕相差甚远，拍照不错，价格好高，阻碍了大批爱国人士购买。
44	3	运行速度：一般 外形外观：一般 屏幕音效：一般 待机时间：一般 拍照效果：一般 其他特色：一般
45	3	还行吧！不如11好
46	3	手感还是不错的，就是会发热，电池有点不够用?其他的自己体验吧&hellip;&hellip;
47	3	待机时间：比p30pro短很多 拍照效果：还是可以 运行速度：无缘无故发热，搞不清楚什么原因
48	3	快递员杨旭方非常好，非常敬业，送货速度非常快，每次打电话沟通联系。但是我要抱怨的是JD的服务，说好了18号发货的。给我弄到20号才发货，非常不满意。
49	3	体验一般，用过几款华为手机，和P10比较除外观有变化，其他没有一项革命性创新，下次更换手机可能会选择别的品牌。
50	3	里面全是新功能，要想学会还得段时间，对手机的外观不是很满意，7000多买款新手机连个礼品也没有挺失望的 外形外观：不是很喜欢这款手机的外观
51	3	待机时间：待机时间是真的。 拍照效果：高倍情况下有些差。 外形外观：外观整体之类的，感觉非常好。
52	3	拍照是还好  但是整体操作方便性差了  同事外放声音刺耳
53	3	感觉还行，不支持常规TF内存卡，无线充也没有，不爽
54	3	待机时间一般般，外形好看，运行速度也不快，话这个价钱买个这手机不值 。
55	3	外形外观：好看 运行速度：还不错 待机时间：电量消耗相对来说耗电快，正常使用也要一天充一到二次电 其他的功能慢慢挖掘
56	3	外形外观：外观设计还挺好看的 屏幕音效：单扬声器太次 不如mate30pro单扬声器+屏幕音效来的好 拍照效果：普通人分辨不出来跟mate30pro差不多
57	3	发热严重啊&hellip;
58	3	手机还可以，就是电池不不耐用，跟我用了4年的7P的耐电量差不多
59	3	屏幕音效：还可以 拍照效果：还好 外形外观：还好 运行速度：有点卡 待机时间：还好一天够用 其他特色：待发现
60	3	外形外观：可以的 屏幕音效：一般 拍照效果：很好 运行速度：很好 待机时间：不太行 其他特色：用用再说
61	3	还可以，就是安卓的稳定不好，打*战游戏，屏幕抖的厉害，也可能是没螺旋仪
62	3	外形外观：一般 屏幕音效：好 拍照效果：好 运行速度：一般 待机时间：还好 其他特色：拍照还好，下载速度快，
63	3	拍照效果：差点火候，不如P30 外形外观：感觉不错，手感很好！ 屏幕音效：音效可以，比较不错
64	3	拍照效果：拍摄出来的效果也不是那么好 运行速度：现在现在的运行速度是很可以的，就是不知道以后怎么样了 其他特色：也没有发现其他特征
65	3	外形外观：感觉没有想象中那么完美，是对期望值太高了吗？ 运行速度：5G和4G差不多，没有太大区别 其他特色：充电速度很快，基本上1个小时就能充满
66	3	拍照效果：还行吧 运行速度：还行 外形外观：膜有划痕 待机时间：耗电挺快，主要是发热，开机半小时就开始烫。有点怕已经退了
67	3	用着真心不错，唯一的不足之处就是我同事解开了我的指纹锁，后重新录入指纹，问题才解决，不知道问题根源在哪里。其他的在日常使用方面还是很舒服的，第一次使用华为手机，还不错
68	3	外形外观：好  其他特色：没发现 屏幕音效：感觉  拍照效果：以  待机时间：特别差，4个小时就没电。一天充几次。 运行速度：可以
69	3	外观硬件上还不错吧，但是华为真的软件界面设计急待加强！丑到人类的语言无法形容！
70	3	屏幕音效：还可以，要求不是很高?? 待机时间：待机时间不怎么样，正常使用用不了一天 拍照效果：拍照效果很不错，下面是Pro拍的
71	3	拍照效果：低于期望值 外形外观：正面开孔太大 运行速度：偶尔有卡顿，偶尔触摸失灵 待机时间：还可以 屏幕音效：还可以
72	3	外形外观：漂亮 屏幕音效：很好 运行速度：很快 拍照效果：感觉一般啊！ 手机刚开机就发烫，很烫，不知道什么原因，还在试用中，希望不要继续发烫了。
73	3	拍照效果：拍照完美没得说 待机时间：待机一天某问题 运行速度：现在感觉可以 外形外观：很漂亮 屏幕音效：屏幕的话，我真是幸运的抽到你们说的冬雨屏，用久了的确感觉眼睛不舒服，屏幕有黄边，说真的对不起这个六千档的价格，希望华为越做越好，为客户着想，特地换了苹果过来支持
74	3	外形外观：感觉还行 屏幕音效：还在用 拍照效果：感觉还不错 运行速度：挺好 待机时间：电池耗电有点快
75	3	外形外观：外观整体是好看手感也不错 屏幕音效：可以 拍照效果：不怎么样，拍照的时候放大一点根本就看不到里面的图像， 运行速度：不错 待机时间：也就一般吧 其他特色：等待体验
76	3	收到了，感觉还不错，以前一直用的苹果，还有点儿不习惯，希望能好用，就是这个颜色，有点不对图片，很失望，扣2分
77	3	还行除了相机和信号这里，其他中规中矩，就是前置摄像头是真的好大好大，强迫症给我看出来，巨丑
78	3	外形外观：屏幕很窄，使用不习惯！ 拍照效果：没看出什么特别之处 运行速度：运行挺快的 待机时间：一般安卓待机时间一样，没有什么特色 屏幕音效：屏幕是曲面，不太能接受
79	3	同价格相比拍照也没有很突出 耗电量也特别快   很多朋友也说手机很丑也希望你们在抉择*****考虑    总体来说这款手机跟同价位相比一般化    自我感觉
80	3	拍照效果：拍照原相机效果和苹果和别的安卓机对比、我觉得很暗沉没有色彩、也不是实际的色彩，个人不喜欢。像素就还可以 外形外观：颜色手感还不错 待机时间：如果不怎么使用电量可以用到一天或一天半、如果玩游戏或别的、就要一天充两次
81	3	感觉还是不错，就是线下比线上还便宜，时代变了，以后买东西还是先去实体店看看，免得当冤大头。曲屏屏幕保护膜总是不合适，买了几款都不满意，现在都直接不用贴膜
82	3	屏幕音效：屏幕真的看的很不舒服，就黄黄的，试了别的设置也都不行 拍照效果：拍照还是不错，但是因为屏幕的影响显得图片也不那么香了
83	3	外形外观：刚打开包装取出来发现屏幕右下角和边缘有明显划痕（有图为证哦），不知道是我打开的方式不对还是时间不对。 屏幕音效：整体还行吧。 拍照效果：这个有优势。 运行速度：整体还行吧。 待机时间：。 其他特色：。
84	3	拍照新手需要适应适应，不要抖动手机否则照片会花，一会12期免息一会6期免息一会六期以上85折，感觉有点饥饿营销的套路。不过手机还是不错的。如果华为推出的是12G运行的这个价位真的不错，8G有点逊色。
85	3	外形外观：屏幕这一块颜值担当 屏幕音效：音效也很nice 拍照效果：拍照应该现在业界第一 运行速度：运行速度暂时还行 待机时间：待机时长硕实话一般吧 其他特色：之前一直是P系列的粉丝，总体感觉还是很好的 ，因为还是学生一直想等免息分期的 然后一直没有活动 结果刚到手的第一天就六期免息了 心理多少有点不平衡
86	3	外形外观：很好看 屏幕音效：不错 拍照效果：很强大 运行速度：很快 待机时间：手机性能可以各方面都可以。唯一觉得不能理解的是，居然没有送原厂手机贴膜，也没有手机壳，只是裸机、充电线、充电器、耳机。万一屏幕花了怎么办？哎～只能自己赶紧去买贴膜
87	3	拍照效果：真的不是特别理想5000万像素放大噪点太多 运行速度：不错 外形外观：太长 屏幕音效：一般般还没有苹果8音质好
88	3	外形外观：外观仁者见仁智者见智的东西，我个人觉得很好看 屏幕音效：屏幕对不起这个价位，有点拉夸。扬声器虽然是单扬声器但是音质出奇的好。这个好评 拍照效果：就我目前的体验来说很棒，尤其是5倍光学变焦 运行速度：没得说，流畅流畅流畅&hellip; 待机时间：一般般，亮屏使用五个多小小时 其他特色：等我使用一段时间之后在来分享
89	3	运行速度：流畅 外形外观：不错 拍照效果：没有宣传的好，特别是防抖，感觉没有防抖功能 其他特色：使用时感觉手机温度有时会偏高，微信语音时很明显。另外我p40pro 得屏幕中奖了周冬雨排列的，不是钻石排列的，而且屏幕边缘发绿。
90	3	刚到货，先用用看吧
91	3	可以吧 才开始用
92	3	外形外观：还可以
93	3	拍照效果：效果一般
94	3	感觉一般般，用着在说吧
95	3	运行速度：总感觉卡卡的。
96	3	昨天下单今天降价  非常完美
97	3	没送耳机很烦躁，很难受，手机还是不错
98	3	运行速度：一天下来没我预期的好
99	3	一款型号耗电量比别人快
100	3	还行吧 使用一段时间再来追评
101	3	用了有几天，暂时没发现什么
102	3	外形外观：应该可以吧
103	3	亮度最高会闪屏
104	3	别的都挺好的，就是充电的时候
105	3	作为5g过渡机还行
106	3	外形外观：还可以 屏幕音效：还可以
107	3	就是没有耳机，其他的不错
108	3	还行吧，实物没有照片上的好看，
109	3	其他特色：1499刚买就活动减100.不开森
110	3	拍照不是很清晰，其他还不错
111	3	待机时间：今天试用了一下,待机时间还可以。
112	3	手机是还可以，就是快递不咋滴，以后不会再京东上购买东西了
113	3	手机视频中，出现闪屏，红色
114	3	屏幕手感不错，机子有点卡。
115	3	6.18买的，价格还没现在低，还做什么618日，没意思。
116	3	拍照效果：拍照效果差
117	3	手机大小外观和麦芒6相识，手机比较卡
118	3	快递小哥很给力 下着雨给送来了 手机用了再评价
119	3	拍照效果：low 运行速度：一般 其他特色：系统不更新
120	3	续航能力比我想象中的要差不少 送货速度倒是挺快
121	3	手机外观漂亮  ，不过没送耳机，容易发热。
122	3	宣传的赠品没有，手机还可以，目前没看出来那里不好。
123	3	拍照效果：还不错，但遇到的问题是第一次遇到买的手机没有自带耳机
124	3	运行速度：点安装东西和打开一些东西的时候很迟钝，其他还行
125	3	因为有赠品不能价保&hellip;
126	3	运行速度：玩了几把吃鸡，偶尔卡顿
127	3	待机时间长，像素一般般&hellip;
128	3	这个价位，机子还可以
129	3	用了几天了，速度一般
130	3	本来期待着的心情挺好的，可是送货员送错了，感觉配送员不认字 不负责任，不认真
131	3	看起来不错，就是买的时候没耳机送，买完就又有了，挺郁闷的(╥﹏╥)
132	3	机身很轻，一般般吧！
133	3	一般般.
134	3	运行速度：一般
135	3	送的耳机呢！？
136	3	屏幕音效：不错
137	3	轻
138	3	送的耳机呢
139	3	手机还行
140	3	还可以，接着用
141	3	还行吧
142	3	一般般，很多都要更新
143	3	外形外观：还行
144	3	外形外观：好
145	3	卡顿
146	3	手机收到了，拆了包装一眼就看出来别人7天无理由退的，或者&hellip;懒得换了！
147	3	外形外观：还行 拍照效果：还行 屏幕音效：还行 运行速度：还行吧！
148	3	还可以，就是不让用券。。。
149	3	落霞与孤鹜齐飞，秋水共长天一色，渔舟唱晚晓琼彭蠡之滨。
150	3	一般般吧，自我感觉还可以，就是拍照不太清楚
151	3	拍照效果：只说拍照效果比较好！运行没想象中快！也没有赠品！
152	3	贴的膜第三天就起来了，其他的暂时没有什么，用着在看
153	3	看视频久一点会发热? ?
154	3	可以，建议购买。
155	3	打游戏会发烫。
156	3	屏幕音效：屏幕眼光下有点闪屏 运行速度：还行 待机时间：一天够用
157	3	运行速度：一般般吧！CPU一般般 拍照效果：不真实，一般般 其他特色：其他都凑活吧
158	3	拍照效果垃圾的很！还好我不是很喜欢拍照的
159	3	外形外观：好看 运行速度：不错 屏幕音效：很好 拍照效果：感觉不行
160	3	低端的手机包装用料，手机质感都有明显差别，不过也挺不错了
161	3	我感觉手机重量比较轻   电量挺能坚持的 待机时间：还可以  耐电
162	3	还可以，不错
163	3	3星
164	3	很不错，拍照也可，音质也可，速度也可，很好很好???
165	3	手机很好，但是物流有问题，一天就能送到的，快递员根本没送，第二天又换了一个快递员，很快就送到了，总体还是不错的
166	3	屏下指纹感觉有点不流畅，其他的感觉还好，千元机算不错了
167	3	拍照效果：一般 待机时间：一般 运行速度：一般 屏幕音效：一般 外形外观：一般
168	3	看着不错，用着还行。就是不知道永久回怎么样。可是快递里面没有防压包装
169	3	外形外观：外观漂亮，很柔顺，但是咱们官方的没有耳机吗？就一个裸机。
170	3	还行吧，一般般，后盖比较割手，给老丈人买的，他还比较喜欢
171	3	手机用了要十几天了！觉得挺好现在才来评论！反应快信号比较稳定，就是喜欢华为手机
172	3	外形外观：从侧面按键看，满满的廉价感 屏幕音效：外放声音太尖锐 拍照效果：一般
173	3	拍照效果：一般般 待机时间：一般般 运行速度：一般般 屏幕音效：一般般 外形外观：还好
174	3	系统还是magic2.1去年的手机都是安卓十了，不知道荣耀在想什么，系统劝退啊。
175	3	外形外观：好看 其他特色：其他都挺好的，就是音质不好 拍照效果：拍照效果挺好的 运行速度：运行还可以
176	3	华为红包助手真心不咋滴。 不知道小米红包助手能安装到华为手机上不能。哪位大神告知一下。 运行速度：满意，运行速度很快。
177	3	外形外观：漂亮 屏幕音效：一般 拍照效果：可以 运行速度：一般 待机时间：一般 其他特色：性价比不高
178	3	外形外观：还行吧，这个有色差 比较那个丑 屏幕音效：可以的，但是到手了，膜是坏的
179	3	拍照效果：拍照效果不错。 运行速度：运行流畅 屏幕音效：屏幕显示不错 其他特色：京东有点恶心，买完了隔天就降价10块钱。太**有特色了
180	3	给家里老人买的，没见到，所以给个三星
181	3	运行速度：一般，毕竟价钱在那摆着。
182	3	外形外观：还行吧
183	3	还行 运行速度：非常快
184	3	还没用，之后再说
185	3	电池容量大，待机久
186	3	运行速度：玩游戏好卡
187	3	总体来讲还可以
188	3	当老年机还可以的
189	3	手机还可以，人不怎么样
190	3	给家里人买的。应该还可以吧
191	3	卡卡卡  一分钱一分货吧
192	3	还可以吧。主要是挺便宜的
193	3	不知道是新机还是翻新的
194	3	这个价格的手机符合这个价格
195	3	运行速度：一般 拍照效果：扫码可以
196	3	运行速度：有点卡，其他都还可以
197	3	一般吧，对得起这个价格
198	3	手机还行，京东的服务体验很不好
199	3	长辈用  手机保护套没有
200	3	运行速度：最近开始有闪退情况
201	3	还没用，不知道好不好用，样子还行。
202	3	买个手机，手机壳都不送，其他还可以
203	3	待机时间：待机很适合老人，其他一般
204	3	贬值好快哟。就买了几天就掉价了
205	3	好卡其他还可以就是运行速度不行
206	3	总体不错，棒棒哒，价格实惠
207	3	运行速度：能说 一分钱一分货吧，
208	3	送妈妈的。当老人机用了
209	3	给老爸买的 手机物美价廉 不错呢
210	3	运行速度：没用一个月就开始卡了
211	3	还是有点卡，性价比很高了
212	3	待机时间：还凑合 运行速度：出现偶尔卡顿
213	3	开机画面异常，等待换货！
214	3	手机已收到，手机上网太卡了，
215	3	还行，反应比较慢。
216	3	电池耐用，很不错。
217	3	运行速度：玩三小时游戏就闪退，牢记
218	3	手机壳，屏保都没有&hellip;&hellip;
219	3	手机还没用两天就拿去修了
220	3	拍照效果：不好 待机时间：可以 运行速度：可以
221	3	运行速度：运行卡顿，反应较慢。
222	3	运行速度：一分价钱一分货，毕竟几百块钱。。。。
223	3	性价比不错！便宜。
224	3	外形外观：外观不错
225	3	价格摆着。。。只能说还行吧
226	3	待机时间：电池大，适合老年人用
227	3	这个价位也还行了
228	3	运行速度：游戏时经常会自动跳出来
229	3	外形外观：一般般啦
230	3	其他特色：总是断网
231	3	给老爸用，希望不错
232	3	给儿子买了上网课的
233	3	以后要看清楚了买
234	3	有指纹解锁就好了
235	3	感觉看着还行，希望后面使用给力点
236	3	外形外观：一般般
237	3	买给妈妈用的，还可以
238	3	疫情需要，便宜有用
239	3	好歹送个保护套
240	3	老人机的定位非常好
241	3	待机时间：还行，够用。
242	3	外观还可以，这个价也可以了！
243	3	运行速度：感觉像用了一两年的安卓机
244	3	还没用，不知道咋样
245	3	拍照效果：像素一般
246	3	运行速度：卡 发热 黑屏
247	3	还没用，以后再追评
248	3	还可以有时候会闪退
249	3	可以可以！可以可以！
250	3	用段时间在评价
251	3	还行，耳机都难得有
252	3	昨天下单749元，今天到手后再看699元了????。
253	3	待机时间：这个电池容量比较大，总体还行
254	3	还行，给老人用完全够用
255	3	还没到双十一，送货就延误了。手机还不错
256	3	没送我充电宝 手机还行
257	3	运行速度：此版本系统针对A8运行不稳定
258	3	手机我妈用还不错   运行速度也挺好
259	3	手机还好，就这价格，也不要期望太大
260	3	屏幕分辨率不高，声音够大。还好吧
261	3	可以，橘子，质量在使用中。。。。。。。。。
262	3	快递速度挺快的，不知道机子怎么样。
263	3	小米的商品很好，京东就一般吧！
264	3	手机不错，客服服务态度好，解决问题及时有效。
265	3	这个价位还行吧，屏幕不太好国产屏
266	3	好像有点卡，总体来说还行吧
267	3	运行速度：卡得要命哦，还闪屏
268	3	整体来说还可以吧，毕竟价格在那里了
269	3	昨天刚刚收到，还没有用、不知道怎么样子
270	3	运行速度：还可以挺不错的，刚入手，不敢评价太好
271	3	机子反应好，很轻薄，有点长，物流快
272	3	一分钱一分货 拍照效果：自拍效果真菜
273	3	速度还可以，耗电快。
274	3	手机看起来不错，使用一段时间了再来补评吧
275	3	其他特色：不错
276	3	屏幕音效：还行
277	3	一般般吧，没什么问题，
278	3	千元机，还行。
279	3	送给老爸的父亲节礼物，还没开始使用，用了再来追评。
280	3	外观不错，音质好，拍照清晰，运行速度一般
281	3	很不错
282	3	拍照效果：差 屏幕一直闪 运行速度：还好 待机时间：刚用不知道 以后再追评
283	3	刚收到还没用，手机很轻，嗯看品论很多，犹豫了很久一直用小米，这回试试华为
284	3	感觉一般
285	3	外形外观：保护膜没有贴好，右下角有两个小黑点，其他方面都还不错
286	3	还算可以就是不带耳机，大家要记住1299多了别买
287	3	待机时间：一般 运行速度：还行 外形外观：普通 屏幕音效：正常 拍照效果：一般
288	3	待机时间：太短 拍照效果：一般 外形外观：一般 运行速度：中等 屏幕音效：马虎马虎
289	3	外形外观：挺好，轻巧 拍照效果：一般 运行速度：一般 待机时间：挺好 屏幕音效：一般
290	3	运行速度：挺好 其他特色：没有原配置耳机，需要自己重新购买，我个人还是挺介意这个的，感觉自己买的配的就不是原装的了，有介意的建议慎重购买
291	3	送货速度相当快，第二天就到了。手机只能说还行吧，用了十多天出现两次卡机现象，反应速度一般，不过千元机也算对得起这个价格吧
292	3	外形外观，运行速度等等都还不错，就是要吐槽一下华为手机的UI，设计的是真烂，比我之前的小米差远了。
293	3	外观和显示都还可以但运行速度太慢了我以前是荣耀9青春版是麒麟659现在这个麒麟810按综合百分比来说一点也不比659运行新手机跑分快除了描述相符外其他都五分好评
294	3	待机时间：待机还可以， 运行速度：速度还行 拍照效果：蛮清晰的 其他特色：就是买这段时间自己重启了两次，不知道什么原因，我想以后别在出现了 外形外观：还行 屏幕音效：可以
295	3	屏幕一般，运行速度不错，音效就那，样外形不错适合女生用，拍照还行，还算值这个价
296	3	外形外观：手机外包装有污渍，手机膜上有两道划痕，应是n手机 运行速度：还可以 拍照效果：还可以 屏幕音效：还可以 待机时间：有待考察 其他特色：有待考察
297	3	运行速度：810打游戏还可以 待机时间：中度使用一天没问题 屏幕音效：显示效果出色 但音质砍得有点重喜欢对音质有要求的建议别买 外形外观：容易粘指纹 拍照效果：拍照效果一般
298	3	外观很精致 手感也很好 屏幕这次用上了OLED支持息屏显示很意外 手机拍照一般 就是品控要注意 后壳粘了俩团胶 擦了好久才擦干净！而且后壳容易粘指纹！手机运行速度可以 不卡 给父母用也够用了。总体来说算是千元机中性价比尤其不错的了！
299	3	爸爸妈妈一人一个新手机，新手机外形纤薄，手感轻巧，拍照效果好，音效清晰，视频播放流畅，买的6G+128G的，有快充功能，字体设的大一点，老爸用着还不错，但是电池真是不怎么样，不耐用，正常待机2天是不可能的，老爸说：充满电放兜里不怎么用下班回家也就50%了，这点不满意， 待机时间：非常一般，不像个新手机！
300	3	外形尺寸拿着挺合手。屏幕音效'拍照效果丶运行速度都不错，就是电池不行，一天一充，不过充电挺快的。最让我不满意的是接收  Wlan时，，，老爱断网，时不时的就连不上网了。同一距离，别的手机都可以连网。唯有这个不行。一大短缺。现在无线网又断了！！！??
301	3	整体不错，挺好用的，美中不足的是拿到没几天就坏了。因为是新手机所以保护的很好，没摔过也没放过裤子口袋。但是睡觉前好好的早上起来就漏液了。官方检测说是机身轻微弯曲导致的。??????才用了不到一个星期。也不能换机，只能换屏。我到宁愿是屏碎了，还能用用碎屏险呢
302	3	外观还可以，有点窄一个手刚好握住，拿着挺方便！反映灵敏度一般和我以前一起荣耀v9比起来感觉差一点，人脸解锁很好用，前置指纹效果不太满意！电池耐用性一般，快充不错！不玩游戏卡顿现在暂时没有！总体来说还可以的
303	3	外形外观：外观不错，边框和后盖是塑料的，不过塑料的也做的挺好看，只是做工太差，千元机不应该会这么差，比之前魅族的千元机做工差太多，尤其是后盖和边框的缝隙很大，都能塞一张纸进去，不知道进了灰尘会不会影响使用 运行速度：运行速度不错，手机一直运行3个以上的应用都很流畅 待机时间：待机时间还可以正常不打游戏用一天没问题 拍照效果：拍照就是普通水准，不过用前置摄像头自拍美颜效果一流
304	2	收到货屏碎了，让付费维修
305	3	华为手机怎么都这么细细长的？
306	3	打王者荣耀有卡顿现象
307	3	什么鬼？没买多长时间就降价100了
308	3	为什么听筒声音那么小
309	3	刚买没几天就降价，还没办法保价
310	3	性能并没有宣传的那样好
311	2	外形外观：肯定不是新机器 又油泥
312	3	其他特色：屏幕老闪烁，不知道怎么回事？
313	3	里面咋没有耳机?
314	3	运行速度：有点小慢
315	3	官方标配连个耳机都没有！晕！
316	2	不满意的一次购物，活动随时在改
317	2	刚买就降价，有这么做生意的吗
318	3	膜贴的歪的，看着不舒服
319	3	貌似屏幕有点轻微刮痕，不想折腾了。
320	3	网络有点慢，我还是第一次买这个品牌，
321	3	运行速度：感觉不是很流畅啊，还不如苹果6p呢
322	2	充电充到98就不行了，联系客服没人理
323	3	客服都不理人的吗？
324	3	其他都不错就算屏幕清晰度不是很理想
325	3	感觉一般的吧！没想象中那么好
326	3	一般般，有点小卡，打游戏还好
327	3	待机时间：电池耗电快
328	2	指纹解锁不灵！其它还可以，毕竟价钱在这档这
329	3	感觉也就一般，电池不耐用
330	3	用了一个多月了 说实话没有一加好用
331	2	一般般一般般，怎么有点卡顿？？？。。。
332	3	看视频的画质，比我两年前的红米7差！
333	2	拍照效果：别的还好，拍照不怎么样？ 屏幕音效：屏幕不是很灵活
334	3	没有9x好，电池不耐用，偶尔会卡
335	3	整体可以！就是塑料壳！这点不够好。
336	2	电话没问题，刚买完就送耳机，表示接受不了
337	3	手机还行，就是没有钢化膜，在下边还找不到
338	2	没看到赠品，基础东西
339	2	才几天就降价100元
340	2	外形外观：手机壳上有明显划痕 9成新 感觉有点像别人退回的
341	3	手机刚收到，当时什么都没送，第二天就有活动送耳机了，哎！你们就这么干吧
342	3	续航一般，手机塑料壳，质感一般
343	3	说了开电子票没有开！！
344	2	手机到是没什么   评价差主要是服务   机型颜色都发错了
345	2	其他还行，但是售后是真的辣鸡，切换应用有明显的闪屏感
346	3	说的保价，过了几天就降价了，也没让我通过价格保护申请，坑。
347	2	买了5天降300，亏大了。
348	3	可惜没有耳机
349	3	不给送个耳机？？
350	3	不是全边框的
351	2	一般吧
352	3	降价真快
353	3	说明书都没有，
354	2	屏幕音效：可以
355	3	收到后电池实际是3900啊
356	2	总体不错，为什么有的送耳机，我的没送耳机联系客服装疯卖傻无语
357	3	玩吃鸡不发热，屏幕内指纹解锁灵敏度不高。
358	3	外形还是可以的，使用的时候有点小卡～像素一般般。
359	3	对手机这类型产品京东能不能做好点包装，以面对各种突发情况，下雨天全淋湿了，手机都快掉出来了，我到底该不该该收货？
360	3	家长用着还算可以吧
361	3	手机还不错。挺好用的。
362	3	凑合用吧，一般般
363	3	还没用，不知道怎样
364	3	还可以，直播时买的，说送耳机也没有送。
365	3	运行速度：略慢，比我想象的慢 拍照效果：可以
366	3	手机还可以 就是买两个手机都不送一个耳机?
367	3	可以 东西不错的，会再去买的东西
368	3	手机还行就是不带耳机
369	3	运行速度：这款手机，运行速度还行！
370	3	待机时间：短 外形外观：好 运行速度：凑合
371	3	还行吧！千来块手机一般般
372	3	电池耗电快，手机一般般一分钱一分货。
373	3	像素挺一般，其他都还行，，，，，，，，，，，，，，
374	3	拍照效果：专门买来直播的  效果不好
375	3	拍照效果：效果很渣，视频聊天很模糊
376	3	运行速度：还行， 其他特色：wifi不支持5g，缺点是这个
377	3	买来工作用的手机?，总共一起买了四台性价比还不错
378	3	其他特色：电池耗电快
379	3	外形外观：很好 待机时间：未知 运行速度：有些烫
380	3	好好好，产品好，京东平台和华为自营店的服务太差劲了。
381	3	一般中规中矩，老年人用还凑合
382	3	速度挺快的，当天就能到，不错的一次购物。
383	3	运行速度：乌龟速度，没用过质量还不知道
384	3	手机灵敏度和上网运行速度一般。
385	3	运行速度：不怎么样 拍照效果：好 外形外观：还可以
386	3	运行速度：比我想象的差的很多，运行不流畅！
387	3	用来做备用机，这个价位和配置一般般吧
388	3	耗电有点快 外形外观：好看 运行速度：还行
389	3	待机时间：都还不错，我买的套装，配的膜与手机不够完全贴合
390	3	目前还是比较正常的，后面有情况再补评。
391	3	问客服问题啥也不知道，手机送人的，也不知道咋样，赖赖巴巴吧，毕竟便宜。
392	3	用久了手机特别烫  不知道你们有没有  买给家人用的
393	3	手机看起来不错，使用一段时间再来补评吧
394	3	待机时间：头几天待机时间挺好，越用一天要充好几次电
395	3	老人家用，就发发视频
396	3	还没开始用，过了在说
397	3	收到手机了还不错，，，，，，，，，，，，，，，
398	3	手机收到了，手感还不错，以旧换新就是折价费用比预期的低
399	3	奔着华为品牌买机，不过特让人遗憾，这款机子卡得要命，&hellip;&hellip;&hellip;&hellip;&hellip;&hellip;&hellip;&hellip;
400	3	外形外观：手机还可以就是不带耳机不太好，先用着看看
401	3	外形外观：还行
402	3	用段时间评论
403	3	用过再评
404	3	还可以。
405	3	耳机呢
406	3	还行吧
407	3	好卡机
408	3	一般吧
409	3	收到了，还不错。
410	3	还行吧   就是看别人送了耳机   我的为啥没有呢
411	3	还没用
412	3	运行速度一般
413	3	待机时间：短
414	3	手机还行，京东快递服务之类的还是一如既往的好，但是刚买几天就降价是真的骚，也没个提醒去让我价保。
415	3	整体不错，只是什么都没送，也没有分期免息，很不划算
416	3	外形外观：外形还行 但是不是快充，充电头还是以前老款的
417	3	外形外观：不错 屏幕音效：不错 拍照效果：一般 运行速度：一般 待机时间：不错
418	3	外形外观：个人不喜欢后面的壳 运行速度：还是可以 待机时间：还行吧
419	3	拍照效果：没小米的拍照效果好，其他的不知道买来给家人用的，视频像素真没以前小米的好，价钱差不多两年前买的1300多
420	3	物流很快，机子外观也还行，不足的是没有配耳机，还得自己去买
421	3	待机时间：一般 屏幕音效：不好 外形外观：挺好 运行速度：还行 拍照效果：可以
422	3	运行速度：刚开始还很流畅，不过用了几天就偶尔有点卡顿，网络也这样
423	3	手机其他的都还不错，毕竟价格不高，但是电池个人感觉不太好，电掉的很快
424	3	屏幕音效：还可以， 拍照效果：也不错 运行速度：过得去 待机时间：一天没有问题
425	3	拍照效果：比较差， 屏幕音效：分辩率低 运行速度：一般 外形外观：漂亮
426	3	运行速度：慢，卡顿。 拍照效果：有颗粒物，不清晰。 待机时间：可以。 外形外观：还好。
427	3	运行速度：有点卡 待机时间：比较长 外形外观：可以 屏幕音效：一般 拍照效果：可以
428	3	外形外观：还行 屏幕音效：可以 拍照效果：还行 运行速度：一般 待机时间：可以 其他特色：无
429	3	运行速度：以前华为荣耀都是玩游戏  这部不行新机玩王者老轻微卡顿 毕竟联发科cpu  其他还好  个人介意 那来玩游戏 不要购买
430	3	突然发现那些拼命晒图加好评的真是一道亮丽的风景，客观评价：速度很快，东西没说的那么好，但是一千来块钱也就这样了。
431	3	玩王者荣耀5分钟左右，手机就发热了，继续玩就继续发热。。无耐
432	3	充电快是快，就是。耗电也快，这点不满意，而且容易发热
433	3	外形外观：还好 其他特色：玩了一会儿就有点发烫应该没什么问题用段时间再说 运行速度：还行
434	3	感觉还可以，冲着内存买的，屏幕清晰度差点，用一阵在做评论
435	3	外形外观：还可以 屏幕音效：面的屏幕不好，音效还行 运行速度：可以 拍照效果：一般般
436	3	说送个膜，也没有&hellip;&hellip;&hellip;&hellip;手机用着一般，朋友用的是小米同价位的手机，感觉小米的要好用些
437	3	安兔兔跑分15万，麒麟710A，这个价位也就这样了，不能要求什么性能，只要后期不卡就行了
438	3	运行速度： 般般 待机时间：一般般 外形外观：还好 屏幕音效：一般般 拍照效果：还好 其他特色：没什么特别
439	3	老人机或者对手机质感没要求的，觉得能用就OK买这个性价比也挺好的，想买来主要为了打游戏或者重度手机党就不要考虑了，还是考虑华为的mate系列或者p系列吧，一分钱一分货
440	3	外形外观：速度还可以，不卡，但太厚了，有0.8cm, 比较重，以前的华为手机都是轻薄的，这个不满意
441	3	外形外观：外观还行吧！ 运行速度：运行速度不怎么流畅，有时卡顿。 待机时间：就 待机时间算优点
442	3	6+128一个软件不开，运行内存只剩2.4G，不知道将来会不会发现到128+128，日常基本够用，和平精英非常卡。
443	3	运行速度：很好 外形外观：漂亮  拍照效果：一般 屏幕音效：屏幕不错，音效不好 待机时间：电池消耗很快
444	3	其实手机很轻材质千元机还是不错啦，但是像素没说的那么好，手机屏幕倒是挺大的感觉就是操作反应不是很快，
445	3	外形外观：外形还是beautiful 拍照效果：一般了，效果可以 运行速度：感觉有点卡顿，也不知道是我的感觉还是机子本身的缘故
446	3	外形外观：很好看 屏幕音效：好 拍照效果：可以 运行速度：不快 待机时间：2天 其他特色：没有，买个手机怎么一个耳机都没有。
447	3	新买的手机连保修卡，电子发票都没有 运行速度：慢 拍照效果：良好 屏幕音效：良好 待机时间：一般 外形外观：好
448	3	宝贝包装完好，没有破损！这款手机外形非常酷，非常的娇贵！这是我的第三款华为手机！全面屏，拍照效果好的不得了，这种价格能买到这种大内存手机，不错！手机18号当天下单当天收到的，马上又推荐同事买了一个！同事19号买的，告诉我有耳送？！！！不甘心，和客服交涉未果！差一天就是这种待遇！亏我还介绍同事过来，真的心情非常不好，寒心！
449	3	外形外观：屏幕一碰就花。 运行速度：同价位不如360n7。 待机时间：正常看小说，一天充两回。原来的3607屏幕摔坏了急等着用，看到华为大品你买了一台同价位的用了一周以后的感觉华为确实不错，下次再换手机还买360。
450	3	待机时间：8.9个小时 外形外观：可以
451	3	帮亲戚买的，说是挺好的
452	3	一直在使用华为，支持国产。
453	3	华为荣耀手机，京东自营的。
454	3	还可以吧，性能要求不高
455	3	一包吧，老人用着还可以
456	3	刚到手还不知道好不好用
457	3	外形外观：啦啦啦啦啦啦啦啦！！
458	3	外形外观：不错 屏幕音效：一般
459	3	给婆婆买的，婆婆说还行
460	3	手机样子大概还可以^&omega;^买给女朋友，心情还不错的亚子
461	3	其他很好但是手机一直在闪
462	3	没有耳机，物流速度很不错
463	3	外形外观：外观不错后续体验追加
464	3	除了屏幕有点脏，其他都还行，膜也帮你贴好了，挺好的，就是王者的时候会掉帧
465	3	运行速度：一般般吧
466	3	试试看再来评价
467	3	运行速度：游戏较卡
468	3	拍照效果：拍照不清晰，好暗。
469	3	一分钱一分货，也就那样吧。
470	3	外形外观：外观还可以，中规中矩的。 屏幕音效：AMOLED屏幕，屏下指纹。屏显效果一般般，看了老是感觉眼睛痛。扬声器音量比较小。 拍照效果：拍照效果一般。毕竟这个价格。 运行速度：运行速度有点卡。不过没有影响日常使用。64g的储存内存有点小。 待机时间：待机时间目前是一天一充。 其他特色：九百多块钱买的，感觉挺便宜的。比较具有性价比。
471	3	略卡略卡，不知道是我什么问题。
472	3	快递员服务很好
473	3	待机时间：还行吧
474	3	手机不错 外观可以
475	3	还好还哈哈哈哈
476	3	还行。用短时间在看
477	3	才收到，用后追评
478	3	外形外观： 外观小很了
479	3	运行还可以，没搞活动不够优惠
480	3	外形外观：外观可以。像素不好
481	3	待机时间：和3000mA的差不多 拍照效果：一般
482	3	可以，还是不错的
483	3	能用，给小孩玩的
484	3	外形外观：较精致，手感挺好的。
485	3	疫情期间，配送速度很快，辛苦配送小哥了！
486	3	一直以为20，是10的升级版，我觉得我错了
487	3	给老爸买的，说可以，用起来不错
488	3	待机时间：别的都还好就是电量消耗比较快
489	3	总感觉电用的快  是我听网课了吗
490	3	头天下单，第二天到货，正使用中，用一段时间再来评
491	3	只有游戏卡  其他还可以
492	3	物流非常快，可是手机拍照真的不好
493	3	用了一段时间感觉还行，以后再说。
494	3	外形外观：蛮好看，就是没贴手机膜
495	3	外形外观：外观还可以 待机时间：还不错
496	3	一分钱一分货，外观好看，物流也很快，
497	3	这个外包装，能给几个星！！满星都是给快递小哥的
498	3	网上买手机?，没有实体店看的更清醒。
499	3	感觉样子配置对得起这个价格了 还行吧
500	3	可以。一分钱一分货。能把华为的遥控带上就好了。
501	3	从外观和使用效果上来说，一般
502	3	刚到手.物流很快.手机一般般.买给小孩用.问题不大
503	3	挺好看的，声音不是很大，充电快
504	3	外形外观：100分 运行速度：50分 待机时间：90分
505	3	挺好的，没什么问题，就是没耳机
506	3	外形外观：青春，确实很青春，看着颜色挺亮
507	3	外形外观：挺漂亮的手机 拍照效果：挺漂亮的
508	3	疫情期间，快递小哥很辛苦，希望疫情赶快过去，期待春暖花开
509	3	其他特色：用了几天手机就出问题，要返修。
510	3	手机刚收到就降价10元，唉，该说点啥好。手机如何待评价
511	3	手机还行，一分钱一分货，反正也不是我用的
512	3	目前还看不出问题，让小孩用用再说
513	3	运行速度：一般，看视频会卡，其它还在观望中
514	3	外形外观：粉萌粉萌的，很清新。第二天就到了
515	3	拍照效果：很立体，还不错 其他特色：整体还好，能用
516	3	买给爸爸用，目前为止没有什么大问题，还可以吧
517	3	外形外观：好看 拍照效果：还好吧 待机时间：不是很理想
518	3	货以收到。手机盒很脏。希望手机好用
519	3	相比某些品牌网络不如人家，华为与荣耀的通病。其他还可以吧。
520	3	运行速度：只有一个字卡，别的没问题，凑乎用吧！
521	3	手机还不错，京东越来越不地道了，双十二拍的，第二天就降价。
522	3	还行吧，一分钱一分货。质感不是特别好。
523	3	给孩子买来上网课的。一分钱一分货，期望不要太高。
524	3	买了就降价   外观还行   运行速度快
525	3	上手轻薄。运转一班。老人用适合。
526	3	还可以，买给父母用的
527	3	不错，物流挺快的。。
528	3	总体来说  这个价位的手机还可以， 一分价钱一分货！
529	3	外观不错。拍照效果不佳，颜色不对。
530	3	还没使用，不过看起来就是千元机的品质
531	3	外观可以，拍照一般！
532	3	千块机这样挺好了，能玩和平精英，可惜没耳机
533	3	一般般，一分钱一分货，拍照还可以，电池还行
534	3	还行，买给父母用的。
535	3	不错，老人用很合适。
536	3	答应的卡呢，你干脆说没卡还好些，就知道骗人
537	3	拍照效果：拍照效果一般 其他特色：人脸识别不灵敏
538	3	咋说呢，，就是还可以吧
539	3	吃鸡不能开极限zenlu
540	3	说好的6期免息呢?
541	3	还可以吧！在天猫旗舰店2600多就可以买到了
542	3	七号色很好，但等了半个月也没等到我想要的蜜语红。
543	3	外形外观：还行 屏幕音效：屏幕不怎样
544	3	运行速度：差 其他特色：一般 屏幕音效：一般 外形外观：好
545	3	手机电池耐用，充电快，就是有时候会卡顿。
546	3	还行吧
547	3	待机时间：费电是真的快，早上充满也没怎么看，中午就快没电了
548	3	外形外观：对于这手机，我只有失望两个字&hellip;&hellip;
549	3	刚买回来，用着就卡！
550	3	使用感觉一般，给媳妇买的。为了支持华为，还是入手了。
551	3	为什么明明说了要送充电宝但是却没有送&hellip;我付了充电宝的钱的诶&hellip;&hellip;&hellip;&hellip;？
552	3	手机不错，但是京东APP服务态度不好，手机价保就7天，刚过7天，手机就有一系列的优惠
553	3	暂时用着还可以，一分钱一份货，但愿不要出问题。。。。。。。
554	3	输入法让我特别难受，还不够人性化。支持国产，期待更好
555	3	其他特色：快递很快，机子太长了。已经开机了，也划不来退了
556	3	可以吧，充电快！不怎么会用来拍照！特别是夜景！
557	3	嘤嘤嘤
558	3	耗电比较快
559	3	的确没有vivo实用，便捷
560	3	没有店里的活动力度大，店里2949还送一份二百多的礼包
561	3	待机时间：不太长 运行速度：有点卡 外形外观：还不错 拍照效果：挺好的
562	3	声音效果不太好，声音一大起来，嗡嗡的。颜色倒是挺好看的。
563	3	外形外观：这个颜色挺好看的 屏幕音效：有时有点微卡 运行速度：速度还可以
564	3	运行速度：般  待机时间：电太快了  屏幕音效：不错 拍照效果：还行 外形外观：可以
565	3	手机容易发热， 运行速度：将就吧！毕竟那么多钱买的 屏幕音效：还可以 拍照效果：也还可以
566	3	手机运行还不错，手机整体手工有待提高。还行吧，但是这送快递的吧，那态度实在是太差了。
567	3	电量不耐用，散热功能不好！外观还是很漂亮的，手感也不错
568	3	手机目前用的还可以，但拍照不怎么样，对焦效果不行，使用一段时间，以后再追加评价吧
569	3	拍照效果：拍照真的很一般，6400W真的看不出来。 运行速度：还不错。 待机时间：一天够用。
570	3	手机外观很好，不过有一个很大的缺陷，就是没有耳机插口，与配送的耳塞不匹配
571	3	外形外观：挺薄的，还行 待机时间：用一天，没什么问题， 运行速度：暂时还没发现什么问题，
572	3	运行速度快，拍照效果也好，就是刚买一个月屏幕就出问题了，给换了原厂的屏，售后服务但是很好的
573	3	外形外观：色差，颜色不好看 运行速度：跟以前4G华为手机没啥区别 待机时间：还不错，但是充电不算快 拍照效果：还可以的?
574	3	待机时间：耗电快、内存用得也快，但是不否认，充电还是蛮快的。 运行速度：还行，有时候会有点卡，不知道为什么新手机也这样。
575	3	外形外观：外观还是挺好看的 运行速度：速度可以 拍照效果：按下拍摄键，需要慢等改善画质，前摄像头拍的人像感觉有点变形。
576	3	买给我妈的，不知道质量怎么样，因为我买了好多华为手机了，所以才选择，因为着急着用，京东又快，这个2949，淘宝2349，你说你良心，那也就是*B，LJ，想着就不退了，反正多交点钱给小刘去泡大奶牛
577	3	外形外观：漂亮 屏幕音效：一般 拍照效果：还行 运行速度：一般 待机时间：还阔以 其他特色：暂时没发现，不过这款机子刚买回来两天，出现卡顿。。。。
578	3	外形外观：很时尚 拍照效果：很清晰 运行速度：还行 待机时间：不理想，刚开始待机时间还可以，用了几天后就不是太理想了
579	3	网络没原来4G手机好，比较卡，虽然现在5G4G网络都可以用！感觉就是5G信号差，4G又降速了 外形外观：炫丽 待机时间：长 运行速度：比较慢
580	3	拍照效果：还好 屏幕音效：还行 外形外观：实在是没得广告打的那么漂亮，不满意 运行速度：还好，毕竟是8G的 待机时间：还在试用中 其他特色：暂时没有发现
581	3	外形外观：好看 屏幕音效：还好吧 拍照效果：一般 运行速度：很快 待机时间：一天没问题 其他特色：突然发现华为这款机器做的并不怎么理想，尤其是拍照，效果很一般
582	3	手机外观还行，5G运行速度快，唯独待机时间不行，刚充满电，还没怎么用电量就消耗掉了。
583	3	外形外观：还行，摄像头突出好的，给别人买的。自己不知道到底好不好。 屏幕音效：屏幕大，音量还行，其他的没用也不知道。 拍照效果：拍照就这样吧，手机再怎么也就这样，能用就行 运行速度：新机运行速度自然够快。其他的就这样吧。 待机时间：新机电池还都非常不错，可以开。
584	3	外形外观：我喜欢小点的屏幕手机其实觉得有点大 屏幕音效：音效效果是我最喜欢的 拍照效果：拍照感觉一般，手机色彩感觉不太好 运行速度：运行比较快，但新手机感觉容易发热是怎么回事 待机时间：待机也还可以
585	3	外形外观：很好看 屏幕音效：还可以，没什么感觉。指纹解解锁不怎么好，面部解锁还可以。 拍照效果：拍照的功能是非常强大的。 运行速度：运行速度一般般也还可以。 待机时间：还可以。充电是非常快。
586	3	外观大方，运行速度一般般，价格有点虚高！待使用后，进一步评价！
587	3	手机很好 也喜欢他的外观与颜值 用起来很快也流畅 我也是第一次用华为手机 但是有方面让我不喜欢就是华为的系统不好用 各方面都欠缺很多不足 是我用国产手机里最差的系统 华为那么大的公司也不把系统好好做一下 比如图标 我都把他搞最小 看起来也特别大 是给老人看的吧等等 都是系统方面不足 希望华为能把系统好好大改造一下
588	3	外形外观：挺好看 拍照效果：说实话有点模糊....  这个价位不值得 屏幕音效：语音时 声音很小，我很纳闷。。。 运行速度：还不错，毕竟我不玩游戏 待机时间：良好 总的来说，一般，性价比不高，拍照不太行，同价位手机里拍照没有优势。
589	3	外形外观：手感很好，外观好看！ 屏幕音效：屏幕清晰，音效一般 没有苹果的音效好 拍照效果：拍照不错，广角很赞 运行速度：刚买嘛，速度不错，不知后面会不会卡顿。运行速度感觉还是比不上IOS 。 待机时间：这一点杠杠滴！充电速度也快！ 其他特色：安卓机还是复杂一点，苹果系统会简单些。 买给老妈用的，爸妈都喜欢华为，可我还是偏爱苹果。
590	3	外形外观：很漂亮，但是啥颜色的都一样，都要买手机壳的 屏幕音效：屏幕还好，音效一般，不到三千要啥自行车啊 拍照效果：拍照不想说了，连***的都比不了，反正给爸爸用，他不要求 运行速度：速度还可以，新手机么，用一段时间再看看 待机时间：也还可以，毕竟不玩游戏，就是不支持无线快充 然后这个屏下指纹解锁实在是不咋灵敏，还不如没有
591	3	电量不错 耐用 看视频什么的基本损耗不大  玩游戏的话可以下午打到晚上吧   买来过度不错  安卓机子最大的弊端就是用久了卡 所以说买旗舰机还不这个 反正寿命也就那样   玩游戏有个问题 偶尔会断网   不退游戏连接不上的那种
592	3	外形外观：外观很漂亮，符合预期。 拍照效果：效果很好，比我先前的nova3e强了许多。 运行速度：运行很快，华为技术优秀 屏幕音效：效果很好，感觉满意。不是专业人士，看不出差距。 总得来说，华为手机，国产品牌，做得如此优秀，是我们的骄傲。产品品质优秀，价格合理，很值得推荐。 京东商城，多年来一直感觉是行业的标杆。但，这次在开售21秒支付完成居然没有货！问客服说还有，可以发货，晚上再问就说没有，哪句话是真的呢？没有备货吧。而XXx购晚上5点左右还显示有货。再看看晚发货赔京豆承诺，晚7天内赔5元！！玩不起就不要玩。感觉京东已不是以前的京东了
593	3	外形外观：外观挺好看的，适合女孩子 屏幕音效：一般般 拍照效果：一般般 运行速度：一般般 待机时间：还好 其他特色：页面显示不完整，有完美主义的人不要买，真的很隔应人！看一下图就知道，屏幕底下的联系客服的联字是看不见的！有很多应用都是这样！
594	3	外形外观：还可以，还是挺好看挺不错的， 拍照效果：像素清晰，不过没有我原来的别的牌子的手机拍出来的效果好，也许是原来的手机用习惯了，需要适应一下。普通拍照偶尔曝光微微有点重。 运行速度：5.20号拿到手上到现在除了有些网页有时候点不开怎么也加载不出来，没什么太大问题。 屏幕音效：屏幕我是真的很醉，三十厘米的高度我要放进抽屉里手滑了掉地上了，它居然外屏碎屏了，而且碎的角度还可以这么刁钻。幸好没有撕原厂膜，看了一下评论和网上的留言，都说客服推三阻四，我也不想问了，认栽了自己换屏幕把， 音效也还可以，听歌什么的没有问题， 其他特色：屏幕很脆弱！！一定要想好！真的很脆弱！
595	3	外形外观：用过V20钻孔屏，可以发现这几年华为、荣耀手机外观雷同的太多了，最近出的，也都很是相似，一个外观、配置稍不同就型号不同。后壳7号色还是挺好看的，前边，就那样吧 屏幕音效：OLED屏没觉得好多少，可能和刷新率60有关，没有明显的提升。华为音效都还可以，没有啥特别 拍照效果：拍照真的是出乎意料的差。。。和两三千万像素的之前的老手机比，肉眼看完全无进步，四射很一般。 运行速度：新机器速度没问题 待机时间：新机器，待机OK，轻度使用，两天可以 其他特色：最吐槽的是屏下指纹，自觉中年人身体健康四肢正常，指纹解锁识别反复试错，三次内成功率为零，尝尝试到要锁机了，没办法，只能输密码。总体差强人意。估计半年后降价会达500以上。
596	3	外形外观：颜值也是比较高的，我很喜欢 待机时间：刚拿到，待机应该还不可以，不要求太高差不多一天一充或者两充我就满足了 屏幕音效：这个不在乎 拍照效果：了下相机质量挺不错的  运行速度：还可以，感觉运行挺流畅的 总的来说吧，这个手机在外观配置都很好我很满意， 但是吧，用易烊千玺当封面就让我就很难受了，和同事说自己买的新手机所以人都问我你喜欢易烊千玺？？？ emmmm，不不不，我喜欢的是手机是手机，五星好评的手机加上一星评价的封面，我就平均一下给个三星吧(??&bull;??&bull;?)??????   ?
597	3	外形外观：轻薄 屏幕音效：屏幕素质不够好，hdr视频看不出来效果，屏幕仔细看有像素颗粒感，超高清视频就算了吧，不如苹果6s 拍照效果：中等，摄像头多，但是放大后噪点也明显 运行速度：不错，打开app比较快 待机时间：充电和待机是优势，充电快，待机不错，一条一充，中度使用，不打游戏 其他特色：手电筒照明低，光度不够。消息推送几乎是滑铁卢，慢，实时查收使用不方便，安卓手机通病
598	3	外观不错，触感也很好，不过全面屏和我自己本身习惯有些不一样，正在调整中，还有就是好像***课堂它是退不出来的，不像我之前的手机按了返回键能退回聊天界面，但是课堂还是在线的，这个不行，返回就退出了。还有就是这个手机好像很吸灰尘，好多灰尘啊每天，不出门就在家也是很多灰的感觉，擦了第二天又有灰了。镜头的设计不是很好，过于凸起来了，容易刮花，难保护。手机对女生来说略重，我目前还算可以接受吧，主要是前手机坏了，现在存了很多文件在这个手机里，总之使用感觉还行吧。 顺便一说就是，客服我也不知道联系了是京东的还是店家的，感觉有点不走心，快递也是，送错了，第五天才把手机送到我手里，错过了很多总要的事情，我是需要手机经常拍视频剪辑的，快递送错真是让我很生气了。就酱吧。不黑不吹就是手机一般还行吧，不会觉得很好用，但是也还行的那种。
599	3	待机时间：电池不是很行
600	3	十来天就掉价了！！！咋想的呢
601	2	拍照效果：拍照效果不是很好。
602	3	连个手机膜都不送，小气的一比
603	2	耳塞配套吗，我都搞蒙了
604	3	刚买回来充电有些发热
605	3	为什么手机用着发热的，
606	3	给我发过期卡，有意思吗
607	3	刚买过2天就降价，这是什么道理
608	3	其他的都好，电池不怎么耐用
609	3	买回来第二天就降价，还不能退差价
610	2	屏幕音效：音质不好 有杂音
611	3	屏内指纹不好用
612	3	其他特色：不是很好
613	3	待机时间：不理想
614	3	手机没有想象的好。
615	3	刚收到手机，保护屏就这样了
616	2	送过来，耳机就是坏的用不起
617	2	用着的时候经常关机
618	3	屏幕音效：一般般
619	3	色差！！ 运行速度：慢
620	2	买了才十几天降价，怎么说?
621	2	指纹锁不怎么好用
622	3	感觉不怎么样，发卡
623	3	拍照效果：有点模糊
624	2	用一个月就开始卡
625	3	拍照效果：拍照效果没有宣传的那么好
626	3	手机买了一个月它降价了
627	3	手机一般把，用不一会儿就发烫了
628	3	赠品没有  跳水 快  收到开口了
629	3	入手不久就降价???其他平台分期还免息??
630	3	物流挺快，包装好，，手机还没用呢。
631	3	还可以，用用看，不知性能如何。
632	3	还没开始使用，不知道好不好
633	3	接打电话还行，别的没啥用。
634	3	一般吧，毕竟128    希望能耐用
635	3	一质量，普通手机
636	3	老人用，价廉物美。
637	3	速度快，手机还不错
638	3	卡放好久都放好
639	3	电池还是可以的
640	3	还没用，应该不错吧
641	3	刚收到手机，还没有开始使用！
642	3	质量不错，好喜欢
643	3	手机又小又轻，待机时间最多七天。
644	3	手机还不错就是不知道耐用不
645	3	手机还不错，不过飞利浦的品牌应该不止如此吧
646	3	看着还可以就是不知道用着怎么样
647	3	不知道怎么装卡
648	3	这款手机用的话也就一般
649	3	机子质量不错，好用的手机。
650	3	还行吧！送货超快
651	3	质感不错，老人反应铃声太小，
652	3	给家里人买的，还可以
653	3	东西收到好几天了，本应及时评价，一分钱一分货，
654	3	给家人哦别的，还行，但不够简单
655	3	老爸很喜欢，可惜没有电信版的？
656	3	还没使用，过年带回家。给老人用。
657	3	一般般，感觉还可以吧，用用看
658	3	手机很快就没电，待机刚刚好一天
659	3	轻飘飘的感觉，这个价格买的也叫物有所值吧！
660	3	东西不错，老人用的也挺好的。
661	3	还没用、应该还可以吧、卡座好像不好用
662	3	货已收到，目前试用中，产品如何后期追加评价
663	3	送给老人的手机，操作方便，但音量轻。
664	3	手感还好，就不知道待几天充电一次
665	3	手机用着方便就是待机时间短。
666	3	商品可以，才用时间不长，日后就知道好不好了
667	3	像素太低，待机还行，给个中肯的评价！
668	3	11
669	3	待机还可以，就是听筒声音不是很清楚。
670	3	看样子还可以，拿到手上感觉到很不实在
671	3	不错好是好用，感觉电量没他吹的牛逼大
672	3	外观挺漂亮，就是价格坑了，买的第二天就便宜好几十
673	3	京东618搞特价搞活动 买这个手机真划算真便宜
674	3	目前还不错，给老人用的，她还能接受。
675	3	还行，没有预料中的好，但能打电话
676	3	声音小，送货速度快。能用。还在观察。
677	3	今天到货，有待试用。
678	3	手机一般吧没有什么
679	3	还行吧   主要是老人用  可以
680	3	能下载手机价格实惠 有谁比徒劳品牌菲利普老品牌啊用用还是挺不错的
681	3	还没开始用，但感觉手机一般吧。毕竟才一百多
682	3	还可，目前没发现问题
683	3	还行，没有预料中的好，但能打电话
684	3	实物和图片有差局，不知道用了怎么样，等爸妈用后再来评价。
685	3	一般啦
686	3	还行吧
687	3	还行吧
688	3	一般般，用段时间再说
689	3	商品还行吧！
690	3	我感觉一般
691	3	无原厂封贴。
692	3	听筒有咂音
693	3	待机一般般！
694	3	一般般了。，，，
695	3	感觉还好
696	3	还好吧
697	3	一般般吧
698	3	一般啊噢噢
699	3	还凑合吧
700	3	质量将将凑合。
701	3	试用
702	3	还行吧
703	3	声音还可以，字体很小
704	3	还好，还好
705	3	续航一般
706	3	一般般而已
707	3	声音小的很
708	3	一般般啦
709	3	手机还行吧，就是买的时候没注意看，买回来太小了
710	3	给爸爸买的，操控性还不错，屏幕也大，挺好的东西！
711	3	手机质量不错，就是铃声太小声了，毕竟是老年人用。
712	3	我爸爸说手机不是非常好，比不过他在实体店买的，暂时还没有使用
713	3	物流挺快的
714	3	省电，看着还可以。打电话有电流声
715	3	能用
716	3	东西看着还行，声音不够大，老年人用有点欠缺
717	3	买的手机充不进去电，但客服态度好，快递服务态度也好，所以给个中评
718	3	买给老爸当备用机的，声音比较大，总体比较满意。
719	3	快递很给力！速度特别快！手机还可以，只是，昨天订的，付款后今天就降价，懒得追问了
720	3	手机特别烫，其他还挺好
721	3	换来的那个不错
722	3	其他特色：没有耳机
723	3	为啥我选的灰色送过来是蓝色&mdash;&mdash;
724	3	拍照效果：颜色不正，
725	3	待机时间：耗电快
726	3	其他特色：不能插耳机
727	3	待机时间：待机半天，叫人奔溃。
728	3	下载软件有发热现象，其他还可以
729	3	挺好的  不过这才买几天啊就直接降三百。。。。。
730	3	屏幕音效：可以 其他特色：没有铁屏保
731	3	还在观察中，还在观察中，还在观察中
732	3	不保值，现在的手机用着都差不多
733	3	别的都不错就是用4G玩游戏老断网
734	3	这个配送有点糟心了，手机还可以
735	3	耗电快  信号差 其他还行
736	3	暂时未发现问题，正常使用
737	3	还行吧，不知道是不是正品验证不出来
738	3	品控不行，机子其实还不错
739	3	还不知道好不好用用看吧。
740	3	其他特色：说好的赠品咯？手机不错
741	3	都还可以吧，运行速度快，就差送个耳机
742	3	手机大也重，拿着像砖头一样
743	3	挺好用的，总体好评，有些小毛病
744	3	可能期待值太高了，有一些瑕疵，用用再看
745	3	一般货色，不过如此，也就那样。
746	3	老是没有信号，其他方面还可以
747	3	外形外观：膜没贴好
748	3	拍照效果：还行，没有网上吹的这么双扬声器爽！
749	3	还可以吧，好久不用安卓了一下适应不了
750	3	满足哥不能使我满足，买个手机体验一下世态炎凉。手机还没收到，但是这里先批评一些不自觉的&ldquo;人&rdquo;。为了一己私利，昧着良心@，耽误广大客户发货，实在面目可憎，令人作呕。希望依法追究，将坏人绳之以法，以正视听。
751	3	手机发热比较严重，其他挺好的
752	3	拍照效果：太近不聚焦
753	3	待机时间：耗电比较快，其他的还行
754	3	拍照效果：相机聚焦不好，其他很好，已申请退换
755	3	其他特色：间长了手酸，重和发烧！
756	3	其他方便都好，但是有断流现象
757	3	手机还好 保价如同摆设
758	3	不错，非常好用，就是有时候会卡。
759	3	拍照挺好的，就是过了没多久主板有问题了。
760	3	没有感觉中那么好，软件一直在用在改进不错。
761	3	运行速度：真的是，用一用的，就卡住。
762	3	待机时间：电池超级不耐用别的还好吧
763	3	打王者手机特别烫手，相机还可以.
764	3	手机很好就是没贴膜
765	3	打游戏有时候卡屏，其他的还行
766	3	小米就是贬值快
767	3	除了手机容易断网之外都还好??
768	3	心态爆炸  14号买18号掉了500快
769	3	拍照效果：近处拍照很模糊 其他特色：快充会失灵
770	3	拍照效果：感觉还行吧 外形外观：闪光灯太下了
771	3	拍照效果：一般般吧，一分钱一分货
772	3	断流啊。开个流量打都能350多ping
773	3	待机时间：电量消耗太快了吧，不过充电也挺快的。
774	3	总体感觉还可以，就是电量用的太快了
775	3	手机挺好，就是京东星卡身份信息上传始终不成功，赠品订单给我取消了
776	3	前置摄像头歪了，打游戏烫手。其他还好
777	3	套装价格比单买加起来还贵，耍猴子啊??????
778	3	运行速度：手感还行，先用着看看再说吧
779	3	降价，再降价，要买的同学，也许考虑明天买会更好&hellip;&hellip;
780	3	拍照效果：优 屏幕音效：不错 待机时间：太差 运行速度：不错
781	3	外形外观：有点厚 运行速度：还可以 待机时间：还好
782	3	手机本身很好，京东服务嘛，不想吐槽，失望！
783	3	屏幕音效：没毛病 拍照效果：不理想 待机时间：还可以
784	3	待机时间：待机耗电有点快，难搞 外形外观：可以
785	3	买了相差几个小时价格就降了，第二次用小米，还行吧
786	3	手机五星好评，客服一星
787	3	外形外观：帮朋友买的，我自己非常不喜欢曲面屏！
788	3	4月生产的国产屏。42
789	3	外形外观：我会向大众宜传京东欺骗手段
790	3	618已经全部国产屏了
791	3	运行速度：12核的运行反应差不多和用了三年的华为@一样
792	3	手机较发热，耗电快，大电池也不耐用
793	3	主要是快递太慢了，手机还不错
794	3	拍照效果：就是拍照掉分了，其它都好。居然没自带京东商城APP
795	3	拍照效果：和三星手机比掉渣了
796	3	感觉也就那样吧，在用用看
797	3	拍照效果：拍照竟然  绿屏    卡顿
798	3	国产屏，心有点累，但是确实价格很划算，直接出给我同事了，继续用我的一加8
799	3	发热  玩游戏有断触  希望更新miui12能有好转
800	3	其他还不错，只是玩游戏发烫，信号网络特别差
801	3	其他特色：反应不灵敏，其他都很好
802	3	还行吧有一点小瑕疵细节做的不到位
803	3	待机时间：手机一直发烫，电用的特别快
804	3	整体感觉还不错
805	3	整体感觉还不错，，，
806	3	比我的小米8还烫
807	3	其他特色：看到有网络一上网了就没有了。
808	3	运行速度：挺快的 屏幕音效：感觉震撼 外形外观：可以
809	3	支持国货！ 刚买完就出了24期免息好亏阿
810	3	第一次用苹果不要让我失望!
811	3	拍照效果：一般 运行速度：未发现问题
812	3	手机发热情况明星，其他的还行
813	3	外形外观：看起来还不错。
814	3	这个刚开始用，过段时间追评。
815	3	待机时间：超级短 拍照效果：可以
816	3	等先用一两个月再说
817	3	一颗星给快递小哥
818	3	运行速度：卡 黑屏
819	3	不知道真假 送给妹妹的
820	3	刚到手，试试再说
821	3	还没有用，期待吧
822	3	其他特色：还可以
823	3	玩和平精英卡顿
824	3	运行速度：就是买了第二天就降一百还没得补。。。
825	3	马马虎虎吧 拍照效果不如x好
826	3	拍照效果：还行 运行速度：慢
827	3	其他特色：一般吧什么也没送
828	3	感觉不错 物流业给力 包装也好
829	3	刚买完就降价了300块&hellip;&hellip;&hellip;&hellip;&hellip;&hellip;&hellip;没话说 手机还是好用的&hellip;&hellip;
830	3	运行速度：运行速度好慢
831	3	物流很给力，价格实在，以后会再来买的
832	3	物流很给力，价格实在，以后会再来买的
833	3	物流很给力，价格实在，以后会再来买的
834	3	物流很给力，价格实在，以后会再来买的
835	3	有失望买第二天就送3000豆
836	3	拍照效果：： 一般般吧，还可以，老牌子一直用
837	3	运行速度：整体来说一般吧
838	3	解释权反正都归京东所有。
839	3	其他特色：特色就是没网
840	3	细长，蓝牙间歇性自己断开
841	3	拍照没我8p好是真的整体不错吧
842	3	拍照效果：拍照是真的渣
843	3	客服态度很好，快递也很快送到唯一不足的就是送来的手机硬件有问题
844	3	个人目前不太喜欢苹果，帮朋友买的
845	3	外形外观：外观看着像二手
846	3	还没开始用，用了在评价
847	3	目前没有什么问题等过段时间来追评
848	3	运行速度：新手机居然会卡
849	3	其他特色：分辨率真的低
850	3	其他特色：东西不错，就是什么也没送
851	3	拍照效果：清晰度挺好的
852	3	有BUG，京东物流还是那么快
853	3	其他特色：烫手，其他挺好的
854	3	拍照效果：一般般，还没x清楚。
855	3	烫烫可以用来削指甲
856	3	运行速度：偶尔卡顿
857	3	运行速度：一般般
858	3	不愉快的购物，不予以评价
859	3	搞得我再不想在京东买任何东西了
860	3	还好，这次没翻车，希望后面不会有其他问题
861	3	激活手机烫的厉害
862	3	手机刚到就发烫
863	3	同事下单的，送京豆还比较划算
864	3	还行，没什么问题。
865	3	拍照效果：没有我的8P清晰
866	3	一如既往地没什么特色
867	3	外形外观：绿色还是挺好看流畅 拍照效果：没有试呢
868	3	能这样包的也是个人才
869	3	手机还可以，客服真不行
870	3	用二天了，一如既往方便
871	3	拍照效果：一般般。感觉还没安卓像素好
872	3	第一次变果农，还行就是偶尔烫
873	3	一般吧 等用了几天再说
874	3	拍照效果：拍照真的很鸡肋。
875	3	外形外观：厚重 拍照效果：拍照一般般
876	3	外形外观：还行 拍照效果：还可以
877	3	其他特色：换货后拿到满意的手机了
878	3	手机不错，买完几天便宜300.元
879	3	刚收到保修期显示已经过期
880	3	还不错，本来想买白的暂时没了，蓝牙不太方便
881	3	还可以先用着先，以后再追评
882	3	缺乏创新，希望下一台可以突破。
883	3	刚激活的时候卡了一下
884	3	物流很给力，价格实在，以后会再来买的
885	3	物流很给力，价格实在，以后会再来买的
886	3	物流很给力，价格实在，以后会再来买的
887	3	物流很给力，价格实在，以后会再来买的
888	3	物流很给力，价格实在，以后会再来买的
889	3	物流很给力，价格实在，以后会再来买的
890	3	物流很给力，价格实在，以后会再来买的
891	3	用着有点卡。其他还可以！
892	3	马马虎虎 觉得也就这样
893	3	查询正品，刚刚的。包装简陋，有破损，还好手机没问题。计划用三年再换5g
894	3	拍照好看，电用的有点快
895	3	其他我就不多说了，反正不会给好评
896	3	这个就是买之前和买之后的态度转变
897	3	还行我是没有发现问题
898	3	信号特差，只针对苹果手机给的评价
899	3	一般吧   我这个提前激活了
900	3	手机不错，快递员态度不太友好
901	3	待机时间：电量走的挺快的
902	3	东西挺好的，还可以的。
903	3	给朋友买的，也不知道好不好用。能不能行
904	3	拍照有水波纹，其它还好吧
905	3	手机很棒，减两星给配货速度。
906	3	手机很满意，但是没有赠品比较不开心。
907	3	会发热，确实笨重
908	3	运行速度：还行，赠品一个也没有
909	3	外观和图片描述有色差，用着还可以
910	3	还可以吧，用了随后在追评吧
911	3	拍照效果：前摄像头拍照台次了  乌黑
912	3	3188买了五天不到，现在就2999，心累。
913	3	还行吧，没什么亮点，也就那个样
914	3	不知道为什么它喜欢卡屏，拍照效果不错
915	3	待机时间：用用看吧。
916	3	物流慢，总体还不错
917	3	买给别人的，不知道
918	3	外形外观：开箱有灰尘
919	3	外形外观：还凑活
920	3	商品不错，但是买完就有赠品，是几个意思？
921	3	运行速度：还行，不知道用一段时间怎么样
922	3	手机不错，快递更不错，饥饿营销
923	3	拍照效果：还可以。
924	3	手机是好的，快递是慢的
925	3	拍照倒是不错，散热太差了。
926	3	今天中午收到了，一直以为6.18那天就会发货
927	3	物流挺给力的，用段手时间在看吧
928	3	手机还可以，就是正常都给个透明的软壳，啥也没送
929	3	手机很好，但是我只能给这么多。像个傻子似得被玩弄
930	3	运行比较平稳，等待到货时间太长，游戏温热。
931	3	还行吧  我也不知道  红红火火恍恍惚惚
932	3	都挺好，就是降价速度太快。总感觉自己买的不是牌子机
933	3	手机没问题都很好  就是不送耳机
934	3	外形外观：还好啦啦啦啦啦啦啦啊考虑考虑
935	3	颜值可以，做工一般
936	3	在家了！！在家里面没有我是谁呀、在你家玩呢、在家了！一切
937	3	总体上还可以、买早了两天多花了两百
938	3	好好一个手机为什么非要安装那么多
939	3	美颜效果差得一批。。。拍照效果纯粹是吹牛！
940	3	运行速度：为什么好卡
941	3	手机还可以，就是没耳机，就一个充电器，无奈。
942	3	还没用，希望耐用
943	3	外形外观：有一点瑕疵
944	3	啥都好，就是耗电快，电池不耐用！
945	3	用了几天还可以吧
946	3	暂时没有什么问题，质感非常不错
947	3	用了半个多月掉电快，价格也掉
948	3	手机散热不行，耗电较快，其他还行，物流蛮快的
949	3	感觉买了台翻新机，真的真的真的
950	3	手机各方面都很好，就是手机包装不太上心
951	3	我感觉买到了一个翻新机
952	3	快递相当快，几个小时就到了，这款不带耳机买的时候没看
953	3	没有什么惊喜，就是凑合用着呗。
954	3	照相效果超好，手机反应超快，很满意的一次购物。
955	3	外形外观：可以敢啊 屏幕音效：一般般分辩率
956	3	用了一段时间，荣耀真的一般，华为比荣耀要好
957	3	手机还可以
958	3	手机很好
959	3	哈哈哈哈嗝
960	3	感觉一般。。。
961	3	拍照不太好   不是很清晰    运行还不错
962	3	待机时间：较短
963	3	待机时间：不咋的 拍照效果：一般吧 运行速度：还可以
964	3	后悔了????应该买p30的
965	3	买了不到10天又降价200，真够可以的
966	3	都挺好的，就是偶有卡顿！不知什么原因
967	3	外形外观：刚拿到手机，检查外观有划伤情况
968	3	还行吧  远没有广告说的好
969	3	手机很漂亮，就是才买一个月就降300感觉好亏啊！ii
970	3	手机超级好喜欢  不送耳机所以给中评
971	3	物流可以，快得批爆，就是手机使用起来有点烫哈。
972	3	看视频不清楚，不知道什么原因。其它挺好
973	3	手机很漂亮，只是没有耳机感觉很不舒服
974	3	拍照效果：你们有没有觉得&hellip;这个开高倍特别糊，七倍变焦就开始糊了
975	3	这个色号，这个相机！！！！！
976	3	拍照效果：色彩失真
977	3	拍照一般，只是夜景相对好些而已和mate20相比。
978	3	用了几天手机还不错，就是刚买完就送手环让人有点失落感
979	3	放了一个晚上，耗电5%，新手机？
980	3	运行速度：还可以，就是感觉应该送个耳机?
981	3	外形外观：侧面指纹解锁很方便 拍照效果：放大倍数会模糊
982	3	手机还是不错的，拍照也很好，只给3他是因为没有指关节操作！
983	3	拍照效果：可以 外形外观：还好 运行速度：不太快，还可以
984	3	别的都挺好，就是这个电池一点儿都不耐用
985	3	运行速度：挺快 屏幕音效：不太好 拍照效果：前置不太好
986	3	竟然戴耳机就不能充电，你懂的，其它的目前没发现什么，配送员的服务态度很好
987	3	手机终于到了非常满意，虽然荣耀这波操作很恶心
988	3	还好吧
989	3	没有激活码，刚到手先用着吧。
990	3	快递小哥，很给人。服务好态度好！赞赞赞?
991	3	发货还是很快的，就是手机用的时候会发烫。
992	3	外形外观：小米忘记初心了，学隔壁华为，P图P的这么&hellip;&hellip;
993	3	样式挺好，电池挺耐用。就是充电有点慢
994	3	外形外观：还行 拍照效果：一般 运行速度：有时会卡 待机时间：不错
995	3	外形外观：屏幕挺大的 待机时间：待机时长还好 拍照效果：一般
996	3	看着挺喜欢的&hellip;&hellip;感觉有点卡
997	3	拍照效果：不清晰 外形外观：还行 买给我爸的 其他特色：其他还行吧
998	3	还不错
999	3	就那样了
1000	3	外形外观：挺好的，真的非常不错，拍照特别清楚，真是的是爱了，不过快递有点慢的
1001	3	运行速度：稍微有点慢 屏幕音效：还行吧 拍照效果：符合这个价位
1002	3	外观不错 但是玩游戏帧率不高比较卡适合当老年机
1003	3	还行吧，性价比不错。。。。。。。。。。。。。
1004	3	外形外观：看起来挺舒服的 运行速度：但是手机运行我妈不太满意
1005	3	用后再评
1006	3	外形外观：手机保护套太硬了不好用，手机还没开始使用，暂不评价
1007	3	手机用的还行  给父母用的  足够了  但游戏还是卡
1008	3	一般吧 999还要啥自行车
1009	3	外形外观：错  运行速度：一般 待机时间：长 屏幕音效：般  其他特色：没 拍照效果：差
1010	3	充电指纹位置烫、玩游戏整个烫、做备用机还可以
1011	3	外形外观：和朋友一块买的   他的送耳机了，我的却没有，心塞
1012	3	拍照效果：前置摄像头一卡一卡的 别的地方还好，就是拍照效果很一般
1013	3	性价比高，电池真的耐用。自带的充电线不是快充？充电感觉很慢
1014	3	只能说一般吧，平时用用还可以，要是玩王者之类的游戏发烫。
1015	3	可以，还不错，其他都好，就是处理器一般，待机时间也很长，不过，嗯，这些价钱还要什么自行车呢？
1016	3	外形外观：一般 屏幕音效：差 拍照效果：好 运行速度：慢 待机时间：长 其他特色：没有使甲
1017	3	外形外观：一般 屏幕音效：一般 拍照效果：还行 运行速度：还行 待机时间：一般 其他特色：没有
1018	3	运行速度：在玩游戏下卡的一比，投屏电视惨不忍睹的传输率，除了照相还不错简直没什么优点
1019	3	手机便宜，性价比还不错，但是没有耳机?！摄像头虽然多，但图像质量不好
1020	3	有点卡，原本这个价位可以买到小米cc9e，比10x流畅的多
1021	3	还想请老板回复下，这款手机小爱同学没有熄屏唤醒吗，帮爸妈买的，就是怕他们找不到手机的时候叫一下
1022	3	外形外观：可以 屏幕音效：可以 拍照效果：暂时不知 运行速度：还在用 待机时间：还不知道 其他特色：还没发现
1023	3	发货挺快，但感觉不是很流畅，没有之前的小米6流畅呢，外观不错。希望老爸喜欢这个礼物?
1024	3	外形外观：还行 屏幕音效：还行 拍照效果：还行 运行速度：不咋地 待机时间：还行 其他特色：充电快
1025	3	外形外观：大方 屏幕音效：音量大 拍照效果：一般 运行速度：还行 待机时间：不玩游戏时间挺长 其他特色：价格低
1026	3	贴着小米牌子的高端山寨 价格1200 国产芯片还要加油 给国产做贡献了  给老年人 父母足够了 给三星是因为没有找到插针  懒得去搞了
1027	3	样式但是不错！清晰度真一般。。居然还么有耳机。。我爸说有个用的就行，选的这个！
1028	3	为了MIUI12买的、但现在7月了、12在旗舰机上都难用。。当初想在这机子上体验下丝滑的系统呢、我想多了&hellip;&hellip;
1029	3	待机时间：还行 运行速度：时好时不好我也不知道怎么形容 拍照效果：还可以吧 屏幕音效：可以的
1030	3	颜色失真，图片看白的很好看，实际颜色失真，其他还好，后续会继续追评价
1031	3	挺好的，挺便宜的。不过说不会送贴膜。但是拿到手机后，手机上都贴上钢化膜了。害得我单独买了钢化膜。事先没和我说清楚。
1032	3	外形外观：非常的漂亮。 待机时间：手机待机的时间可以两三天，电池非常的耐用。 拍照效果：拍照效果也很好。发货速度很快，今天买的今天就收到货了。
1033	3	外形外观：还可以！ 其他特色：机子还可以！不过好长时间不在京东买东西了！这是包装里面不见赠品！够马虎的！
1034	3	外形外观：不错 屏幕音效：屏幕显示效果不好 拍照效果：一般 运行速度：一般 待机时间：满足一天使用 其他特色：没发现什么特色
1035	3	手机外观不错，机子有点卡顿，体验一般，期待miui12更新后的体验
1036	3	外形外观：可以 屏幕音效：也还行 拍照效果：可以接受 运行速度：不玩游戏ok 待机时间：差，耗电贼快！！！！！！！！ 其他特色：还没发现
1037	3	快充感人，系统还是熟悉的系统，比较好上手，总体比较满意，唯独很大但也很重啊。
1038	3	外形外观：外观可以 待机时间：可以 真强 拍照效果：很一般 自拍照 不流畅 很卡 运行速度：手机更新系统就有时候卡到了 应该是处理器太小了
1039	3	外形外观：外观很不错 屏幕音效：音响一般般 拍照效果：千元机有这个拍照效果很不错了， 运行速度：游戏跳频有点厉害，
1040	3	拍照效果：拍照效果挺不错的 运行速度：一般，有时候还会卡死，失望 待机时间：电池容量4520mAh，新电池待机时间长也正常 外形外观：还可以，手机也不算太重
1041	3	外形外观：千元机外观 屏幕音效：千元机屏幕 拍照效果：千元机效果 运行速度：千元机速度 待机时间：不错 其他特色：优点：电池容量大，但不适合对性能有丝丝要求的人群使用，合格的老年机。
1042	3	外形外观：还行，到手已经被用过两个小时 拍照效果：不错 运行速度：可以，手机发烫 其他特色：联发科处理器不出意外，发烫。摄像头那里发烫。玩游戏烫手
1043	3	外形外观：挺好看的 屏幕音效：屏幕显示也挺好，不过这个手机的通话质量太差了，声音断断续续的，有事好像还断线 拍照效果：杠杠的 运行速度：还可以日常够用 待机时间：还好 其他特色：我喜欢小米的ui
1044	3	拍照效果：拍照效果不太理想 外形外观：摄像头凸起来，必须要用手机套才行，手感整机有点重！ 运行速度：运行速度一般。 待机时间：待机时间还可以，基本上两天充一次电，用的不是很频繁那种。
1045	3	外形外观：还行吧！ 屏幕音效：屏幕色彩还可以，外放音效不错，耳机听的音质一般 拍照效果：一般 运行速度：一般 待机时间：非常不错 其他特色：就一个万能遥控器不错，最后想说的是说是快充，赶不上我以前的慢充手机两小时充满，这个手机说是快充，三小时多才充满！充电慢慢慢！
1046	3	这手机看上去不错，屏幕够大，音效也好，运行速度也够快，就是拍照效果和我三年前买的红米3差不多(都是放大8倍后得到的照片比较，可能是我不会用吧)。开机运行发热比较大。
1047	3	给老爸买的只从一个轻度使用的中年男子角度评价这个手机他的用途：电话~拍照快手~喜马拉雅@优点：电池耐用充满轻度使用可以用两天有红外可以做电视遥控器缺点：我把能关的都关了日历里仍然有广告来电铃声开到最大也很小在我家另一个屋子都听不到我个人认为对年龄大的人很不友好趁618做活动给爸妈换了手机六一时898买了z5x除了没有红外其他都还挺好的而且没广告这个贵了300感觉不值
1048	3	待机时间：待机时间我觉得挺不错的，早上八点开始，2个小时王者，中午导航一个小时，正常使用到晚上20点左右，还剩下50%左右电量 外形外观：整体外观非常不错 屏幕音效：屏幕不是很好，感觉有点刺眼，和2000左右电话一对比，特别明显。一分价钱一分货 拍照效果：拍个千元机里已经很不错了 运行速度：不打游戏的话，挺不错的 其他特色：王者荣耀的话，FPS差不多45-50左右，整体打下来还可以，团战不卡。和贵的电话全程稳定60比不了
1049	3	手机像素很好，拍的很高清电量很好用， 屏幕大小很好，信号与网速特好，但是玩儿游戏比较差一点， 尤其是大和平精英的时候太卡了，我的意见是玩儿游戏的人别买了，
1050	3	外形外观：外观不错 高端大气上档次 还有四摄像头真不错 屏幕音效：显示清晰 喇叭声音响亮 拍照效果：试下感觉还不错 微距 变焦都满意 运行速度：飞快 比我的小米8se运行速度快很多 待机时间：大容量电池 重度娱乐一天还有电 其他特色：长时间运行 摄像头那里温度较高 还有不知道是不是硬件问题 还是手机质量问题传感器是不是坏了 见图连续三天 最多一天能走500多公里 太夸张了 其他都还可以
1051	3	外形外观：大方 屏幕音效：大气 拍照效果：不错 运行速度：较快 待机时间：较长 其他特色：充电速度较快，屏幕膜全覆盖就好了，前置摄像头可不用例外的。 之前的手机用了近四年，终因好多系统不兼容，运行速度慢而光荣退休了，新手机前晚下单，次日上午送达，物流非常快，第一次在线上买手机，第一次买小米手机，试用了一段时间，体验感不错，特别是速度快多了，待机时间也很长，充电时间也挺短的，拍摄选项多，成像不错，总之性价比挺高的，客服服务到位，但没有一贯如此，中间有个别客服的服务质量有待提高，所以给个中评。
1052	3	外形外观：跟风尽量的挖孔屏  千元档位 设计不错 但摄像头凸起  屏幕与边框过度太差 屏幕音效：屏幕觉得不错 亮度不低 音效中规中矩 振动马达反馈不错 拍照效果：觉得拍照挺好的 运行速度：速度还可以  没玩过游戏也不打算玩游戏 日常生活够用 待机时间：不知道是MIUI11的事 还是手机的问题 这么大的电池  掉电挺快的  总结 千元机  我不会要求太多  满意的地方很多 只是觉得续航差  不玩游戏 机身发热
1053	3	千元机水平，买给家里老人家用其实还是不错的，不过看到的耳机赠品送完即止，没有收到。而且这膜贴的也是醉了，下面竟然还带尘的，客服说可以换货，怕麻烦就算了，都开了别人再用就变二手了，自己将就着用吧，总体感觉还行，刚到手
1054	3	运行速度：新买来就有点卡
1055	2	到手就是这样，我也是服了。
1056	3	有点厚，其他用了才知道
1057	3	运行速度：有点卡 待机时间：新机一天
1058	3	手机没用多久就会有点卡
1059	2	运行速度：妈妈用起来都说有些卡
1060	2	一般般吧，过一段时间在追评
1061	2	刚买回来，没耳机挺扫兴的
1062	3	不定时出现断网？  烦死了！
1063	2	运行速度：很差 外形外观：还可以
1064	2	塑料的外壳一般般，
1065	3	自营物流慢成狗。
1066	3	外形外观：颜色有色差
1067	3	充满电要2个半小时
1068	3	感觉屏幕有点卡，
1069	3	信号一般！信号不好
1070	3	手机反应速度慢
1071	2	游戏卡的不要不要的
1072	3	外形外观：不怎么样啊。
1073	3	开机屏幕不是很流畅
1074	2	联发科还是不行
1075	3	网络系统不稳定
1076	3	不送耳机不是闪充
1077	3	自拍摄像头有点差
1078	3	反应速度较一般，价格摆在那。
1079	3	开始买那个一点用都没有！幸好换一个。
1080	3	还可以吧，使用用一段时间再来追评，
1081	3	充满电可以用一天，电量耐用
1082	3	外形外观：前置摄像头好丑
1083	3	没有相信完美，不过还可以呢。
1084	3	像素还是可以的
1085	3	感觉一般吧，系统的反应也还行吧！
1086	3	很好用不错，价格没优势
1087	3	希望是正品吧，p20毕竟用着还可以，p40没用过啊！
1088	3	说明书上写的很好，我也赞同，可是盒子里没有取卡针
1089	3	外形外观：正面不错。 屏幕音效：是全面屏且屏下指纹
1090	3	性价比没有mate30和小米10高
1091	3	都说华为是民族之光，其实都是营销而已。。
1092	3	东西似乎还行，还在研究，只是比实体店少好多东西，
1093	3	别的都挺好，就是快递营业部不接电话，而且拿件地址还不对
1094	3	还行吧
1095	3	外形外观：好
1096	3	现在刚收到手机，看看使用效果。希望国产机能好用。
1097	3	就是个丐版
1098	3	还没开始用
1099	3	一般般般般
1100	3	没有想象中的那么完美 待机时间：电量用的特快
1101	3	我要吐槽一下后摄像头  不知道是不是我不会用  其它的暂时没问题
1102	3	屏幕音效：音质不好 运行速度：一般 外形外观：还行
1103	3	想了解的，看图说话，我也不知道该给几星好评了
1104	3	拍照效果：效果不错，就是自营的就是比不是自营的要差，以后再也不会买自营的东西了！
1105	3	这个价钱还可以吧经常使用苹果，偶尔使用安卓话，感觉还行。
1106	3	拍作业会糊
1107	3	屏幕音效：不错 其他特色：手机发烫真的很严重，耍起手机都害怕。
1108	3	手机拍照方便，音质也不错，就是容易发热，
1109	3	外形外观：很不错，观察好久，今天立刻买了，手感挺好，很喜欢，谢谢
1110	3	外形外观：还行 待机时间：不长、一晚上掉电31%，我买到问题机了么？
1111	3	拍照效果：拍照真棒，送了一个手机都没用，我跑了两次到电信营业厅去办，说没用的，表示很不满意，
1112	3	没什么惊喜
1113	3	华为还是不错的选择，就是第一次收到的产品摄像头下面有黑斑，又换了一下，希望大品牌更加精益求精。
1114	3	就这些吧，阉割了很多
1115	3	待机时间：其他方面还不错，就是待机时间，电池有点不敢恭维，充满电可以使用四个小时吧，最多
1116	3	外形外观：外观很好看，就是觉得拍照不是很清晰，跟宣传的差远了，
1117	3	外形外观：一般 屏幕音效：一般 拍照效果：一般 运行速度：一般 待机时间：不详 其他特色：手感不错
1118	3	其他特色：挺好的 拍照效果：也还行 待机时间：正常 屏幕音效：还行吧 没有什么创新之处，前置摄像头左侧很不方便
1119	3	买了，看到手机，忧虑了5分钟才拆，性价比是不错，但是真的不行。差距还是大啊。 拍照效果：挺好
1120	3	外形外观：造工精致 拍照效果：前置摄像头拍照比较模糊不清晰 运行速度：还可以
1121	3	外形外观：比较好看 屏幕音效：声音不想 拍照效果：特别清楚 运行速度：特别快速 待机时间：比较长
1122	3	暂不说机器到底怎么样，华为想走高端路线到底有没有达到对得起这个价位的东西，饥饿营销也是最使人反感的， 其他特色：送人不知道特色，未开封
1123	3	外形外观：一般 屏幕音效：一般 拍照效果：一般 运行速度：较快 待机时间：一般 其他特色：大小适中
1124	3	颜色不错，声音小，拍照一般般，速度挺快，待机时间比较长，没有想象的好。
1125	3	待机时间：一般般   拍照效果：拍照效果很棒。 运行速度：运行速度还可以  手机发热很快  用了一个星期才来评价
1126	3	很是支持华为，但没有满减优惠，没有赠品，也没有分期免息劵，很尴尬很遗憾。至于质量和体验方面后期追加。
1127	3	emmmm感觉续航能力没我预期的好！！和同事一起出去玩，小半天我这新手机才剩77的电她用了半年的苹果还剩81&hellip;&hellip;&hellip;&hellip;&hellip;
1128	3	拍照效果：唯一靓点 屏幕音效：还可以 外形外观：前视拉低了颜值 运行速度：一般 手机玩会游戏就会发烫，不打游戏的忽略
1129	3	还行吧，给对象买的，感觉手机比我荣耀magic2有点小呢，流畅度还行。有点怀疑是别人开过的&hellip;&hellip;&hellip;
1130	3	还可以。刚拿到。还在试 就是感觉电耗的比较快 因为没有玩它不怎么存电 待机时间：还可以
1131	3	外形外观：颜色很满意 简单大气 拍照效果：华为的拍照一直不错 运行速度：手机挺流畅 华为还不错 待机时间：就是电池比较小 续航短了些
1132	3	外形外观：挺好看的 运行速度：有点慢 拍照效果：影像模糊，其他都还好，唯一不好的就是看视频模糊不清晰
1133	3	运行速度：玩游戏几分钟发烫了，然后触屏就不灵敏了! 待机时间：待机还是可以的。 拍照效果：拍照效果非常完美
1134	3	外形外观：还可以 屏幕音效：音效清晰 拍照效果：很好 运行速度：感觉和我的Mate20差不多 其他特色：打电话声音非常小
1135	3	外形外观：一般 屏幕音效：屏幕上的摄像头，玩游戏不好 拍照效果：可以 运行速度：可以
1136	3	外形外观：可以 屏幕音效：一般 拍照效果：这没想象好 运行速度：可以 待机时间：不怎么样 其他特色：大致一般，但性价比太低。
1137	3	外形外观：还可以 仁者见仁 智者见智 但是包装竟然磕碰如此严重 屏幕音效：不错 可以 拍照效果：感觉就那样 运行速度：还可以 待机时间：电池不怎么耐用 但是充电快
1138	3	运行速度：内存确实够了，新款处理器也挺快的 屏幕音效：价位在这不可能差到哪去 外形外观：还行，外观中规中矩 待机时间：时间够用一天 其他特色：有时候玩游戏会掉帧，其他没问题！
1139	3	声音不清脆，还是感觉nova6好用点 拍照效果：不好 待机时间：一般般 运行速度：还好 屏幕音效：声音不清脆 外形外观：比手里的nova6小点
1140	3	外形外观：满意，大小也刚刚合适！ 屏幕音效：音效也不错。 拍照效果：差劲，极不满意。还没有老手机iphone6的色泽好，喜欢拍照的人不要买。 运行速度：非常快，满意。 待机时间：满意。
1141	3	外形外观：外观还行吧  屏幕音效：这点很棒 声音很清晰 拍照效果：说实话 感觉还没我X好 运行速度：速度没的说很快 待机时间：还可以 只要比苹果持久就行 其他特色：屏幕真的不敢恭维 显示不太好
1142	3	外形外观：左上角的摄像头是怎么想的，完全遮盖了内容，这也太影响使用了，产品经理怕不是个傻子吧，刚买就想退货了。 屏幕音效：音效没有p30好 拍照效果：拍照功能和P30差不多 运行速度：速度快 待机时间：新机待机时间还不错
1143	3	支持华为，刚上市就买了送给朋友，价格也实在，，，结果通话音质不太好，反馈有鼻音，很纠结，，，好在客服的服务还不错，正在检验，，
1144	3	用惯了苹果手机，今天收到货，看了下屏幕显示，拍照清晰度，觉得同价位的机子还是不如苹果，和我手上的苹果8p对比了下，苹果拍照，屏幕显示清晰度确实很高，华为这个新款手机也就这样吧，等再感受几天，再来追平，这是我人生中第一台华为手机，昨天还在纠结买华为还是三星，最后选择了华为，毕竟是新款手机，国产，大家都说华为好，我来试试吧！
1145	3	外形外观：现在这价位的手机外观都不差，还可以 屏幕音效：不错，比6S好的多 拍照效果：还不错 运行速度：不如骁龙和苹果流畅，便利性没有以前用过的其它安卓机好 待机时间：正常不玩游戏和使用一天，没有宣传的那么神 其他特色：没什么特色，系统吹的成分多，拍照没研究，对于我不怎么拍照的人来说，这手机性价比一般，个人定价低个1000以上才是合理的价格
1146	3	总的来说有五点，第一，耗电太快咯，充满看几个小时的视频差不多就要用百分之60，第二，充电速度还是很快的，差不多1个多小时就你充满（但是不经用啊）第三，机体比我想象中小很多，第四，摄像头感觉太突出来咯！会担心不小心造成损伤，第五，送货速度还是挺快的
1147	3	外形外观：境头凸点了 屏幕音效：没问题 拍照效果：前拍模糊，不是很清，后拍没问题 运行速度：可以，可是玩久了发热了，旧机可以理解，可以新机才用两三天就发热了 待机时间：没问题 其他特色：其他的暂时没有了
1148	3	外形外观：外观一般吧，摄像头太突出 屏幕音效：音效还行 拍照效果：拍照并没宣传的那么好 运行速度：新机速度挺快 待机时间：新机电池还可以 其他特色：挖孔屏有点丑
1149	3	用了三款华为p系列感觉比以前的p系列感觉好多了，唯独不好的就是前摄像头，影响整体美观效果，好像漂亮的脸上长个黑痣。特别不爽。本来给你五星好评的。唯独前摄像头是p40的败笔。最多给你三星！
1150	3	手机不喜欢就是摄像头往外凸的，这样很容易刮花的，还有就是说是5G手机，怎么我的还是显示4G，问过客服了，也没给满意的答复，用电量也快，不怎么满意这款手机，我在这家买个几台手机了，都挺好的，就是这款不满意
1151	3	运行速度：好 外形外观：前置摄像头丑 待机时间：一般 拍照效果：好 其他特色：电池还没有我用了两年的P20 pro 好，一天必须充两次电，不玩游戏。
1152	3	外形外观：感觉有点丑、 屏幕音效：还可以 拍照效果：感觉没那个p30那个好 运行速度：还可以 待机时间：还可以 其他特色：不知道有什么特色&hellip;&hellip;
1153	3	音质很好，色差还是不能和苹果比，平常用可以?设计师和摄影师还是用苹果吧华为饱和度比较高。色差大。
1154	3	外形外观：小巧，颜色没选好，感觉还是别人的银色或者黑色好，我的蓝色。。 屏幕音效：丝滑的感觉，音效还可以吧 拍照效果：夜景，微距，超舒服， 运行速度：很快 待机时间：挺久的，而且充电特别快， 其他特色：为啥我前几天买的，还没有免息，，当初也写的618活动啊，这哈就可以免息了，三星全给这个飘忽不定的活动了，真的生气
1155	3	外形外观：外形略长，但比例还算匀称，但屏幕尺寸偏小，仅有6.1吋。 屏幕音效：屏幕显示细腻，声音效果也不错，就是把3.5的音频插孔与typc-c插空合一，给日常适用非常不便。之前的3.5音频插头都无法使用，华为又没标配转换插头。 拍照效果：比之前使用的mater10色彩还原更好，像素更高 运行速度：芯片速度快了，整机运行也快，当然也应该与使用5G网络有关。 其他特色：预装软件太多，而华为应用市场有些app没有，如Snapseed等，非常遗憾。
1156	3	拍照效果：拍照不错，速度挺快的 待机时间：没有5g网络，只能当4g手机用。不怎么用，可以用一天半。 外形外观：外形真心不行，更喜欢oneplus 8. p40后面摄像头凸起太夸张了，带着壳子，还高出好多。 包装盒huawei也很不用心，完全靠指甲扣。
1157	3	外形外观：小巧玲珑，适合女孩纸 屏幕音效：还可以，清晰 拍照效果：很棒，可以拍很远都清晰 运行速度：还可以，我打游戏不卡 待机时间：待机时间不长，只能说还是差，朋友去年买的也是华为，他现在都还能待机两三天，我这待机一天都算厉害了，他的看小说一天差不多，我这新买的看小说看一天充两次，续航能力不行，还能说是差，打游戏就更别说了，一天要充个三四次
1158	3	外形外观：颜色好看  前置摄像头暂时还没看习惯 屏幕音效：可以 拍照效果：拍照效果不错  但是拍一分钟没到 后置镜头会开始发热 继续使用下去会更热    客服说长时间使用会这样  但我这一分钟不算时间长吧  建议去售后中心检测下  你们会有这种现象吗？属于正常吗  运行速度：可以 待机时间：没关注这个 其他特色：暂时没发现
1159	3	外形外观：尚可 屏幕音效：还是挺不错的 拍照效果：其实感觉很一般 运行速度：中规中矩新机都差不多 待机时间：也还行 其他特色：扫码的时候像极了一个500斤的智障 我就没碰到过扫码聚焦这么**的手机,屏幕的分辨率也就那样，四千多的手机用起来就像一千多的一样，是不是因为几个摄像头都争先恐后想表现自己的能力,所以有冲突吗？还是说我这台机子本来就有问题
1160	3	拍照效果：常规拍照还可以，放大到30倍就模糊了 运行速度：990的运行速度杠杠滴 外形外观：手感不错，我的是银色，相信会引领时尚 但是，玩游戏的耗电有点过了，一把王者（约15分钟），耗电10%！震惊了
1161	3	使用感可以，用了三天，有两次自动关机了，不知道是我不小心碰到了还是怎么滴，在者电池没有传说中的那么耐用，我老公p20手机，刚买来的时候充一次电能用两天，但是我这手机刚买来也得一天一次，他的使用频率比我高。当然充电速度快是值得肯定的。
1162	3	外观还行，拍照说是可以放大30倍，但是放大后超级晃，拍出来效果也不是特别好。手机用起来倒是挺顺畅，但是新手机都会顺畅，等几个月后才知道是不是真的顺畅。最难受的是手机没有红外模块，控制不了家里的电器，回头问客服，顺带推荐华为的一个产品，有捆绑销售的嫌疑。
1163	3	拍照效果：10倍之内拍照清晰，超过10倍非常模糊，与广告宣传严重不符合，什么支持百倍变焦骗人的，什么从近到远全面高清也是谎言 外形外观：很不错 屏幕音效：很好 运行速度：很流畅 待机时间：长
1164	3	其他特色：刚买两天就降了价。
1165	2	为啥激活日期早于购买日期，伤心，求解
1166	3	说实话真的还行但是很慢
1167	3	待机时间短 待机时间：待机时间短
1168	3	说实话，这个价位有更多选择。
1169	2	明明有赠品的，结果没有
1170	3	拍照效果：一般 一般情况
1171	3	挺好的就是不知道为啥不带耳机?
1172	3	7天了终于收到，手机还是不错！
1173	3	一般般的，对得起这个价了
1174	3	还不知道质量咋样，以后再看
1175	3	东西还行还无有用试过之后在作评价
1176	3	拍照效果：前摄像不错 后摄像就很一般  待机时间：挺耐电
1177	3	并没有那么好，但是也还不错。
1178	3	挺好看的，不错，拍照功能强大
1179	3	我没有发现什么问题其他都还行
1180	3	还没好好体验一下，暂不作任何评论
1181	3	玩第五人格还是卡
1182	3	无耳机，无钢化膜
1183	3	荣耀9X一般吧，学生用还可以
1184	3	拍照效果：第一次有这么差的拍照体验
1185	3	还行就是手机重量重
1186	3	一分价钱一分货
1187	3	其他特色：還行吧
1188	3	还行吧，耳机也没有
1189	3	目前看来没有问题
1190	3	一份价钱一分货
1191	3	这个是买给爸爸用的，具体怎样我也不清楚
1192	3	总体来说，挺好的
1193	3	快递态度很不错?
1194	3	手机偏重，电池还行
1195	3	拍照效果：像素非常一般
1196	3	快递给力 使用后再评价
1197	3	外形外观：外观好看，不过买了就降价了
1198	3	一般吧  还是喜欢水果机
1199	3	还行，给家人使用，将就吧
1200	3	没有耳机，其他都挺好的
1201	3	怎么说 优点：拍照还行，缺点：手机太重
1202	3	手机还可以，就是刚到货第二天就降了一百，郁闷
1203	3	手机不错，但是什么都没有，就一充电器，
1204	3	拍照效果：拍照真的很一般
1205	3	外形外观：前摄像头歪了！
1206	3	除了下载速度，其他的还行
1207	3	送的破几把电信卡用不了激活也不知道号码真*****
1208	3	外形外观：比较炫酷 待机时间：好像比较长
1209	3	还算可以吧 等的时间长了点
1210	3	手机的确是很棒，但物流我是不满意的。
1211	3	支持国产，支持华为！打到美国鬼子！？
1212	3	还好吧 屏幕音效：还行吧
1213	3	拍照效果：一般 屏幕音效：一般
1214	3	二手拆封机子鉴定完毕
1215	3	拍照效果：一般吧，价格摆在这点
1216	3	很不错，不过降价的好快啊啊啊啊啊啊！！！
1217	3	还行可以看得起
1218	3	在这个价位的手机里算是不错的了，其它问题还要用用看
1219	3	现在买手机自带耳机都没了啊
1220	3	外形外观：外形不错
1221	3	外形外观：前置摄像头升起来倾斜的
1222	3	手机用起来不错，
1223	3	物流小哥哥的服务真好
1224	3	这客服我是真不知道怎么说
1225	3	待机时间：比小米好
1226	3	当老年机用可以
1227	3	拍照效果：不怎样
1228	3	外形外观：蓝色可以
1229	3	还凑合吧，暂时没发现什么毛病
1230	3	手机还可以，耳机啥的都没有。物流一般。
1231	3	一直用的华为，支持，只可惜最近没啥活动。
1232	3	手机很好来个耳机就更完美了
1233	3	拍照效果：前置摄像头，视频的时候模糊
1234	3	不明白新买的手机耗电为何如此快??
1235	3	目前没看出来问题，至少官方自营比较放心
1236	3	手机卡充电慢其他的没啥问题
1237	3	运输的保护措施没以前好。
1238	3	手机还可以 物流发邮政巨慢
1239	3	手机不错，物流慢又不送到家
1240	3	我去。还能自己确认收货啊。
1241	3	给老妈买的，侧边指纹是真的难用 我妈说
1242	3	双击唤醒或抬腕唤醒功能有其一就好了。！
1243	3	还可以吧这个价格性价比算高的了
1244	3	物流很快很满意，手机一般
1245	3	外形外观：给家老买的   还是比较喜欢
1246	3	其他特色：第一次用华为手机，系统感觉不大顺手。。
1247	3	手机盒子特别脏，手机还行吧！
1248	3	早上就到了，下午四点才送货
1249	3	手机用着可以，不过等了很久才有货
1250	3	除了送货不准时，其他的都很好，不然五星好评
1251	3	没有说的那么好，不过比较而言性价比还行
1252	3	手机还可以，就是降价太快了，上周买的这周又降了100
1253	3	外形外观：大屏挺好；待机时机长
1254	3	其他特色：手机膜和手机壳都没有
1255	3	物流很给力，大品牌值得信赖，物有所值，
1256	3	手机不错，你们是什么都不送啊?
1257	3	手机好看，但是电池电量消耗的快
1258	3	打王者荣耀有点卡，其他不知道?，希望都好吧。
1259	3	其他特色：方便快捷，习惯性评价
1260	3	拍照效果：还不错 外形外观：太大了
1261	3	手机不错就是没有送一套原厂膜
1262	3	手机用了一段时间很卡
1263	3	手机开着发烫得好厉害
1264	3	电池不耐用，其它的还可以
1265	3	?挺好，就是买了第二天就降价50！！！！
1266	3	降价太快，没有特别觉得好
1267	3	待机时间：还不错， 就是耳机线都没送
1268	3	运行速度：发热太快，不玩游戏
1269	3	运行速度：还可以吧
1270	3	还在用，目前还可以
1271	3	快递慢，其他很好
1272	3	还行吧，中规中矩
1273	3	一个手机一个套
1274	3	刚买两 三天就降价&hellip;&hellip;&hellip;&hellip;&hellip;
1275	3	事实证明，京东618不值得花时间精力参与。
1276	3	要是处理器高一些就好了哈?
1277	3	运行速度：打开小米应用商店就卡到了
1278	3	待机时间：大电池，短时间
1279	3	一般一般啦 还有消费主义去si吧
1280	3	手机还可以就是刚买了降了二百心里不平衡
1281	3	屏幕音效：屏幕不错，有点卡5g
1282	3	手机总体还行，618优惠力度也大，
1283	3	颜色比较喜欢  感觉还可以
1284	3	没有送耳机。。。其他还行吧，当时看的是送耳机。
1285	3	电量掉的挺快的，比较发烫
1286	3	便宜了100块钱，其实我也想给你好评，，，，你要努力啊
1287	3	使用当中会发烫，再观察中
1288	3	外观很时尚，电池不耐用！！
1289	3	外形外观：好 屏幕音效：一般 待机时间：好
1290	3	误触容易和平精英自己开*
1291	3	没有价格保护&hellip;&hellip;三个星是给送货员的
1292	3	运行速度：多任务会卡。使用感受一般
1293	3	手机收到啦  白色款挺好看的
1294	3	感觉用电比较快
1295	3	手机发热，别的还行
1296	3	待机时间：电量用的快
1297	3	运行速度一般，充电速度可以。
1298	3	手机发热挺严重
1299	3	新手机怎么会卡？
1300	3	运行速度： 慢！无呼吸灯提醒未读消息
1301	3	外形外观：性价比可以 屏幕音效：有拖影，手机太大
1302	3	确实发热呀，运行速度还是可以的
1303	3	有点厚其他还好备用机 京东物流没的说
1304	3	其他特色：是会 自动重启 刚拿回来 已经五六次了
1305	3	一天重启两次，不知道什么问题。。。。
1306	3	性价比很高，可惜水土不服，不适合在香港用
1307	3	握持手感很好，外观看起来很漂亮。
1308	3	待机时间：电量虽然充的快，但是用的也很快
1309	3	还没开箱，听说发热严重，还在犹豫
1310	3	拍照还不错但是很容易发烫
1311	3	刚入手两天就跌两百
1312	3	电量走的挺极速的
1313	3	发热量非常大，用一下热得不得了！！！
1314	3	运行速度：玩王者荣耀有时会操控失灵
1315	3	系统运行不畅 运行速度：运行有时候自己退出
1316	3	手机是好手机，就是这减价讲得挺突然，才买了一礼拜，呵！
1317	3	更新12后比较卡，耗电也快
1318	3	外形外观：外观还可以。 缺点：发热严重。
1319	3	运行速度：反应慢，充电速度还没2年前的米8
1320	3	拍照效果：效果惊艳，拍照完美 外形外观：手感细腻
1321	3	外形外观：手机信号不太好，其他方面现在还行
1322	3	一眼万年卓越***还有一些现在正好晕过去了
1323	3	还不错，就是有时候耳机插入没有声音，懒得换了
1324	3	待机时间：正常使用六个小时，重度三小时
1325	3	手机还不错 就是有点太大了 性价比很高
1326	3	外形外观：美观 拍照效果：杠杠的 待机时间：可以比较满意
1327	3	手机发热严重，掉电快，其他都还好！！！！！
1328	3	没过几天便宜200，baiducarlife不能用，其他还行吧，当然不高兴了。
1329	3	降价快！用电更快一直用3个小时就没电，不比华为
1330	3	外形外观：可以 运行速度：卡了好几次了  不好
1331	3	外形外观：颜色不错 拍照效果：中规中矩 待机时间：这个海星
1332	3	还可以吧，电池不算耐用
1333	3	?没等到618活动购买
1334	3	对得起价格，还算不错
1335	3	运行速度：还行 待机时间：正常 其他特色：发烫严重，特别烫！
1336	3	拍照效果：还可以 运行速度：可以凑合用 外形外观：有点大
1337	3	充电真的是超级快，指纹很灵敏
1338	3	因为不是自己用，所以不做什么评论了
1339	3	耗电快，一天要充满两三次才行。其他都很满意。
1340	3	快递员超给力，一级棒。态度良好，有责任心。
1341	3	家人用的，说偶尔会卡！
1342	3	存在质量问题，有带提高。售后服务不错。
1343	3	多任务运行有时会卡！
1344	3	性能速度不错，物流快，内置软件太多，推送也多！
1345	3	手机差不多就是没耳机拍照效果挺好 充电快
1346	3	运行速度：还没好几年的老手机好用
1347	3	总感觉用WIFI时非常卡
1348	3	拍照效果：非常不错，6400万好清晰 运行速度：挺快
1349	3	小米手机广告真的多 下次还是换其他牌子
1350	3	一直想要的，用着还好啦
1351	3	拍照功能还不错，其他的还是很一般的
1352	3	包装很简陋，手机在用的过程，用一段时间再评价。
1353	3	第一次购买华为手机，体验未达预期
1354	3	外形外观：非常的大观，音效也非长好
1355	3	运行速度：比较一般
1356	3	东西挺好，就是感觉电池不耐用
1357	3	打游戏手机发烫，其他的都很不错
1358	3	用着还好吧，物流挺快的，拍照感觉没啥区别
1359	3	我想知道这样的是正常情况吗，最后一张图是同事的p20
1360	3	拍视频会抖的，照片还好
1361	3	换货收到的机器，暂时还在观察期
1362	3	第一次在网上买手机，现在用了1天，感觉还好。
1363	3	第一次发的故障机，第二次不错
1364	3	拍照效果：还真就只有拍照拿的出手
1365	3	具体还在使用中
1366	3	一般般吧，还可以的
1367	3	京东物流很速度就是手机收到货让人伤心，开箱验货就掉漆
1368	3	外形外观：外形还不错
1369	3	正在使用 现在用的还可以后面还不知道
1370	3	拍照还不错，买了一周屏碎了，
1371	3	充电手机发烫。。。。。其他还行
1372	3	拍照效果：不清晰
1373	3	我觉得一般般吧，等用段时间在追评
1374	3	用了几天感觉掉电速度快，屏幕有闪屏。
1375	3	给正在抗争美国的华为个面子   希望能把客服好好管一下
1376	3	使用了两天，跟荣耀相比，超出的价钱性价比不高。
1377	3	所以双十一真的是没有优惠，对比现在的价格
1378	3	用后自知
1379	3	算好吧
1380	3	拍照也就那样
1381	3	宣传很好，但是赠品永远没货！
1382	3	裸机没什么赠品不过用着感觉还可以
1383	3	无线网信号差，其他的，还可以吧
1384	3	外形外观：屏幕旁边胶很明显  这个拼色。。
1385	3	刚拿到手，用一段时间再评
1386	3	性价比极低，华为真的需要打铁自己硬啊
1387	3	刚到手，看起来还可以
1388	3	如果拍照，当相机用。可以买，玩游戏。就算了吧。
1389	3	手机性能还是不错的，支持国货
1390	3	暂时还没出现什么问题，先来评价一下。
1391	3	正在使用，目前没有什么问题
1392	3	刚拿到，不知道怎么用，从苹果转来的，用几天在追评吧。
1393	3	手机不错，就是到618降价了500多，不开心。
1394	3	总体还可以 但是我觉得手感的话比三星差一点
1395	3	其他都挺满意，就是老闪屏，不晓得咋个回事
1396	3	东西是好的，不过快递服务颠覆了我对京东快递一贯的好印象
1397	3	屏幕确实比较差劲，去他都还好，整体性价比一般-，
1398	3	手机还行，用起来还好，不过曲面屏确实不好贴膜
1399	3	手机各方面都挺好的，就是信号特别差
1400	3	还可以吧
1401	3	还行吧
1402	3	赠送的，没有的
1403	3	11号付款，27号收的货很好很好。手机可以，京东坑
1404	3	勉勉强强吧
1405	3	还行吧
1406	3	拍照效果：不错
1407	3	东西还是不错的  就是买完第二天就有活动 多便宜了100
1408	3	外形外观：好
1409	3	一般，也就那样
1410	3	还行吧
1411	3	电池电量掉的快，手机卡顿
1412	3	外形外观：还可以 运行速度：慢 其他特色：信号差
1413	3	发货送货速度挺快的 这个坑也不知道咋回事
1414	3	用了几天、感觉还行吧，说好也不好，有些应用还是很卡，
1415	3	第一次在京东上买手机，结果碰到闪退，霉。华为很强大的，支持国产
1416	3	手机是真品，物流快，发货快，就是赠品太少了
1417	3	好，拍不清，还行吧。
1418	3	挺好用的，只不过刚买一周618活动又是降价又是优惠券，实在是心烦。。
1419	3	机器是不错，可是6.18当天降价还不能保价就很气
1420	3	外观有一点点损坏，应该是快递中碰的，第一次入手华为，希望不要失望
1421	3	手机还行，但我买的时候4688，5天后变成4588，申请保价，京东这一手厉害啊???。
1422	3	手机还可以，像素不错，但感觉系统上感觉没有小米的贴合性强。
1423	3	外观好看，就是用了才半个月就卡得很
1424	3	外形外观：手机角落有点小瑕疵，目前来看应该是正品吧
1425	3	预装了太多APP，各种跑流量，所以中评。
1426	3	货已收到，正在使用，过一段时间在评论
1427	3	中大惠农 zhongdahuinong 礼品卡节日礼品册团购提货卡券268型自选购物卡册，这根本就没有
1428	3	五星给手机，一星给物流，折个中给个三星吧，手机还是很不错的，但是不推荐在京东买。
1429	3	总体来说还算可以，就是不知道防水不。是真是假也不清楚
1430	3	买了两天就降价五百，京东的东西，真的是，客服的服务我非常满意
1431	3	没有小米9设计人性话和美观，送的手机壳比小米9低档的多！
1432	3	文字有彩边这点儿受不了，其他都很满意，续航强大，拍照很牛特别是夜景。
1433	3	拍照效果：一般 外形外观：贴钢化膜会掉 运行速度：一般
1434	3	以后不会买了
1435	3	手机不错，就是原装的充电线接触不良，害得我花50买了一根新线。
1436	3	还行吧，本来想买红的，一直没货，拍照很强，屏幕比较烂
1437	3	外形外观：屏幕很吸灰 拍照效果：放大50倍后是糊的
1438	3	总体来说还不错，但拍照方面好像也没有传说中的那么神！
1439	3	手机很不错，运行速度各方面都很好，只是京东的发货速度真是够慢的，2号买的，客服说催着9号给发货，直到13号才给发货，京东信用度太低
1440	3	手机挺好的，就是会不时的降价。
1441	3	手机还可以，就是耳机不是原装的。
1442	3	刚到手看着还可以
1443	3	给老婆买的，刚收到，用后再做评价
1444	3	手机刚拿到，打电话有三次手机自己中断联系了。
1445	3	外形外观：漂亮 运行速度：有点尴尬
1446	3	外形外观：非常好看
1447	3	还行，就是这个绿色绿得迷人。
1448	3	一样的，还是先用，在看吧
1449	3	买这款手机，费了一翻功夫！
1450	3	外形外观：不错。 拍照效果：不行，比较差。
1451	3	打字的时候我认为不太流畅  拍照可以
1452	3	还不错，没啥毛病，用着还行
1453	3	心机运行效果不错，手感不错
1454	3	感觉一般般  用一段时间再说
1455	3	刚拿到手！感觉还可以！
1456	3	和5z一模一样的。推荐5z。价格便宜好多
1457	3	感觉就那样，用用吧，然后再说
1458	3	正在用，
1459	3	颜值够高
1460	3	用起来还不错，速度快。活动1699买的
1461	3	手机包装盒非常陈旧，布满灰尘，污迹斑斑。
1462	3	用了几天才发现屏幕有瑕疵，手机用了还可以。以后还是到实体店买。
1463	3	刚用，还没有什么不满意和满意
1464	3	有人拆开过，里面还好，内置程序太多了
1465	3	手机挺不错，不过刚买几天就降价200什么鬼，这个中评是给京东的
1466	3	还可以，就是和配置外观一模一样的nova5z贵了300元！！
1467	3	拍照效果：不太好 运行速度：还可以 外形外观：挺漂亮 待机时间：还可以
1468	3	漂亮，给女孩子用不错。
1469	3	卡得狠！
1470	3	一般般吧
1471	3	将就着用吧
1472	3	不像新的&hellip;&hellip;
1473	3	外形外观：很漂亮 待机时间：正常使用15小时 拍照效果：还可以 运行速度：还可以
1474	3	目前还行
1475	3	拍照效果：一般
1476	3	都给3课星吧。帮忙二姐买的，没有实物看到，不过二姐说感觉还可以。
1477	3	外包装被压扁了，其它还行。在用，等过一段时间再评价！
1478	3	容易发热，是不是卡&hellip;&hellip;
1479	3	运行内存占比过大，照片清晰度没有描述的那么突出，其他还好。
1480	3	618买的，用1450元买的，用了几天，目前感觉还可以！
1481	3	手机像素一般
1482	3	外形外观：可以 运行速度：没有想象的那么好，打开网页还是会卡，
1483	3	618当天竟然不用付定金，直接尾款1499就可以买这款手机，我晕
1484	3	质量不错，用着方便，价格合理，快递给力，比较满意的一次购物。只是京豆为什么要给我减半？
1485	3	外形外观：还可以 待机时间：1天吧，看看视频 其他特色：看视频有些没声音，不知道怎么回事
1486	3	拍照效果：哈哈哈哈，不知道商家是怎么有自信说像素4800的，这个像素&hellip;&hellip; 其他特色：手机手感很好
1487	3	外形外观：还行 屏幕音效：还行 拍照效果：差不多 运行速度：行 待机时间：一般
1488	3	屏幕音效：一般 拍照效果：还好 外形外观：还好 待机时间：一般 运行速度：还好
1489	3	拍照续航都不错，也不重，充电速度快，最不爽的是手机到手刚过7天立马开始送购物卡，真的恶心
1490	3	东西是正品刚收到。还没具体使用，使用后再追加评论。快递很好，京东自营东西很好，隔日达，方便快捷。
1491	3	运行速度：速度，还可以，暂时未发现异常情况。就是手机屏幕尺寸有点大。
1492	3	我该怎么评论，如果负责任的评论，应该是不是用一段时间再评论好些。不过现在的电池有点消耗过快了。目前为止只能说这个。
1493	3	屏幕音效：手机外观挺好看的，只是手机后屏是像那种钢化玻璃材质的屏容易碎
1494	3	给个中评吧，给家里人买的，想支持一下华为。总体来说还挺好的，目前发现网速并不理想，跟之前的荣耀8比都会慢一些，我从网上也搜了一下，并不是个例。不知道是不是可以通过更新系统的方式解决？
1495	3	手机还可以，用了两天没有什么问题，快递直接把手机就放在楼下保安室那里，感觉不好，那么贵重的东西就随便乱放
1496	3	用不习惯，感觉小米更好，设计更人性，虽然华为硬件性能好
1497	3	一只手玩不过来 手机有点厚 待电量一般吧 清晰度还可以 反应速度还可以
1498	3	外形外观：很漂亮 屏幕音效：还可以 拍照效果：拍视频不行，容易模糊 运行速度：还可以 待机时间：还可以
1499	3	外形外观：颜色很好看 屏幕音效：不错 运行速度：很快 待机时间：还可以，能用一天 唯一的缺点就是商品价格波动太大，6月1买的时候1560，后来又降成了1399很气人
1500	3	外形外观：说是玻璃的么 屏幕音效：还行 拍照效果：还行 运行速度：心机没的说 待机时间：我爸说耗电快，老爷子只敢开省电模式，不敢玩。 其他特色：摄像头挺炫酷
1501	3	屏幕音效：挺好的 拍照效果：完全没有get到像素的好，完全没有达到该手机参数的标准。 外形外观：还行 运行速度：挺快的，但偶尔也会卡一下
1502	3	快递很给力，手机运行很好，不卡，拍照也不错，就是摄像头太突了，送的手机壳盖不完摄像头，很容易伤到，不建议买
1503	3	外形外观：还不错 拍照效果：比较满意，给老妈用非常可以了 运行速度：新机居然也会有点卡顿，而且触屏有时不灵敏
1504	3	外形外观：对于这个价位的产品来说还算满意 其他特色：充电线插上去晃来晃去的 屏幕音效：屏幕显示对得起这个价格 运行速度：刚开机还算满意，不知道用上几天怎么样 拍照效果：对此没有要求，还可以吧 待机时间：一般 处处洋溢着廉价的气息
1505	3	运行速度：还可以，外观不错，大小正好   像素有点水分。就是搞不懂同样是京东，为什么价格差这么多？何况我还是plus会员
1506	3	华为的机子，目前严格的说硬件还行，系统优化不是很好，时间久点卡顿常有的事情，低端智能机建议买小米，华为高端机不错，支持国产才买了华为，这三颗星送给硬件，其实对内价格还可以再低几百元。
1507	3	外形外观：还行 屏幕音效：多余 拍照效果：很好 运行速度：一般 待机时间：我不知道好评怎么来的 这手机耗电速度跟我用了两年多的魅族手机一样 失望 其他特色：没有语音唤醒功能 因为是过度用的  图便宜无所谓  建议大家买三千以上的
1508	3	运行速度：很好 外形外观：一般 屏幕音效：好 拍照效果：颜色不鲜艳，感觉不好，夜拍还可以
1509	3	屏幕音效：还可以 待机时间：比较长 外形外观：好看 拍照效果：好 其他特色：就是玩王者荣耀比较脱屏  不知道怎么回事。  运行速度：比较快
1510	3	拍照效果：是为了拍照想入这款手机的放弃吧。。。。这么说吧，和OPPO现在几百块钱的手机拍照看起来没什么差别。。人像美颜看起来像是很差像素加上深的磨皮。也没有华为aloo青春版现在不到一千的手机拍照清晰。。。。夜拍还可以。。其他都ok。
1511	3	系统操作都很流畅，手感也不错，唯一一个不足的就是后盖有点翘起，有强迫症的感觉不舒服，包装感觉不是特别好，只是一个气囊，暴力运输时候，打不到特别好的减震效果，希望改进
1512	3	屏幕显长比较长，运行流畅，拍照不错，各方面都不错。就是到手才10天，就又降价了100元，不开心。
1513	3	给母亲买的，目前使用还不错，就是拿到的新机是开机状态，问华为客服，就是那几句官话。换的话还缺货。只能用着看看了。
1514	3	京东到货一直很快，但这次包装内的填充物不好，塑料气囊没气了，手机在里面甩来甩去，还好没有损坏。 再说手机，当备机还没有怎么使用，外观看着不错，麻将四个摄像头很霸气。但实际配置看了确实比较低，同价位比起小米等品牌低不少，看来是交了爱国税。
1515	3	总体来说还行，手感也还可以，刚开始充一次电可以玩一整天。但有时候充电会发烫，最重要的是玩游戏经常会卡顿，这很不舒服。
1516	3	手机一般般吧，用了好久来评价的，运行玩游戏偶尔会卡，清理了后台的运行软件，只开了游戏也会偶尔卡顿，无线网就在我跟前
1517	3	手机很好，是正品啦！就是后台运行内存最多3G左右，感觉要是多项app一起运行的话可能会卡，游戏语音时行时卡，游戏体验不好。用一段时间再来追评吧
1518	3	外形外观：可以 屏幕音效：可以 拍照效果：可以 运行速度：可以 待机时间：可以 其他特色：快递到的时候没有塑封，感觉被拆开过然后又被加封了两个标签而已，盒子磨损厉害。。。
1519	3	手机外形挺好看的，也比较轻，运行速度也可以，就是里面的字体我调到特大号都那么小，眼镜不好的能看不清
1520	3	外形外观：挺好 拍照效果：不咋地啊，拍出来总是一个脸大一个脸小，像是歪脸一样 屏幕音效：还行 运行速度：快 待机时间：不太久 耗电挺快，充电也挺快 其他特色：还行。
1521	3	外形外观：简约大方 屏幕音效：还行 拍照效果：反应速度很快， 其他特色：特意用了一段时间来评价的，手机运行速度不行，作为备用机满意度最多到70分，经常多开几个app就会很卡，新手机就这种效果了，也不指望后期运行了，电话过程中，出现过几次杂音
1522	3	外形外观：尺寸合理 外观漂亮  拍照效果：拍片效果好 功能全 运行速度：速度很快 物流很快  但是京东这销售操作够可恨的 38女神节拍的 并没有赠送6个月碎屏险 没几天就有这保险 虽然保证不摔就行 但还是感觉恼火
1523	3	性能挺好的可以承认 这像素就不值一提了  大屏很好  2000多这个手机也值了  需要像素的请选购其他款式  电池容量很大  一整天够了  快递很速度 真的隔天到  这像素真的 太差了  希望可以帮到大家
1524	3	刚开始觉得不好用，可能是比较挑剔，用习惯了就感觉还不错，速度挺快的就是原相机没有说的那么好，拍照颜色处理系统不是很好前置摄像头也没有那么高，其他性能还不错，打游戏不卡，屏幕大，手机背面设计不是很好看，但是光看手机屏还是挺好看的失望的是买了没几天就降价。
1525	3	外形外观：轻薄拿着顺手舒适不重 屏幕音效：音效一般不太适合特别喜欢听音乐的 拍照效果：最不满意的一点，就是这个手机像素虽高，但拍什么都自动美化了，没法拍出原来的模样，尤其是这个手机拍浅蓝浅紫色系发灰 运行速度：满意 待机时间：大概一天充一次 以下是用别的手机拍的，这个手机拍不出这类颜色的原色彩
1526	3	同时买了两台，幻夜黑和翡冷翠，这台翡冷翠开箱触屏就失灵，深更半夜立即申请换货。jd大电商的售后服务还是可以的，立即安排换货。连头搭尾三天，新机到手。提心吊胆的拆箱检查，一番折腾，功能正常，终于松了一口气。开机就升级2次系统，现在152版本，整个试用下来，其它都还可以，拍照功能稀烂，如果拍照能好点，绝对是畅销货。 快充充电速度很快，4000ma电池续航强大，麒麟810+8G RAM的app秒开。支持载波聚合，4G速度很快，双波段WLAN很给力，送了一个耳机，手机听音乐效果不错，比当初7x强。 机身背后摄像头标注了48MP字样，但是相机里面默认是12MP像素拍照，不知道为啥要把4800万像素相机降级到为1200万像素拍照？拍照涂抹感很重，ai拍照还不如不用，买这个型号，很大程度是冲着拍照功能来的，很失望。 三星评价很大程度上是看jd和快递小哥的面子才给的。
1527	3	屏幕超清晰，2k屏幕还有护眼模式加持，音效很好; 拍照模式多种多样，全面好用;夜景模式赞; 运行速度快，流畅不卡顿; 大容量电池，持久耐用，续航能力强。 性价比高，好产品值得信赖，支持华为!
1528	3	外形外观：还不错，壳的颜色有点耐人寻味，感觉在不同环境有时看到的是绿色，有时是蓝色?? 屏幕音效：分辨率不错，很清晰，音效感觉不是很大声 拍照效果：拍照很棒，很清晰，很美 运行速度：不知为什么我玩第五人格游戏一卡一卡的，画面动作像在一抽一抽的，有点糟心，不知是哪里的问题 待机时间：充满电正常使用（不是指一直拿着手机玩），可以从容一整天，早上充满电上班一整天不用充，直接晚上回家还可以玩手机到晚上11点
1529	3	使用一周后的感受：这款手机外形漂亮，比mate20小一圈儿，手感不错，适合女士；新机运行流畅，屏幕显示效果也很满意，充电较快，发热不算太明显，中度使用，一天一充；最不满意也是最在意的是拍照效果，暗光、逆光、近景表现还算不错，但户外拍风景、远景，这款手机还是有些失望，照片偏暗，有时发黄有时发灰，用过三部华为手机了，没出现过这种情况；整体感觉性价比不高，如果一千五以下，可以考虑。
1530	3	一上手就是一个bug。华为软件也做的一般
1531	3	听筒喇叭直接能震到后壳
1532	3	拍照效果：有点假 待机时间：一般吧 外形外观：我记得可以
1533	3	运行速度还不如去年荣耀V20的麒麟980，没法给好评！
1534	3	充电机身发烫，暂时用还行，网速快些。
1535	3	用了快一个月，家里老人说黑屏了好几次。。。。。
1536	3	还可以，正品的，正在用。。。
1537	3	老婆用，她不知道什么算好，反正目前还没听到什么
1538	3	没有钢化膜
1539	3	外形外观：一般 运行速度：目前还可以 待机时间：正常用一天
1540	3	刚收到货就搞活动降价了，冲着这款手机的颜值买的，希望好用
1541	3	还可以，喜欢
1542	3	外形外观：外观还可以，发货速度很慢，很失望
1543	3	对于这个价格来说还可以吧，发货是真的慢。完美错过
1544	3	就是5G&hellip;&hellip;其余的都不行，我还不如买荣耀了&hellip;&hellip;贵
1545	3	用了才知道，收到就给五星好评都哪里来的勇气啊。
1546	3	其他都还好，但是克隆手机数据丢失了所有照片，丢了很多重要资料，所以大家以引为戒
1547	3	感觉一般
1548	3	待机时间：还好 运行速度：一般 屏幕音效：一般 外形外观：一般 拍照效果：一般
1549	3	现实版西游记，刚买一周就碎了，经历了九九八十一难，终于回来了！
1550	3	外形外观：实物颜色和官方图片颜色完全是两个样，准备购买的朋友要注意！好用不好用待用后再评论！
1551	3	外形外观：没有预期的效果好看 屏幕音效：还可以 运行速度：还可以 待机时间：一般，
1552	3	手机外观设计不错，运行良好，快递包装简陋，没有任何填充物防震防摔。
1553	3	是我喜欢的款式，充电特别快，新机电池还比较耐用，内存挑了最大的，速度一般般，还在体验中。
1554	3	用了一个星期，其他挺好的，就是指纹解锁刚开始两天好用，用了几天就不灵了
1555	3	别的都挺好的就是拍照太假了? 外形外观：不错 屏幕音效：还行 拍照效果：不好太不好了 运行速度：快 待机时间：长
1556	3	手机挺好的反应也很快我也挺喜欢，就是电不抗用用不了一天就没电了一天就得充两回电 待机时间：充一次电就能用大半天
1557	3	外形外观：对称，象条木棍感样，有长度冇宽度，还是实体店任挑好，我后悔买了。
1558	3	外形外观： 色差，和展示图片完全不一样，还没送手机膜 屏幕音效：还可以 拍照效果：细致 待机时间：电量消费比较快
1559	3	待机时间：观可以，音效感觉像老年机，拍照效果一般，运行速度还可以， 待机时间差，，用一天就不行了，正在试用中，其他特色未知
1560	3	外形外观：外观设计适合女性，比较细长 运行速度：还可以 其他特色：特别无语的就是振动马达，这个需要改进，触控软绵绵的，不喜欢。
1561	3	运行速度：有点卡，虽然这个手机便宜，但是感觉还是有点亏。总体来说还可以 屏幕音效：很好，很清晰。
1562	3	中评原因：1.本人想通过拼音打字输入&ldquo;蹭网红&rdquo;，结果出现如图所示，而且还没办法改正。2.旧手机为华为5C，输入法界面有上下左右键，此Nova 7 se没有此四键，在输入上不是很方便。
1563	3	外形外观：喜欢 屏幕音效：可以 拍照效果：清晰 运行速度：一般，放4g卡搜5g信息不太稳定，一会4g一会5g，下载图片软件很慢 待机时间：挺耐用 其他特色：降价特别快，下单第二天就2345降了50，还不保降，气人
1564	3	京东物流很快，14号拍完15号就到了，结果16号京东就和快手搞了个百亿补贴的活动，在快手下单，京东app上价格没变，找客服找差价就全是什么保价乱糟的，我花了2399，16号快手上1975，就是京东发货，隔了一天的时间，手机激活了也不能退了，虽然京东买手机靠谱，但是感觉隔了一天差400多亏了太多，后来又给家人买了个荣耀v30，2299还是很不错的 外形外观：没有荣耀v30炫彩 屏幕音效：一般 拍照效果：还行 运行速度：还行 待机时间：长
1565	3	外形外观：外观很靓 背后这个银色渐变颜色有种塑料的廉价感 仔细一看又好像金属的高级感 很迷 开这个手机没有以往开手机包装那种精致感 这个就两个胶带粘着的 运行速度：刚回来只大概看下外观 手机还没用 还不知 以后会来追评的
1566	3	其他特色：没有红外线功能，还要我用之前的荣耀里的遥控器功能，其他地方都还可以，就是手机网络不好，同一张手机卡 同一个地点 之前的手机用网速是这个手机网速的一倍，是因为5g手机不兼容4g手机卡吗？
1567	3	外形外观：我觉得屏幕比例不是很舒服，太长又太窄，显得6.几的屏幕并不大，轻薄度还是可以的 运行速度：感觉稍微有点卡顿 其他特色：侧面解锁挺好玩的
1568	3	外形外观：整体美观大方，手感不错。 屏幕音效：屏幕清晰，音效一般 拍照效果：拍照比较清楚 运行速度：就是运行速度不是很好，感觉容易卡，开锁人脸识别有时识别不了。 待机时间：新手机待机感觉很好。
1569	3	当天晚上送到安装app电池发热，第二天玩小游戏（做饭经营类）闪退，现在充电中电池发烫。不过充电挺快，运行速度和拍照都挺好，我买的绿色的挺好看，很喜欢。
1570	3	外形外观：外观个人觉得普普通通吧，感觉没啥特色，很多两三千的手机都是这样的外观 屏幕音效：音效还可以的，也不算差，还能接受吧 拍照效果：拍照效果挺好，比我之前那台好一点，但就是觉得屏幕太长了，拍出来的产品也很长，发到别苹果手机那里就显得照片很长 运行速度：新买的运行速度肯定也不会太差啦，安卓的手机用两年肯定卡死了，没办法 待机时间：待机时间还算不错 其他特色：其他没什么特色，普普通通，**凡凡，马马虎虎，便宜
1571	3	外观没得说，很漂亮！其他什么都好，买华为也是本着支持国产！可是你这打脸也太快了吧！就更新了一个游戏，直接给我一半黑屏了，密码都没办法输入，尴尬啊！看照片吧！大晚上还得打扰华为客服，给客服态度点赞，算解决了问题。可新手机到手就这样，真怕这个手机使用时长啊！！！希望这次只是意外吧
1572	3	外形外观：很一般，绿色觉得真的上手不太好看 屏幕音效：很一般，没觉得很好 拍照效果：觉得像素很一般 运行速度：会卡顿，有闪屏现象 待机时间：怎么说呢，充满电能用十个小时，还剩百分之十的电量这样 其他特色：觉得真的没有很特别 这个是我用这个手机拍的照片，像素自行感受吧。我反正觉得像素真的不太OK，很糊的感觉。 不过京东物流真的很快，中午下的单，第二天一早就到了。客服态度也很不错。只是商品真的很一般。
1573	3	外形外观：超出想象，很好看，感觉机型特别轻，重量比不上我之前那个oppoA3（不知道手机轻好还是重一点比较好？？？） 屏幕音效：还可以 拍照效果：说真的se虽然也是nova系列，但终究比不过真正nova的像素，我姐用的nova6，感觉像素比nova7se好多了，尤其是夜景。 运行速度：非常可以，8+128就非常不错了。 待机时间：相当可以。 其他特色：质量特别轻。
1574	3	拍照效果：前面拍照一点都不好
1575	3	手机视频裁剪有绿边，提醒广大购买者
1576	2	购买时给的流量都没给！
1577	3	手机黑白屏故障，请联系检修
1578	2	刚买了过七天就要活动降价
1579	3	拍照效果：拍照效果不怎么样
1580	2	其他特色：屏幕轻轻一摔就碎了！
1581	2	早知道京东与美国的高通合作伙伴，就决不会在京东买，本对京东有些信任，可决不支持不爱国的企业
1582	3	其他都好  就是声音太小
1583	2	刚到家的手机居然有划痕
1584	3	这机有时候会黑屏没反应！
1585	2	不是很满意没有想象中的好
1586	2	外形外观：外形漂亮适合小女孩使用
1587	2	手机膜有划痕！手机反应还可以
1588	2	没有想象的那么好阿
1589	3	待机时间：待机时间短两三天就没电了
1590	3	拍照效果：不是很行
1591	3	我咋感觉不够清晰呢
1592	3	为什么没有塑封？
1593	3	延迟比我之前的还差
1594	3	买完没有久降价了
1595	3	前置像素效果不好！
1596	3	物流好慢6-18买的的手机，结果28才到
1597	3	比我同事在我们这的实体店买的贵了400块钱
1598	2	早买几天就降了1百，手机还好
1599	3	也就一般般吧，时间膜也不送一个
1600	2	手机耗电快了点，其他还没有发现
1601	3	一般般，买的是一种情怀，支持国产
1602	3	手感还好 有点厚 其他还OK
1603	3	购买时看到有赠品是充电宝啊，到货没发现呢
1604	2	为什么买两个就不能返回京豆，不合理
1605	2	电量消耗快，电池感觉不耐用
1606	2	像素不好，用电快，不推荐购买
1607	3	没红外功能，没遥控
1608	3	屏幕上有划痕，感觉不是全新的，
1609	2	手机电板不行，一天就没电了！
1610	2	通话背面震动，应该是设计缺陷。
1611	2	待机时间：一个上午就没电，建议不用购买
1612	2	说的送冲电宝没送，手机网速慢，反应也慢
1613	3	手机的包装盒有些脏  不知道是不是别人的退换机 ？
1614	2	这个价位的手机竟然没有NFC，也真是奇葩了
1615	3	我用了几天，可不知道为啥充电头老发热？？？
1616	3	屏幕音效：接电话有时不清楚 运行速度：一般
1617	2	手机运行还是蛮流畅的，外观有瑕疵
1618	3	在市区开通了5G网络，但只有4G网络！
1619	2	待机时间：机时间 不长，不怎么满意
1620	3	手机不错。拍照啥都挺好 活动说送200。结果是e卡。客服说6/16到账。并没有
1621	3	其余都挺好的，唯独就是手机膜上有坑坑包包的！
1622	3	其他特色：还行
1623	3	外观，待机各方面都还行，就是这个指纹解锁不好用。烦人。
1624	3	外形外观挺好的，屏幕大音效好，拍照效果很好，挺好的。就是发货速度太慢了。
1625	3	刚入手，感觉还不错，就是捆绑软件太多，望改进。其他问题后续跟上。
1626	3	手机用起来感觉差不多，新款始终和同等价位的手机比，就一个芯片不一样，其他配置还是没得比的，现在家里面一个mate20Pro、一个P30Pro、一个Nova7Pro和一个Nova5Pro，反正都要用手机所以选择了同一个品牌，也在官方旗舰店购买没有赠品，价格比其他店要贵一下，不知道贵在哪里，其他店买怕不是正品，不过价格便宜还有正品，所以也很纠结这到底奥秘在哪里。
1627	3	曲面屏握上去手感很好，设计很人性化，返回键等功能键有三种排列形式，可按个人习惯自主选择。 颜色  仲夏紫
1628	3	手机收到了手感挺不错  手机上的贴膜回来就坏了一点，用的时间长一点手机还容易发烫  不是很满意
1629	3	外形外观：看着还挺大气，手感不错 屏幕音效：显示清晰。音质就差点了 拍照效果：拍照没的说 运行速度：还行 待机时间：一般
1630	3	外形外观：屏幕有点长，到处都是指纹 屏幕音效：屏幕两侧有绿色阴影 拍照效果：毛孔都拍的真真切切，无法掩盖皱纹。拍景色还不错 运行速度：还行 待机时间：不太满意 其他特色：没有宣传的好，后悔入手，懒得换了
1631	3	外形外观：还可以  屏幕音效：还可以 拍照效果：不错 运行速度：一般 待机时间：一般 其他特色：不知道是我个例还是大家都这样  用不了多久 就看看视频 刷刷快手什么  就发热严重 背部烫手
1632	3	买了快20天才收到手机，我也是醉了
1633	3	还没有用几次就有点卡了
1634	3	就是什么也没送，实体店还送东西。
1635	2	用了半小时就开始有点发热
1636	2	手机发烫厉害一个月都没有
1637	2	手机不错，耳机用几次就坏了
1638	3	拍照效果：一般般 外形外观：屏容易摔坏
1639	3	拍照效果：不怎么样
1640	3	物流较慢，手机一般
1641	2	贴膜后指纹用不了
1642	2	为什么屏幕会这样
1643	2	导航基本是废的，一直信号弱，
1644	3	待机时间：时间有点短 其他特色：用起手机发烫
1645	2	为啥时间那会有一道白色的光？
1646	3	手机质量不行，语音视频老是有回音
1647	3	屏幕膜都是气泡，找客服又不回复。
1648	3	手机不错，就是店家什么礼品都没有送，我也是醉了。
1649	3	手机用了一下好热机身不知道为什么
1650	2	配送地方错了，使得我多等几天 运行速度：还行
1651	2	说有充电宝送没有
1652	2	用了两天了。。感觉电池不咋地
1653	2	自己买套，买钢化膜，还不如线下买
1654	3	总之一个字差，买了都不想买第二个了
1655	3	感觉有点儿失望   没有想象中轻薄
1656	3	待机时间：一般，电池不敢用就没电了
1657	2	买回来才一天屏幕已经起小泡泡了
1658	3	没哟耳机孔，还得自己买个转换头。
1659	3	这手机反应有点慢。咋回事情
1660	3	相机效果一般照片质量没有P系列清楚
1661	2	一个礼拜数据线充电断断续续现在直接充倒掉电
1662	2	也就那样吧，感觉耳机效果不是那么好。
1663	2	手机还是有点卡，体现不出来5G的速度！
1664	2	为什么收到的耳机跟手机不匹配呢？
1665	3	体验感一般，显示屏幕没有荣耀九好
1666	3	是新机么？19%就自动关机了？手机开视频发热？
1667	3	续航能力差，不建议买？
1668	3	待机时间短，耗电量，手机自带的膜也不好
1669	2	人家实体店送礼物   送贴膜什么的  然后我信任的京东啥也不送，价钱都是一样的
1670	3	手机没有想象那么好 发热 电用不了多久
1671	3	贴膜有损坏！
1672	2	没带礼品
1673	3	买完就降价，为什么？
1674	3	手机会发烫！！！！也没有想象的那么好。
1675	2	屏幕音效：打电话噪音大，通话 不清晰
1676	3	用了一个月了！感觉真的不怎么样！五星没有也就一般般
1677	2	买了两天已经死了两次机了，怎么回事？待机时间还可以
1678	2	拍照效果：拍照 好让人失望  拍照?还没有几百块钱的清楚 不是因为什么都下载好了 我会要退货
1679	2	什么都还可以 不知道为什么不给配一个TypeC接口耳机？？？ 结果发了一个通用接口耳机
1680	3	什么都好！就是发热，不知道我这是个别还是都发烧
1681	3	刚买一个月  感觉锁屏好迟钝呀  这是怎么回事呢
1682	2	拍照效果一般，后置摄像头乌漆墨黑的，都看不清楚
1683	3	手机很好，耳机送转接口不是type&mdash;c，是个脑瘫行为，望后面能改善。
1684	2	运行速度：有时点几下才反应过来 这手机?反应迟钝 不太理想
1685	3	裸机拿着手感不好！两边有个突出的棱，手感不够圆润。
1686	2	待机时间：手机用了两天比较满意就是耗电量太大了在没有玩游戏的情况下一天都要一冲或者两冲玩游戏的话就要连着充电宝了
1687	3	还可以吧，就是感觉没有原来的手机管用，还有就是包装太差了，盒子都扁了。可能是觉手机便宜，简单包装一下
1688	3	外形外观：品控一般，拆封边框一处划痕。屏幕裂缝处做工粗糙。
1689	3	手机收到了，还没开始用，不过看到包装上的伤痕，心情真不是太好，3699说贵不贵，说便宜也不便宜啊，到底是物流的问题，还是什么原因呢
1690	3	上午收到货，感觉没有荣耀30效果好，电量用得太快，准备退货，还是买荣耀30pro
1691	2	这手机不适合玩游戏卡卡的 王者荣耀还没苹果X流畅 后悔买了喜欢玩游戏的朋友谨慎入手
1692	3	不知道怎么说，第一次在京东买手机，用了没有10天，屏幕坏了，拿到本地售后换了一个新的！
1693	3	才买一个月今天早上还有百分之六的电的情况下关机了，比较优秀呢。客服态度也是这样，同样的两台手机，门店买的那个就没有任何问题，我也是够了。
1694	2	拍照效果：不怎么好 其他特色：转接耳机接头是坏的，客服说换那去了到现在还没给我换换回来，啥也不想说哎购物不满意
1695	2	新手机是跟充电器一个插口的，却给带了个便宜的耳机。这是疏忽还是被人推过的呀？
1696	3	耳机给我发错了，给我换一个吧，这是什么情况，是不是手机有问题
1697	2	用了半个月了才来评论，有时候用着会自动退回页面，有时候还会卡机
1698	2	屏幕音效：声音过小。说实话手机用起来没有感觉上好。除了拍照好，没啥其它特色
1699	3	颜值在线。使用起来感觉一般，才用了一个星期，发现充电会发热
1700	2	外形外观：还行 屏幕音效：还行 拍照效果：一般 运行速度：一般 待机时间：很差，掉电很快
1701	2	使用第五天，手机出现充电发烫，使用发烫，用电过快的现象，冲着代言人买的，但是这手机令我失望了！
1702	2	耳机是坏的，还有一股塑料味，手机壳也是一股塑料味，手机膜也没贴好
1703	3	手机外观不错，但是wifi信号不稳定，经常没网咯，家里的小米和苹果都不会，还是说我买的这个是特例？？？很郁闷&hellip;&hellip;
1704	3	总体的都可以，唯一不好的事，手机用久了会发烫，发热，都不敢再用。怕爆炸
1705	2	手机贴的膜右上角都翘起来的，而且里面送了个卡片，我三十号才收到手机，卡上28号就已经到期了，而且这个屏幕有时候按了没反应
1706	3	用了半个月说下感觉，电池不耐用，屏幕偶尔断触，容易发烫！这是最明显的三点。。。
1707	3	外形外观：一般 待机时间：好 屏幕音效：好 拍照效果：好 运行速度：快 其他特色：发货太慢，定金25号下的，结果29号晚上才发货。尾款我是二十八号十点零八过一点付的。你这备货量对得起小米！
1708	3	感觉上面的膜有点皱，虽说不影响什么，但主观感觉不太好，也就普普通通一个手机吧。但不得不说送货速度是很满意的
1709	2	屏幕音效：屏幕不太灵敏，扬声器偶尔故障无法控制音量大小 拍照效果：其实一般般 用了三个月，体验感不是很好，没有评价里说的那么好～
1710	3	你好歹送个膜啊
1711	3	手机不错，充电器一个月就坏了
1712	3	外形外观：除了价格，其他满足
1713	3	一万多的手机，其实没什么意思。
1714	3	我也不知道是不是好的 反正用的还行
1715	3	不觉得它现在值这么多钱，小毛病也多
1716	3	砖头一样，拍照整体效果偏绿。
1717	3	的确很会发烫，烫手
1718	3	还可以吧关键连个钢化屏都不送给我 瞬间觉得特扣
1719	3	拍照相机有延迟
1720	3	外观还行吧，买了就降价，没办法
1721	3	外形外观：一般般般般般般般般般
1722	3	手机还不错。就是自拍照片有点问题，脸一歪
1723	3	待机时间：正常用的话一天半，待机可以用两天
1724	3	没有抢到免息券&hellip;&hellip;伤心&hellip;&hellip;日后我再追加吧！比xsmax重！！
1725	3	运行速度：还行
1726	3	测试中
1727	3	有充电记录
1728	3	边框都花了&hellip;&hellip;&hellip;&hellip;&hellip;&hellip;&hellip;&hellip;
1729	3	新手机因该送钢化手机膜????
1730	3	外形外观：边角磕了
1731	3	降价速度比运行速度还快
1732	3	手机更新iOS13.1.2 手机更新界面卡到那半天不动 最后强制关机才解决
1733	3	手机拿回来就好汤手的，不知道有没有问题就这样先用着
1734	3	国行版的， 运行速度：一般 拍照效果：不是很顺滑
1735	3	还是华为用的顺手，继续用我的P30了。
1736	3	拍照效果：一般般 待机时间：还行 运行速度：有点卡
1737	3	外形外观：后盖有那么一丝的溢胶 待机时间：还可以，一天一充
1738	3	三个字，暖宝宝
1739	3	唉&hellip;都不知道说什么
1740	3	外形外观：好看
1741	3	2020年4月份能买到2019年9月份的存库机
1742	3	价格虚高，一万多的手机没有5G
1743	3	还行，如果可以，还是建议官网买！
1744	3	发热，电池特别不经用，别的都还可以
1745	3	快递是挺快，手机还是容易发烫
1746	3	其他都还可以，手机充电发热，跟暖宝宝试的
1747	3	拍照倒是不错，信号不行啊，还不如原来的6splus
1748	3	外观有划痕。闹心。充电特别烫。
1749	3	运行速度：这个没话说 外形外观：银色很容易变话
1750	3	拿着的手感实在是一般般，戴套以后更是个搬砖
1751	3	还行吧，呵呵
1752	3	感觉一般。
1753	3	手机好烫
1754	3	卡机
1755	3	还不错
1756	3	一般般吧。。。。
1757	3	很一般，现在华为也不错了，就是苹果比较耐用一点。
1758	3	双卡双待呢，
1759	3	还行吧
1760	3	发烫啊啊啊啊
1761	3	还好吧
1762	3	还行吧！
1763	3	图标都能贴歪
1764	3	挺好
1765	3	应该比所有我用过的手机都重.媳妇用的xs max 感觉没什么变化.
1766	3	用着可以～这价格才买1天就有700块的优惠价谁受得了&hellip;&hellip;**
1767	3	俩字好烫
1768	3	其他特色：东西可以，质量一般，还过得去，下次应该还会购买的，
1769	3	八三九九入的，急用贵也要买了，送了一堆没用的赠品，强制赠送果然套路深
1770	3	外形外观：刚到手的时候摄像头那里居然有灰，我也不知道是不是新的未拆封的。 其他特色：其他都还好
1771	3	充电器是真不错，待机一般，反应速度一般！
1772	3	刚买完，用了几天感觉还好，过段时间再看看
1773	3	目前使用良好！苹果么只剩下系统了，其他一无是处！
1774	3	其他特色：过热 烫手 不知道该怎么解决 客服说这是正常的 让我去官方检测 唉 冬天当个暖手宝吧。就怕时间长了烫伤。
1775	3	外形外观：可 屏幕音效：不可 拍照效果：可 运行速度：可 其他特色：可 待机时间：可
1776	3	待机时间：不算很长 玩不了几个小时 运行速度：目前还可以 屏幕音效：一般
1777	3	体积太大，用久了手太累！拍照效果没有华为好！操作也没有华为方便，后悔入手！
1778	3	买了以后用两周，广角镜头就坏了&hellip;&hellip; 好在后来换了货。 所以抱歉，这一单只能给中评。
1779	3	京东买的第二个promax，一如既往地快，收到后无法开机，无法充电，正在申请售后换
1780	3	总体还行，就是做下脚天线做工有些出戏，手摸过去有明显凸起。
1781	3	拍照效果：一般，复杂 运行速度：还行，并没有很快 屏幕音效：可以 外形外观：看习惯了也还好 待机时间：一般
1782	3	还行，就是开始开始激活时候手机发热烫手，后来重启了，再使用就好了很多。
1783	3	外形外观：非常炫酷 屏幕音效：屏幕够大，视觉效果很棒 其他特色：新11全是系统漏洞，各种意外的操作，建议买之前参考11论坛内容。
1784	3	摄影和续航算是比较激进的提升，其他都一样，最主要是真的重，多学学s10+的设计
1785	3	拍照效果：拍照挺清晰的 运行速度：有的时候会卡顿，死机。音量也会自动的调，总体说一般吧。 待机时间：待机时间还可以
1786	3	外形外观：可以，个人感觉有点大。 屏幕音效：不错。 运行速度：苹果没得说。 待机时间：基本一天一充。 什么都没送，钢化膜手机套都没有。
1787	3	外形外观：暗夜绿确实好看 拍照效果：挺好 送给男朋友的生日礼物，他很喜欢???，爱了爱了
1788	3	之前买错pro了，重新下单买的，现在用了一周左右，感觉除了手机容易发烫，其他还可以
1789	3	运行速度：速度快。 屏幕音效：屏幕好。 外形外观：外观还可以，绿色不好看。 待机时间：时间一天二次。 拍照效果：还可以。 其他特色：没。。。吧。。。。。。。。。。。。。。。。。
1790	3	外形外观：一般般没想象中好看，前后都是玻璃不耐摔 屏幕音效：基本可以 拍照效果：一般般 运行速度：很快
1791	3	颜色漂亮，手感细腻，运行速度快，家人很喜欢，但是价格掉的太快，保价都不受理，赔大了，联系商家迟迟不回复。
1792	3	外形外观：后壳左右两边留的宽度不一样，不知道正品是不是都这样，还是我收到的非正品 运行速度：现在还新，速度肯定没问题 拍照效果：比苹果之前的确实好 待机时间：刚开始用还不知道
1793	3	拍照效果：挺好的 运行速度：还行跟苹果iPhone Xmas 没什么差 其他特色：系统问题有点不好很多，地方都是英文版，看不懂呀
1794	3	如果苹果继续采用英特尔或者三星基带，未来将没有市场，打王者荣耀的朋友不要买，这手机配不上它的价格，都能460到对面泉水里面，信号，我哈哈了
1795	3	拍照效果：拍照效果提升明显 待机时间：待机时间可以。 运行速度：正常吧，没有惊艳感 外形外观：比较喜欢
1796	3	用了俩礼拜我发现这个手机最大的毛病就是 用着用着手机自己的铃声那个页面突然蹦出来了 然后自己就变小了&hellip;&hellip;
1797	3	还行吧，相机很棒。但是有一个地方：连上蓝牙耳机时，如果从右边下拉控制界面里进行声源切换，很大概率死机，得三键重启。 苹果赶紧来debug
1798	3	外形外观：还可以 屏幕音效：还不错 拍照效果：还凑合 运行速度：还完美 待机时间：还将就 其他特色：手机发烫严重
1799	3	外形外观：还不错 屏幕音效：不行！外放一股刺耳声音！ 拍照效果：一般 运行速度：一般 待机时间：这个挺好 其他特色：偏重
1800	3	马马虎虎，凑合吧，毕竟也就两千来块。
1801	3	怎么说呢？这手机一般般吧！
1802	3	送的礼品卡没用，手机还行
1803	3	宝贝挺好的，就是比实体店贵
1804	3	一般吧，公司买来捐赠的
1805	3	不知道。老人收的啥也不会
1806	3	手机还是不错的，就是京东快递失信未能在指定时间送货，影响心情。
1807	3	手 外形外观：手机外观看上去比较漂亮的，适合女孩子用 屏幕音效：也比较好的，适合女孩子小孩子大人用的呀。 拍照效果：也好的，适合女孩子小学生大人什么人都可以用的吧 运行速度：一般般吧，这个不是很理想的，适合阿公阿婆们用的叩 待机时间：这个一般般的， 其他特色：应该说没有其它特别的了
1808	3	快递服务一如既往的给力，手机 呵 呵！
1809	3	朋友在华为商城买，和我的包装比，我真的拿不出手，
1810	3	还可以，刚买回来用，刚拿到手的时候有点热
1811	3	还可以，被门夹了，屏也没坏。
1812	3	运行速度：一般 电池使用时长一般
1813	3	刚买的新机，还可以，包装完整，物流很准时，支持华为
1814	3	用了一段时间，没啥感觉，一切正常，还ok
1815	3	拍照颜色有点失真，外观好看，电池耐用
1816	3	用了几天，还可以，就是包装跟闹着玩似的，客服爱理不理的
1817	3	还不错，没有oppo的习惯
1818	3	外形外观：手机好看，就是拍照效果不好
1819	3	对打游戏要求不高，喜欢拍照的可以入手
1820	3	还可以，不错的
1821	3	还行吧
1822	3	屏幕好长啊
1823	3	整体还行
1824	3	运行速度：慢
1825	3	还可以。
1826	3	降价太快，别的还可以
1827	3	还不错
1828	3	待机时间：疫情只能网上买，好在速度快，临时用着不挑剔
1829	3	手机挺好，就是买完一天就降价，撒意思？真的服了
1830	3	出货速度比较慢  性能各方面等使用后才知道
1831	3	相机给力但机身给我的感觉很空，档次一下低了很多
1832	3	运行速度：感觉比较卡 慢 拍照效果：比较假 外形外观：还不错 待机时间：可以
1833	3	运行速度：运行速度还算可以，但是网络就有点卡
1834	3	刚收到，体验完在评价
1835	3	外形外观：漂亮大方 拍照效果：杠杠的 运行速度：非常棒
1836	3	手机还行吧，网页版本老低，打不开，下载了还是一样
1837	3	将就一下用吧
1838	3	老奶奶的大脑
1839	3	美观大方，还行
1840	3	大闸蟹在哪儿啊？为什么承诺了不发货？手机还好很好用的
1841	3	一般吧
1842	3	操作速度还可以，但是拍照质量相对一般，没有达到期待值。
1843	3	挺失望的，带老妈买的，要不是长辈们都喜欢华为这个配置和质感真不值1999
1844	3	手机还可以，赠品提示未及时上传信息取消订单了  不满意
1845	3	拍照效果：不错 运行速度：快 屏幕音效：好 外形外观：一般
1846	3	运行速度：卡顿现象 外形外观：太厚了，一点都好用
1847	3	刚买的 还在用 一般吧 一分钱一分货 过段时间再回来评价
1848	3	一个字卡
1849	3	还行吧
1850	3	用用再作评价
1851	3	做工一般
1852	3	手机运行可以，电量掉得快，看个新闻发烫，不如我的我Y93。
1853	3	速度快，可是不是6.4错的嘛，怎么比苹果6p5.5还小，其它还可以。
1854	3	手感一般 手机比较轻 给老人家用刚刚好吧
1855	3	屏幕音效：色彩鲜美细柔 外形外观：外观精美 运行速度：还行ue
1856	3	拍照效果：怎么说呢 拍照效果的话没有太理想和电池使用消耗毕竟2k多块钱吧。不算太理想 其他特色：华为手机中国品牌还是支持了一下
1857	3	待机时间：挺长的 拍照效果：感觉不是很清晰 其他特色：耗电还是挺快的
1858	3	还能将就。给三是己是好的。之前拖不发货。减二个星星。用一段时间再看
1859	3	给老公买的，他还多喜欢? 外形外观：好漂亮 屏幕音效：声音大 拍照效果：不错哟
1860	3	外形外观：外观不错，手感还行，就是快递员态度非常不耐烦，客服也找不到人，真是醉了
1861	3	手机收到确实不错但是收到的时候手机屏幕烂了一块对于美观上真的是不太好，希望包装手机的时候能够把手机保护好，不要碰撞挤压到手机
1862	3	本来想直接默认好评得了，手机用着还可以。 但是，为什么会有卖保险和金融产品的，知道我在京东买了手机，我想知道这个信息是怎么泄露的？我不知道我的信息被泄露了多少，有多少人的信息被泄露？
1863	3	手机耗电特别快，用一会就非儿烫的。 不过手机很好看，拍照也挺好，王者也不卡
1864	3	宝贝很好，多了就不是很好，物流公司快，下次再光临。宝贝很好，多了就不是很好，物流公司快，下次再光临。
1865	3	拍照聚焦有点慢，处理器中等吧，微卡，游戏的话，只要不是3A大作，带起来还是没问题的，还不错，值得购买
1866	3	外形外观：还好 屏幕音效：还好 拍照效果：不怎么的 运行速度：还好 待机时间：好 其他特色：好
1867	3	整体感觉还可以，背面看图应该是平面的，其实不是，没有平面的手感，速度很快。不是我喜欢的款，有点点后悔，当时应该买3i
1868	3	外观，运行流畅度还行，就是手机网络不怎么好，以前旧华为网络溜溜溜的
1869	3	比期望值低了一点，电量消耗比较快，屏幕亮度设置的自动调节，不过感觉偏亮
1870	3	外形外观：送老妈看着还可以 拍照效果：拍照可以 运行速度：就下载了三四个app，光两个小时就卡退不下三次
1871	3	看了宣传说是特大字体，买来想给老人用的，结果字体和别的机器差不多啊。
1872	3	一天的活动抢到了8G 5i挺不错的，手机挺薄的，款式很好看，用了一星期来评价，拍照也还行，感觉运行还是一般呢！和6G差不多，希望能改进下，一直还支持华为，也是第一次京东买手机，希望越来越好
1873	3	外形外观：好看 屏幕音效：可以 拍照效果：不怎么好 运行速度：还可以 待机时间：可以 其他特色：比较轻
1874	3	屏幕音效：屏幕音效都挺好的 运行速度：运行有时缓慢，有时卡顿没反应。 拍照效果：拍照清楚 待机时间：待机时间够长，充一次电能用两天 外形外观：外观挺好看
1875	3	手机外观不错，拍照一般，电池也就一天，运行速度挺快，没有提示灯，有新消息不听到声音不知道有消息
1876	3	手机外观还可以，性能什么的还没有体验，但是这个耳机感觉是真的低端，第一感觉耳机赶不上Nova4
1877	3	手机还可以，配件冲电器质量感觉很次，尤其是耳机，感觉很街边10块钱一个的差不多，带一会耳朵疼
1878	3	外形外观：好看 屏幕音效：不错 拍照效果：还可以 运行速度：御卸软件的时候反应慢 待机时间：感觉耗电有点快
1879	3	手机质量可以，已经打开了防误触，手机放兜里就会自己打开好多应用，手电筒也不知道什么原因自己就亮起来了。我平时开的流量，移动数据也会自己关掉。
1880	3	游戏不行，拍照还行 外形外观：还行 屏幕音效：很好 拍照效果：挺好 运行速度：不行 待机时间：一天左右吧
1881	3	首先快递绝对? 逼，中午买的，下午到了，手机收到了，没有想象中那么好，手感质感，怎么能成旗舰机 屏幕太大了，不方便啊！个人感觉，新手机运行还挺快的
1882	3	第一个华为手机，一天一充，毕竟快2k的手机外观拍照还可以，运行速度暂时感觉和小米千元机没什么区别。
1883	3	外形外观：还好 运行速度：用过一段时间后偶尔会卡，软件的反应时间也会变长 待机时间：待机时间不错的 拍照效果：拍照挺清楚的
1884	3	外形外观：看上去挺不错的 拍照效果：很清晰，美颜还是自动 待机时间：单单看个时间待机时间挺长的，自己觉着 其他特色：一般 运行速度：不知道什么原因我打电话或者接有时候都会有回音
1885	3	外形外观：还可以 屏幕音效：声音很清晰 拍照效果：拍照也很清晰 唯一不足就是，我才用了两个星期，手机有点卡，打游戏会闪退
1886	3	待机时间：耗电速度有点快呀，因为我有一台Nova 5i工作手机，可以明显的对比，工作手机用了快一年了，待机时间比这台新买的手机待机时间好太多了。 屏幕音效：戴着耳机音质不是很好，有点噪。
1887	3	手机挺好的，外观也不错，就是收到货拆开的时候发现原装盒子外面的塑料纸已经没有了，不知道是不是别人退回来的，而且手机也装了很多APP. 当时没想那么多，现在想起来总觉得心里不大舒服，感觉不那么好
1888	3	外形外观：机型外型比较修长，只有单边喇叭音量比较小 屏幕音效：虽然系六点几嘅屏幕睇起嚟冇以前嗰啲普通机型咁大 拍照效果：有点特色，ar好好玩 运行速度：速度尚算可以，只不过双卡双待单通这是缺点，高价低配性价比较低，不推荐。 待机时间：还没有完全适应该可以用一天。
1889	3	感觉这款手机反应不是特别快。以前用的锤子手机也是在京东买的，就很好用，内存比这个要小，比这个反应快，不知道为什么就开不了机了。希望这款手机可以用的久一些。
1890	3	拍照效果：好
1891	3	用着卡卡的
1892	3	运行速度：一般
1893	3	拍照效果：差！没我前几年买的小米8的1200万像素好！ 运行速度：一般！等用段时间再来评！
1894	3	外形外观：外观可以，，大小合适，其它等抽空下载个王者试试
1895	3	充电机身有点发烫，给老爸买的，不好评价，用一段时间再追评吧
1896	3	6.16买的 一买就掉价，出现一次卡顿，充电快，发热情况还好
1897	3	机型很好，漂亮 咋用了没几下就卡了， 希望好用，相信小米
1898	3	屏幕音效：效果不好清晰度还不如老手机 外形外观：很不错 拍照效果：4800跟800的差不多 运行速度：过得去
1899	3	待机时间：垃圾，说4500的容量 ，还不如我之前的3200的耐用 外形外观：漂亮 拍照效果：还不错，
1900	3	其他特色：没钢化膜或者软膜。。。 屏幕音效：没钢化膜或者软膜。。。 外形外观：酷，充电速度快，值得拥有！
1901	3	刚用反应还可以，两个缺点：手机稍微玩会就会烫。充电的时候不玩也比较烫。。然后就是耗电也比较快
1902	3	其他特色：一共买了两个，手机性价比还是蛮高的，拍照和运行速度都不错，5G网络不够给力，这个1769买的，过了一周多时间就降到1499了，又不算价格保护，多花200感觉不太划算
1903	3	机子  看起来不错  用起来也流畅  就是手机没贴膜哦  也没送什么有用的赠品   满足感没到位  不然肯定五星好评的
1904	3	虽然充电快，但放电更快！同时在用的时候，发热也快，都是国产，价格稍微便宜，但技术还是华为厉害。
1905	3	本身是很相信京东，才特意来京东买的。结果到了之后，外面的盒子已经烂了，而且没有别的保护措施。 用了几天才来评价，手机升级完系统之后，特别的卡。没升级前还是挺好的  建议购买的不要升级系统
1906	3	外形外观：外观还好看 拍照效果：跟想象的有点差距 运行速度：运行实在不行还没换下来不用的荣耀20pro舒服，刚买几天打开多个软件卡顿严重，容易卡一会，切换后台感觉明显卡顿 待机时间：充电快下电也挺快的 其他特色：小米系统一直很好用
1907	3	外形外观：挖孔屏比刘海屏好的多。颜值更好。后置摄像头在中间，看到顺眼，赞。 屏幕音效：环绕音？ 拍照效果：拍照足够啦，比以前的好用，自带拍照模式很友好。 运行速度：现在速度当然快啦。 其他特色：最坑的是送货时间，明明是预售非要写调货，掉了几天才到。说好的618那，6月25日后价格和陆一巴一样一样的，而且是不需要优惠券就能达到1**4***9**9，。
1908	3	外形外观：银色很大气，还不错 屏幕音效：一年用的是iOS系统，所以真真觉得安卓系统不怎么样 待机时间：短 其他特色：充电很快 运行速度：没有打游戏都有点卡，打游戏的时候手机特烫手 拍照效果：像素跟11pro肯定没法比，而且也不是拍照手机，要求不高
1909	3	外形外观：外形美观大方 屏幕音效：屏幕超大音效挺好 拍照效果：一键制片，像素分辨率还是可以的 运行速度：6g运行内存，流畅够用 待机时间：4500毫安，中等偏上水平 其他特色：一款老百姓用得起的5g手机，品控要继续做好，我给家人买的都是小米，感觉小米质量问题不删，不够耐用，想用华为了，我自己用苹果，家里用安卓。
1910	3	外形外观：外观还是可以的 蓝色很漂亮 看着很是舒服的呐 屏幕音效：声音的音质还是不错的 拍照效果：拍照一般吧 要求也不是太高 运行速度：基本上正常使用还是OK的 待机时间：充电比之前的要快 耗电也快 运行久了就会发热发烫 其他特色：总的来说这个价位还是可以接受的吧  活动期间不断变价 心好累 真是有些耽误时间 调货也是超级不给力 一个礼拜才收到
1911	3	东西是可以，怎么不送膜呢？
1912	3	屏幕音效：通话声音 发闷
1913	3	不送耳机，不送卡针，牛批哎
1914	3	没诚信，说有礼品赠送收到货没有
1915	3	这发热我是没得办法
1916	2	新机卡的不行，发热
1917	2	无线网络用不了，
1918	3	不时卡机。一般吧。
1919	2	运行速度：有点卡。
1920	3	待机时间：电池不太行 拍照效果：拍照显脸大
1921	2	外形外观：高端大气 运行速度：一般般
1922	3	没有钢化膜，这一点不太好
1923	3	有点卡，刚用了两天就有点卡
1924	3	手机刚买回来第一天关机充电好烫?
1925	3	手机有点卡顿，并不是特别好
1926	2	返回时是真的卡顿
1927	2	拍照效果：差 运行速度：慢 外形外观：后面不好看
1928	3	外形外观：为啥我买的后面颜色不一样，难道是假的
1929	2	手机发烫，买老弟二天就降价了
1930	2	买了才一个月，今天前置喇叭出现声音电流声
1931	3	相机功能有问题，照相有二十多条白线
1932	2	有没有赠品不重要，手机凑合着用用吧！
1933	3	下单之后四天才发货，这个手机安兔兔跑分并不高
1934	3	外形外观：套餐买的钢化膜竟然不匹配，小了好多
1935	3	会发热，发货要等3天，共5天收到。画质不好
1936	3	待机时间：待机时间短，手机用来玩游戏到下午就要充电了
1937	3	挖孔黑影大重，厂家不长眼嘛，这种都可以拿出来
1938	3	略有卡顿，不是很满意
1939	2	一般吧，
1940	3	偶尔会有断触
1941	3	充电好慢
1942	3	电池也不耐用
1943	3	里面这么脏像别人用过的退换机一样，还有网络经常断流
1944	3	待机时间：一般般 正常操作  一天冲两次电 不太舒服
1945	2	用了没有一个月  你们有这种情况吗   摄像头出现白线
1946	2	手机刚到，结果盒子满是伤痕，而且连原装膜都没有，快递盒也只用气袋垫了一边
1947	3	有时会出现卡顿的现象，屏幕无反应，不过重启很快就好了！
1948	3	卡顿  耗电快 体验一般般 没什么亮眼的地方。
1949	3	待机时间：电量消耗太快了，打游戏发烫，不过千把块钱也能接受，
1950	2	手机外观还行  就是老是断流 一会一会没网络 两天退货了
1951	2	其看起来不错，电池温度比华为的温度高，电池掉电也比较快
1952	3	待机时间：耗电太快了 运行速度：点多了软件卡 其他特色：信号不大好经常性2g 也就值这个价吧
1953	3	用移动4G卡经常出现连接不上网络，需重启才能正常（同时在用的旧手机信号正常）
1954	2	外形外观：行吧  运行速度：有点卡 后台清了也是5这样 屏幕音效：一般般
1955	3	手机还不错，就是这次这包装破损的，让人内心不爽，更惨的打开手机盒子，看到里边被人撕掉一块，就算的是退货，售后能不能用点心啊！
1956	3	品控一般。用酒精擦拭的时候发现外屏有问题&hellip;&hellip;贵有贵的道理，便宜有便宜的原因。作为小米的二线品牌，也就做做百元机的本事，千元机都做不好?。
1957	3	裸机就一个充电器   啥都没有   充电手机和线都发热     玩游戏也发热
1958	3	手机好烫好烫其他方面还行导航键好像不可以设置声音很大不过不怎么好听，玩手机估计要烫手玩玩还烫就退货了
1959	2	运行速度：小卡顿现象屡现 待机时间：感觉用电过快 其他特色：打开软件延迟，放歌还得先按音量键
1960	3	1.这款手机一使用就明显发热有点烫手啊，为什么？这个请客服解释解释。 2.蓝牙传输一时快，一时慢不稳定。 其他外观整体还可以。
1961	3	哎，其它都好，就是太大了，为什现在的手机尺寸都弄这么大，拿起来是真的累啊，我还是更喜欢小一点的，这个决定送人了。
1962	3	手机一般，5g总是断网，而且618就是促销活动，现在的价位跟618价位也一样，让人觉得自己买的便宜尽快买，实则价钱也就在这了，都明白怎么回事
1963	2	质量不好。更新了miui12后。导航键就不灵了。手机屏幕都没动。它就自己会乱按
1964	3	没有出厂保护膜，没有说明书，6版的不能聊天发相册图片，7版的手机分身没有信息提示音
1965	2	快递盒子没有明显挤压痕迹，但是装手机的盒子出现了挤压痕迹，是手机盒子质量好还是快递盒子质量好呢？唉，又一个拿消费者当傻子的。懒得换货了，目前正在用，过一段时间再追评。
1966	2	不好用，耗电，而且手机看视频容易卡，充电的时候也遇到过不听使唤乱跳的情况。不缺钱的情况还是不要买这个。
1967	3	耗电太快，一把游戏百分之十的电就没了，还没怎么用就剩没多少电了，不过充电挺快
1968	2	拍照效果：拍照还行，喜欢拍照的，可以购买其他机型 屏幕音效：中规中矩 外形外观：有点丑 运行速度：日常够用，喜欢打游戏的还是不要选择， 待机时间：一般
1969	3	手机反应挺快，电池也可以。但是扬声器太差劲了，有时候听不清楚，对方声音大一点直接变声听不清了，
1970	2	一般一般，耗电太快，手机比较重，没什么特别好的地方。 运行速度：一般 拍照效果：一般 屏幕音效：一般 待机时间：差 外形外观：一般
1971	3	用了两天才来评价的，电池非常不耐用，本人不是没事老抱着手机刷手机的那种，虽然如此，电池坚持不到一天。本人对手机要求不高，除了电池很不满意外，其他都可接受。
1972	2	一般般吧，用了一天已经出现小问题了，耳机有时候会出现没声音的情况(我可以确定不是耳机问题)，以后的小毛病在看吧
1973	2	手机非常厚，外观漂亮！颜色适合女生用，拍照很清晰！就是发货太慢，等了6天半！还有就是京东客服跟小米客服一个问题两边互相踢皮球一样，都说需要找对方，结果谁也没给个满意答复！
1974	3	运行速度：6G的话勉强可以吧，升级MIUI12感觉有点卡 待机时间：虽说是4500毫安，但是和我以前OPPO3800毫安比，真的差不多，充电还没人家快 其他特色：30W快充没OPPO18W快，真的 拍照效果：毕竟相机不是宣传特点，相机一般般
1975	3	手机目前使用还算流畅，但是耗电快，有点小重，手机信号不是很好，不知道是不是因为我的是4G卡引起的，618有两个时间段说是一三九九，可惜错过了，一四九九买的，
1976	2	外形外观：，还没习惯。  屏幕音效：声音大 拍照效果：一般般 运行速度：反应速度不快，可能是128的原因吧 待机时间：充电超快 其他特色：用了一个星期出现三次黑屏，按锁屏键三次以上才亮屏幕。
1977	2	新机拍照就有条纹，已申请退货。 总的来说外观还可以，但是呢他不支持tf卡，这个请大家注意。其他京东的服务还是可以的，现在在等快递员把这个拿走退钱。这个机子的外观还是不错的，另外有一点不大能接受的就是那个挖孔屏真的好丑哈哈哈，还是水滴好看点，个人觉得哈。
1978	3	拍照效果：很平庸，对拍照有要求的不建议买 外形外观：还行吧   运行速度：一般般 待机时间：不算长 屏幕音效：屏幕不是很好，待机时间马马虎虎
1979	2	8年的米粉用了好几个小米手机，但是这次这个手机不太满意，外观很漂亮，反映也还可以，不满意就是这个照相功能，出来的相片发白，还不如我旧手机好看，耗电也很快
1980	3	其他特色：经常莫名其妙没网
1981	3	嗯～不知道咋说，有好有坏吧
1982	3	摄像头只有一个是可以拍摄
1983	3	运行速度：还可以
1984	3	运行速度：挺好的
1985	3	还可以，手感不错。
1986	3	其他特色：有一点发热
1987	3	运行速度：一般般
1988	3	运行速度： 赠品不多
1989	3	买给家里老人的
1990	3	手机卡， 运行速度：差
1991	3	感觉还行，这个价位确实是可以的
1992	3	运行速度：还行 其他特色：还行 待机时间：还行
1993	3	正常用的话1天，导航的话3个小时
1994	3	还不错的商品吧，支持支持哈！！！
1995	3	还行吧 没想像的那么好
1996	3	买来给别人的，没用过也不懂怎么样
1997	3	电池不耐用，耗电快， 拍照效果：还行
1998	3	实体见过真机，做工不错
1999	3	为什么安兔兔评测是晓龙610处理器
2000	3	手机还不错，物流发货太慢，超级慢。
2001	3	其他特色：买了几天就降了100
2002	3	其他特色：买了几天就降了100
2003	3	外形外观：这是在逗我吗？这叫&ldquo;皓月白&rdquo;？白在那里？ 蓝成这个样子&hellip;&hellip;
2004	3	一般般吧，毕竟一分钱一分货
2005	3	待机时间：如果要买这款手机，强烈建议皓月白
2006	3	耍个游戏要花屏
2007	3	外形外观：还可以巴
2008	3	五年了，第一次新手机遇到问题。
2009	3	运行速度：还可以够用
2010	3	其他还好，外观有划痕，又对小米一次失望
2011	3	还算不错 一分钱一分货
2012	3	特别沉，哎，送给妈妈用了
2013	3	拍照效果：般  待机时间：待机不错 外形外观：还行
2014	3	11号下单，手机20号才到货。哪怕是国外的也早就到了
2015	3	运行不得行，不过这个价位也不能要求太高
2016	3	暂时还没有什么问题，用段时间再来评价。
2017	3	稍微有点卡，总体不错，值这个价
2018	3	外形外观：不错 屏幕音效：将就 拍照效果：还可以
2019	3	外形外观：还行吧，一分钱一分货
2020	3	其他特色：感觉就那样吧。。。。。，
2021	3	亮点同配置系列 华为可能贵500
2022	3	怎么说呢，玩两局游戏就热了，其它的还好吧
2023	3	手机收到，无耳机无钢化膜
2024	3	给别人买的，希望没有被京东坑了
2025	3	使用一段时间在做评论
2026	3	东西还是不错的  就是连耳机都不送
2027	3	对得起价格，惊艳就没有了
2028	3	如果有钱的话还是买个好点的比较不错
2029	3	手机挺好的，就是没有耳机
2030	3	运行速度：一般般，千元机的正常水平
2031	3	待机时间：还可以
2032	3	外形外观：好看 屏幕音效：还好
2033	3	还可以吧，家里老人用很实用
2034	3	东西质量不错?，赞值得推荐购买！?购买
2035	3	待机时间：正常使用一天必须冲一次
2036	3	屏幕音效：声音蛮大的
2037	3	运行速度：一般 卡
2038	3	当时购买时说送耳机回来确没有，不过手机还行。
2039	3	手机还可以，就是打电话不大清楚
2040	3	运行速度：不太行
2041	3	其他方面好，但是电量用的很快
2042	3	外貌好看。实用性一般吧。还可以。
2043	3	一分价钱一分货
2044	3	这价格来说还行吧
2045	3	还可以就是玩游戏有时候会卡
2046	3	外形外观：外观大方
2047	3	给我爸买的，速度挺快的，还行
2048	3	手机还不错，就是刚买就降价便宜了100块钱
2049	3	京东快递就是快
2050	3	还可以吧 不错不错?
2051	3	运行速度：还可以，不过信号和同事比起来要差！
2052	3	一直在充电路上
2053	3	这个价格的手机没什么，简单用吧
2054	3	日常卡的不要不要的
2055	3	运行速度：新机经常卡，第一次体验到
2056	3	应急用的，物流可以
2057	3	手机还不错，就是连膜都不给一张
2058	3	运行速度：有点卡， 待机时间：挺长的
2059	3	手机还好而已.就是物流不行.足足等了快五天.都快赶上EMS的速度了
2060	3	拍照效果：一般 运行速度：已经开始卡顿了
2061	3	待机时间：还好 中度使用 一天一充没啥问题
2062	3	一般吧。主要不是自己用
2063	3	外形外观：摄像头凸出太多了
2064	3	还行吧 这个价位的  挺不错的了
2065	3	拍照效果：48000象素，还沒有13000清晰
2066	3	屏幕音效：还可以，值 外形外观：好看
2067	3	今天终于收到货了，具体怎么样要用段时间再来
2068	3	运行速度：用了一个月就卡~买给长辈用的
2069	3	屏幕音效：棒 拍照效果：好 运行速度：快
2070	3	用段时间再评吧
2071	3	性价比较高吧，用着还可以了。
2072	3	还可以。。速度的话有一点点慢，。。。。。。。。。。。。。。。。。。。。。。。。。。
2073	3	性价比可以，运行卡了点不流畅
2074	3	待机时间：待机时间短，运行速度一般。
2075	3	机身比较厚，性价还不错。
2076	3	不知道怎么样，买给家人用的
2077	3	还以为会送张手机膜呢
2078	3	刚开始还可以，用了一段时间后会突然很卡。
2079	3	给老爸用的真的一般般
2080	3	不错，给老人家用，有时候就有点卡
2081	3	作为老人机已经不错了
2082	3	还没用，等用了再作评价
2083	3	喇叭声音不是很好&hellip;&hellip;其他还凑合吧&hellip;&hellip;
2084	3	开始速度很快，现在是越用越卡
2085	3	挺好的，但有点小，价格真不错
2086	3	一般吧，主要给老人用的
2087	3	头一次用小米手机，互联网品牌，一分钱一分货。
2088	3	物流快，充电完手机烫的不行
2089	3	来逗我玩吗？7月30日买的东西，7月22日就过期了！
2090	3	这价格的质量还可以
2091	3	可以，用着还可以
2092	3	给妈妈买的   老人用的还可以   还行吧
2093	3	买给老妈的，她说屏幕不够亮，其他的应该都还好。
2094	3	也还可以，性价比比较高，买给家人用的。
2095	3	日常生活使用还行，打游戏之类的就不行了
2096	3	外形挺好，手机用一段时间再评论吧。
2097	3	运行速度：一般 拍照效果：一般 外形外观：外形就那样吧
2098	3	还行啊
2099	3	还可以吧，给妈妈用的
2100	3	屏幕音效：一般 拍照效果：一般 运行速度：凑合 待机时间：不错
2101	3	就老人用还是可以的，一般般
2102	3	怎么说呢，一分钱一分货吧。老年人用也是不错的选择
2103	3	还可以   就是没送保护壳和保护膜  另外买又要等
2104	3	小米的低端手机，用过几天来评价，实话讲性价比还不错，买给孩子用的
2105	3	运行速度：很卡 外形外观：像素低 其他特色：一般
2106	3	小米也好，红米也好，国内专用ROM就是@
2107	3	反应迟钝，百元机还要啥自行车。
2108	3	一般般。。。。。
2109	3	一般般吧
2110	3	还行吧
2111	3	感觉还可以
2112	3	太**
2113	3	一般吧
2114	3	厚重
2115	3	运行速度：比较慢，不会是翻新机吧 拍照效果：还行 外形外观：还行
2116	3	京东快递值得肯定?，外观包装严实，速度快。
2117	3	一般吧！
2118	3	运行速度：速度有些慢，其他的用一段时间过后再来评价
2119	3	外形外观：还行吧，老人是够用了的，没有特大号的字。。
2120	3	目前用着还行  毕竟便宜  反应没那么快  人脸解锁
2121	3	可能我买了台二手机，充满电待机一晚上就用了百分之十二的电量
2122	3	一般般，刚用，目前还没出现大问题。
2123	3	还行吧，给老人用用。
2124	3	还可以的，比较实惠。
2125	3	刚使用，有点卡顿。用一段时间再评
2126	3	才买回来几天，这几天手机还好，反应比较快
2127	3	回来拆包，看了下手机，摄像头有灰尘，其它等用过才知道！&hellip;&hellip;
2128	3	手机还可以，用着还不错。快递哥太差，直接扔在地上就走了，。
2129	3	外形外观：一般 运行速度：一般 待机时间：可以 屏幕音效：一般
2130	3	运行速度：慢
2131	3	感觉一般般
2132	3	还行，还没有用
2133	3	配置低！
2134	3	只能算还可以
2135	3	老年机
2136	3	没保护膜
2137	3	外形外观：小巧
2138	3	一般般的感受了。549元.普通使用.普通体验感觉
2139	3	预约  没有明确时间啥时配送 不明确时间  但是第二天就到了  速度快 用着还行
2140	3	手感一般，质感一般。总体感觉一般。还行吧
2141	3	给老人买的，手感偏轻。刚开始用，希望别像电视一样不靠谱。
2142	3	给孩子她外公买的，大概拆开看了一下，感觉还可以吧，用用看吧，再详评
2143	3	手机用着还行，就是自动下载，老人又不懂，流量一下去了60元。揪心
2144	3	物流快，自营的还不错，只不过昨晚下的单，，今天看就是定金1元，尾款548，变相降了，还不能保价
2145	3	几百块钱的机子，也就这样了，主要苹果智能装一张卡，就买了这个
2146	3	钢化膜和手机套也送个来，加钱也可以啊！ 还要另外去买！
2147	3	刚收到，包装简陋！送货到了，快递员不联系，越来越不负责了！东西试了一下，还是可以的，准备周末叫家里人试试！
2148	3	待机时间：续航满意 其他特色：经常用着用着突然锁屏， 双击屏幕唤醒简直就是靠运气或者看手机的心情吧！
2149	3	外观、手感都可以，目前反应也灵活，不知用久了会怎样
2150	3	机子很厚，没有质感，用起来也不是很流畅，真的只适合老人用
2151	3	东西收到，外包装完好，很不错。值得表扬了，东西质量，我们用了才能追评，京东的还是不错。喜欢这快递速递哦！
2152	3	拍照效果差一点，电池没有宣传的耐用，这个价格来说，其他方面目前来看还不错
2153	3	老人家挺喜欢的，字挺大个的！ 就是老人家不怎么会用！
2154	3	给爸爸买的，一分价钱一分货，质量就是这样吧，老人家用习惯了之前的手机，这个用得不太习惯
2155	3	外形外观：还可以 运行速度：还可以 待机时间：一般 其他特色：好像不怎么存电
2156	3	拿到后使用都正常，但一段时间后出现不能拨打和接听电话！ 完全重置后又正常了&hellip;&hellip; 不知道具体原因
2157	3	手机比较厚，屏幕素质一般，双卡双待，可以插储存卡，希望不要出现质量问题。
2158	3	连个耳机都没有，给家里长辈用，字体可以设置巨无霸挺适合长辈，其他的一般！唉  还不如在实体店购买
2159	3	不错，性价比最高的手机，不玩游戏足够了，快递很快，就是电池好像不是很耐用
2160	3	外形外观：一般般
2161	3	待机时间：费电快
2162	3	耗电有点快 其他的还行
2163	3	真空的包装，就像气球一样
2164	3	总体来说还算对的起这个价格。
2165	3	拍照效果：还不错 运行速度：游戏经常卡屏 待机时间：待机时间挺长的
2166	3	充电速度好像没小米快
2167	3	先用一段时间看看再评价
2168	3	一般般，这个价位很值了
2169	3	还可以吧，用用乐意发热
2170	3	手机不错，可惜的是我没领劵再买，亏了
2171	3	没有耳塞，试用过后再来追评
2172	3	拍照效果：不太清楚
2173	3	拍照效果：还好吧
2174	3	价格变得比较快，要盯着价保
2175	3	外形外观：还可以
2176	3	价格像过山车，半个多月便宜了二百
2177	3	一分价钱，一分货
2178	3	我以为是绿色的?
2179	3	还行吧有点贵这个
2180	3	外观 外形外观：到手之后发现，外观不好看
2181	3	用了一段时间才来评价的，一般般
2182	3	外形外观：手机膜没贴好，有气泡
2183	3	只能说还可以，有个别软件会卡死
2184	3	拍照效果：相机一般
2185	3	外形外观：挺漂亮的
2186	3	待机时间：机时间没超过 24小时！
2187	3	还行，第二部了，后期追加
2188	3	可以运行还行，外观可以，充电快
2189	3	二次封装产品，不过多评价
2190	3	屏幕音效：还可以 外形外观：挺漂亮的
2191	3	用了一段时间，总体还不错
2192	3	不知道怎么说 用一段时间再做评价
2193	3	外形外观：还可以，先用下再追评。
2194	3	屏幕音效：就音效欠佳。其它还行
2195	3	其他特色：有快充功能不配快充头，奇葩
2196	3	还不错翻了翻好像有肖战代言。先搞个发票再说
2197	3	还可以，就是不知能否用住
2198	3	买亏了，520下单1599，结果521保价到618只要1399
2199	3	拍照效果：拍照效果还可以 运行速度：个人觉得一般
2200	3	外形外观：前置一般，外观不错，其他还好
2201	3	昨天下单，今天到货，正在使用中，感受后在评价。
2202	3	还可以～画面清晰可以在关注一下使用
2203	3	正常使用也就一天用60度点 其他的还好
2204	3	拍照效果：还行吧 其他特色：怎么连个耳机都没有啊
2205	3	外形外观：手机外观好看，薄 拍照效果：6400万像素拍照清晰 运行速度：运行速度快 屏幕音效：声音大，音质好 其他特色：不足之处，待机时间短，由于摄像头外凸，配的保护套不好用，没办法保护摄像头。
2206	3	运行速度：还可以 就是网速为啥老是卡
2207	3	手机外观和速度还不错就是耗电太快了
2208	3	感觉也就那样吧。
2209	3	还好吧，凑合用。拍照一般
2210	3	看以后使用效果，视频不带美颜
2211	3	打游戏需要非常好的网络才能玩得流畅
2212	3	拍照就还可以，过一段时间在说
2213	3	外形还是蛮好看的，但是耗电快啊
2214	3	物流很快，
2215	3	外形外观：好看
2216	3	挺好的还不错
2217	3	一充电手机就烫的吓人哦   我都怕它爆炸了
2218	3	外形外观：跟华为一样的 屏幕音效：还可以 待机时间：不够长
2219	3	运行速度：一般
2220	3	运行速度：卡顿
2221	3	运行速度：一般
2222	3	凑合着用吧。多任务运行就不行了。
2223	3	总体来说还行，还没用多少天，到时候再看看吧
2224	3	运行速度：不是太好 外形外观：挺好 待机时间：还可以
2225	3	打开图片和视频的速度不够快。京东物流速度还是那么快。?
2226	3	屏幕没有多灵敏，，，用段时间再说吧 拍照效果：还可以
2227	3	充电挺快的但是后台耗电有点快然后拍照效果挺好的
2228	3	屏幕音效：还可以 拍照效果：一般 运行速度：还可以
2229	3	挺好看啊的，我觉得还是可以的第一次用这个牌子，还在体验中
2230	3	刚开始用挺好，这两天手机偶尔有点卡
2231	3	产品不错，可惜联接wife使用速度太慢
2232	3	是原装的三天到货先用用再来评价具体使用效果希望可以好好用用
2233	3	外形外观：还可以 待机时间：不怎么样，目前用的
2234	3	这价格真贵要不是家里老头非得要OPPO不会买这个 除了价格 其他都不错
2235	3	手机充电挺快的 但是耗电量非常快 拍照效果：还可以
2236	3	手机还可以 客服不行，
2237	3	手机速度挺快，电池容量一般化，总体来说，还可以
2238	3	待机时间短，其他方面还是可以的。
2239	3	外形外观：还可以，不错 拍照效果：一般般 运行速度：还可以
2240	3	屏幕音效：还行 外形外观：不错 运行速度：不怎么好
2241	3	运行会阶段性的卡顿。
2242	3	到手剩余106G,用2天下常用软件剩余96G 。我想说真的很辣?
2243	3	耗电较快，其它的还行
2244	3	用着还蛮不错的，可以
2245	3	看着还不错，刚刚拿到还没用呢，还不知道好用不。
2246	3	一般般吧，也就那样，128G可用96.1GB
2247	3	外形外观：好 待机时间：一般 其他特色：电池不行，其他都很好
2248	3	挺好，一直都用的oppo手机
2249	3	比预期要好，但是手机发烫，打开相机多更发烫，不知道玩儿手机会怎么样
2250	3	性价比高，但分辨率不让高兴!
2251	3	给孩子的爷爷买的，还不错
2252	3	实惠好用，我已经购买好几台了
2253	3	送给妈妈的，应该还可以！！！！！
2254	3	外形外观：还可以 屏幕音效：不错 运行速度：满意 拍照效果：非常满意 手机自带程序非常垃圾，没有用的特多，有点卡。
2255	3	这个价钱也就这样了，能用
2256	3	一直在京东上买东西，方便又实惠～～～
2257	3	外形外观：外观不错，就是屏幕分辨率不咋样
2258	3	已经用上了，性价比还行
2259	3	正在用，看看再说吧
2260	3	可以拍照，什么都行
2261	3	一分钱一分货吧，毕竟没花太多的钱。
2262	3	外形外观：适合老人
2263	3	挺好的，给朋友买的
2264	3	其他特色：也就那样，
2265	3	吃鸡没有陀螺仪。。。。。。。
2266	3	拍照效果：不清晰
2267	3	手机自带软件超多！
2268	3	外形外观：外观还可以 屏幕音效：音效是可以的
2269	3	性价比很高，支持华为荣耀，支持国货！
2270	3	中规中矩，老年人用
2271	3	送人的 应该不错
2272	3	给家里学生换了这款手机，选的白色款式还不错，希望华为的品牌还是有品质保证的
2273	3	一分钱一分货，还行
2274	3	外形外观：外观美观，线条饱满。
2275	3	外形外观：很好看 待机时间：挺长 拍照效果：不咋好
2276	3	给家人买的，应该还可以吧！
2277	3	就那样吧，适合老人家用
2278	3	给媳妇儿买，她说很好用，很满意。
2279	3	外形外观：外观还不错 拍照效果：像素还可以
2280	3	拍照效果：还可以，就是快递服务极其差，要投诉快递
2281	3	千把块钱的手机也就马马虎虎用吧
2282	3	千元机，就这样子吧。
2283	3	帮别人买的  无指纹识别  无指纹识别
2284	3	外形外观：还算可以吧  运行速度：还没开机，买给老妹的
2285	3	收到货了，网速一般。
2286	3	全国都支持武汉，但京东物流一而再再而三推诿！
2287	3	首次使用几天还可以，毕竟是给老人买的
2288	3	还满意都正常。可能是正版手机，，价格也可以接受899元。
2289	3	外形外观：还可以
2290	3	运行速度：慢 待机时间：一般 外形外观：好看
2291	3	手机挺好的 就是没有耳机 尴尬
2292	3	手机还可以就是没有指纹解锁
2293	3	也就平时打打手机，看看视频。
2294	3	买的东西收到了，东西是正品，商品质量还不错&hellip;&hellip;
2295	3	老爸说还可以，用着不错吧！期待后面不会出问题
2296	3	看不出性价比，反正给妈妈买的，用着再看吧
2297	3	一般&hellip;&hellip;华为开始捣浆糊了&hellip;&hellip;
2298	3	运行速度：有卡顿 外形外观：还可以 待机时间：可以
2299	3	先看看再说
2300	3	一般一般
2301	3	没给钢化膜
2302	3	拍照效果：一般
2303	3	挺好
2304	3	还好一般般
2305	3	总体还是可以，适合家里长辈用的！
2306	3	昨天晚上买的 今天就便宜10块钱 生气
2307	3	挺好的，跟图片一致，买给妈妈用，蓝色挺好看
2308	3	手机比看起来的大一点，用段时间看看
2309	3	外形外观：好看。 运行速度：还可以 待机时间：也还可以
2310	3	外形外观：一搬 屏幕音效：小 拍照效果：还好 运行速度：慢
2311	3	第一次用华为手机，手机是没什么问题，只是很难用！
2312	3	功能上使用不是很方便，反映速度迟钝。
2313	3	外形外观：手感外形不错，给老人买的 拍照效果：不错
2314	3	外形外观：挺好看的，其他不清楚，用过之后再追评。
2315	3	手机不错，就是不喜欢快递员。太叼了。所以另外两星就不给快递员了。
2316	3	外形外观：非常漂亮 屏幕音效：显示还可以 拍照效果：一般
2317	3	运行速度：行速度 慢！ 屏幕音效：分辨率低！
2318	3	言过其实
2319	3	还行吧
2320	3	就那样，毕竟一分价格一分货，给老人用可以了
2321	3	外形外观：一般
2322	3	挺好
2323	3	快递挺快的，嗯，没了
2324	3	给老爸买的，整体还可以，人脸识别比较方便
2325	3	看着还不错，挺好的。
2326	3	外形外观：挺大的，一只手抓不过来 待机时间：挺久的
2327	3	屏幕音效：分辨率低， 运行速度：很流畅， 拍照效果：还行，
2328	3	运行速度：反应不是很灵敏，还凑合&hellip;&hellip;&hellip;
2329	3	给老人买的，还没有用。
2330	3	还是使用中，速度一般
2331	3	外形外观：外观设计不错，样子好看 拍照效果：拍照一般般吧
2332	3	手机各方面都还不错，美中不足的是手机没有指纹解锁功能。
2333	3	运行速度：其他的还行，运行速度不怎么样，卡的很
2334	3	拍照效果：拍照很清楚，手机不错， 外形外观：外观可以，颜色好看
2335	3	一般般吧。
2336	3	手机收到了，打开看了，是我喜欢款式，物流也很快，这还会继续关注。
2337	3	一般，还行吧
2338	3	一般般吧
2339	3	可以没有耳机?
2340	3	不错，现在手机做的很不错
2341	3	很大气，看视频好用
2342	3	暂时觉得还可以
2343	3	还没用，等用了一会在评价哟!
2344	3	运行速度：一般 外形外观：还可以
2345	3	一分价钱一分货
2346	3	发货速度很快，就是没给钢化膜
2347	3	小米手机还行   还可以用
2348	3	外形外观：母亲大人觉得可以那就可以吧
2349	3	拍照效果：一般 运行速度：送快递的不能买这种手机
2350	3	希望越做越好 还有可以改进的地方
2351	3	质量不错，拍照还算清晰
2352	3	因为快递延误，我只能给你三颗星
2353	3	一般般，就是手机快速下拉时字有重影，玩吃鸡的时候会头晕，原来的手机不会
2354	3	还可以吧手机比较薄，性价比可以
2355	3	还好外观不错还行 不错
2356	3	性能还好，就是玩着玩着发热
2357	3	运行速度：感觉可以 外形外观：感觉一般
2358	3	小米的东西真的只是吹的好
2359	3	没有任何赠品，真的很伤心?！
2360	3	好好好好好好，就是没送耳机
2361	3	一天一个价，这个价能买现在5G版本
2362	3	拍照效果：没宣传的好
2363	3	运行速度：不是很快
2364	3	还不错客服态度不好
2365	3	运行速度：有些卡。
2366	3	外形外观：一般 运行速度：一般 拍照效果：一般
2367	3	还可以吧    刚刚用就会卡屏  重启又好了
2368	3	帮友买，性价比高，工艺普通！
2369	3	电量用得挺快的
2370	3	就是有很多预装软件 其他都挺好
2371	3	待机时间：一天一充
2372	3	你们这官方标配就个充电器和手机套啊
2373	3	喜欢小米的手机，这款有些厚了。
2374	3	运行速度：经常卡顿。
2375	3	手机还可以，就是不支持息屏唤醒
2376	3	其他特色：手机还行就是没膜，还得自己贴膜
2377	3	运行速度：运行速度还不如老机型流畅
2378	3	屏幕音效：好，很好 运行速度：好，很好
2379	3	反应确实快，不过就是一直卡出去
2380	3	外形外观：外观很棒喔！紫色很迷人
2381	3	外形外观：可以 还不错 待机时间：续航能力有限
2382	3	有时候会卡一下，还好吧
2383	3	新机遭遇屏幕坏点，及时更换，很顺利迅速！
2384	3	手机挺好的，但是这么大个小米连个原厂膜都不给真是服了
2385	3	运行速度：还可以 外形外观：OK 拍照效果：一般感觉
2386	3	电池不太耐用其余都很好
2387	3	没有8，pro反应快，?大家自己体会
2388	3	小爱同学很好用，手机较重，屏幕较大
2389	3	可能因为价格方面吧。 因为当时买的话比现在便宜两百块钱。
2390	3	外形外观：投币摄像机装饰不错，比较喜欢嘿嘿
2391	3	外形外观：太厚，一直都用京东，送货速度给力，售后也好，
2392	3	还可以~冲着王一博和这骚气的红色买的
2393	3	外形外观：还好 运行速度：有点卡 其他特色：太重了
2394	3	用了一段时间了，时常黑屏卡顿
2395	3	还可以 屏幕音效：行 运行速度：不怎样 待机时间：还可以
2396	3	运行速度：用没就卡了？？？
2397	3	我的充电器第一天晚上充电，早上起来就已经烧成炭了
2398	3	整体来说手机不错，就是电量不耐用
2399	3	感觉不错，就是抠屏的前置摄像头接受不了
2400	3	手机是不错，就是没东西送，连个手机套都没有(&gt;﹏&lt;)。。
2401	3	手机是还可以，老公用的很开心，就是才买了两周就降价了，让人很生气
2402	3	还不错，整体运行很流畅。外壳颜色更多就好了
2403	3	好些！先用用看在评价
2404	3	不带钢化膜
2405	3	莫得耳机
2406	3	运行速度：一般
2407	3	送的耳机嗯呢？？？
2408	3	待机时间：一般
2409	3	用得还可以
2410	3	没什么体验
2411	3	总体还行
2412	3	手机一般
2413	3	红米4x的加大了
2414	3	声音特小
2415	3	扬声器用起来好不方便打游戏会挡住声音看电视也会
2416	3	很烫
2417	3	目前挺好
2418	3	待机时间：一天不够用 运行速度：卡死一次 拍照效果：很好
2419	3	玩吃鸡方向键会失灵，
2420	3	刚收到，用完再来追评
2421	3	用着还行屏幕挺好，处理器在哪里摆着一般吧
2422	3	前置摄像头附近屏幕漏光严重，暂时没发现其他问题，用后再来评价！
2423	3	运行速度：一般般吧 其他特色：用电比较快 外形外观：还挺好看的
2424	3	包装有点不好，但总体来说感觉还是不错的，用了才知道
2425	3	外形外观：买的紫色，实际颜色比图片黑多了，紫偏暗
2426	3	手机是不错，几个手机一直都是小米，但是这降价100赠移动电源的活动是故意避开我的吗？***
2427	3	屏幕音效：屏幕边缘发暗， 拍照效果：还可以 运行速度：不玩游戏还可以
2428	3	外形外观：还可以，有点重！！！！！ 屏幕音效：可以吧 拍照效果：还行
2429	3	运行速度：还行
2430	3	总体感觉还行 比预期的要好一点
2431	3	手机还不错，优惠套装充电宝没收到。
2432	3	就是颜色选错来。其他的还好
2433	3	外形外观：外观还可以就是机器发热厉害
2434	3	其他特色：电很快就用完了，体验差
2435	3	很好很棒 就是不适合我的呀呜
2436	3	外形外观：除了洗衣机的槽点，其他的没毛病
2437	3	手机不错，问题是买后就降价300是相当不地道！
2438	3	挺好看的，给媳妇买的
2439	3	还好吧  但是不惊艳只能是刚刚好
2440	3	凑合吧，还行，能用的，不影响。
2441	3	电池掉电还是有点厉害，充电速度不错。
2442	3	自营店比实体店的价位要高得多，下次不买了
2443	3	在他家买了三台手机了，第二台不怎样，这台手机还可以 。 。。
2444	3	手机没话说，今天才发现京东实体店价格比网上京东自营店还便宜。觉得是个坑d(?д??)下次不会在网上买了
2445	3	才买10多天今天就降价200了。。。生气！！！！物流挺快的，
2446	3	还行吧，就是充电器个头太大了，希望研发改进
2447	3	刚开封就发现下盖缺口，准备退货，给品牌值得信赖勉强给三星
2448	3	整体不错，就是指纹解锁老是识别错误
2449	3	拍照效果：前置镜头不真实，美颜过重
2450	3	手机还可以的，但是赠品哪儿去了，让京狗吃了？给的电信卡也激活不了！！！
2451	3	手机很好，仔细检查一遍没有问题。三星是给的那个高冷的一句话都没回过我的客服。
2452	3	20年4月28日买的手机，电子卡三包到期21年3月11日？？怎么解释呢。。
2453	3	外形外观：外形外观：外观 还可以 其他特色：分辩率太差了
2454	3	耗电太快，以前的便捷功能都给取消了。
2455	3	喇叭一般
2456	3	武汉加油?
2457	3	收到手机膜竟然是贴好的，怀疑&hellip;&hellip;
2458	3	坦白说，手机偶尔会卡
2459	3	降价神速
2460	3	运行速度：还行吧！这个价位其实买p30还更好或者买小米9的5G版也更好
2461	3	运行速度：一般
2462	3	其他特色：整体挺好的，但是一买马上就降了300元，别的商店比这个店卖的也便宜些
2463	3	实话实说，没有苹果好用，来吧，喷子们，来喷我吧
2464	3	还可以，就是不知道为什么用的一开始似乎闻到了电线烧焦的味道
2465	3	待机时间：用的多的话早上**点到晚上**点就该充电了，充电是真的快
2466	3	还没有深刻体验 正在尝试把iphone里面照片导出来 可是还没成功 求好方法啊
2467	3	外形外观：外观时尚 屏幕音效：可以 拍照效果：非常棒 就是买了没几天就降价300元，不开心
2468	3	外形外观：好看 拍照效果：拍照可以 待机时间：恕我直言，掉电掉得挺快的，不如xr得续航
2469	3	外形外观：很好看  手感很好 屏幕音效：还行 拍照效果：好看  运行速度：快
2470	3	目前使用除了指纹解锁不灵敏还没发现其他问题，运行内存8g，清理完还剩不到4g，够日常使用就是了。
2471	3	一样价钱一样华为手机。买了配置一样。配送东西不一样啊！华为手机不错。就是应该配送不知道怎么会少了。购买小心问清楚点啊！
2472	3	外形外观：可以 屏幕音效：可以 运行速度：可以 待机时间：可以 拍照效果：可以 其他特色：外包装没有塑料，感觉像是别人打开过的
2473	3	外形外观：可以 屏幕音效：屏幕一般，颜色偏黄 拍照效果：色准不好 运行速度：可以 待机时间：不错 其他特色：系统没有miui好用
2474	3	送给男朋友的，还可以吧，运行很快，不过散热不太好，玩一会手机会发烫
2475	3	一般吧，拍摄还行，其它感觉平庸。再用用看。一直用的华为机系列。
2476	3	外形外观：可以 屏幕音效：还行 拍照效果：一般 运行速度：可以用 待机时间：一天吧 其他特色：照相机凸出不理想
2477	3	拍照效果：还可以比别的手机要好点 运行速度：快 屏幕音效：声音刚好 外形外观：不好看
2478	3	手机满意，物流也快，关键是师傅没带刷卡机 很烦
2479	3	手机还行！充电蛮快的！充一次电大概能用一天半！售后服务态度不太好&hellip;还挂我电话！
2480	3	外形外观：可以 屏幕音效：还行 拍照效果：一般 运行速度：一般 待机时间：一天 其他特色：没有
2481	3	外形外观：还可以 屏幕音效：一般 拍照效果：可以 运行速度：可以 待机时间：不清楚 其他特色：没有特点
2482	3	京东物流非常快！没的说。至于手机，给老人买的，个人不喜欢华为手机，老人喜欢，就不做评价了！
2483	3	日常和游戏还是比较流畅的，拍照是真不行，跟漂白了一样，小问题也不少。
2484	3	总体来说还行，但是总感觉没mate20的好，我家Lg在用的就吗mate20，无伦色彩度，还吗用电情况，他买了一年了，一天下来电量还有一半?
2485	3	运行速度：一开始挺快的    后面就慢下来了 才刚买一星期?? 拍照效果：清晰  好看 其他特色：截屏功能不太好用 想截长图  很麻烦
2486	3	还可以 音质一般 相机凑活 钢化膜用了没几天就破损了 手机充电发烫
2487	3	外形外观：还不错 屏幕音效：挺大声的 拍照效果：好 运行速度：有时候稍微卡顿一下 待机时间：耗电较快
2488	3	外形外观：一般以下吧 屏幕音效：还行 拍照效果：拍照差 运行速度：大型游戏问题不大 待机时间：一天够用 其他特色：充电速度确实快
2489	3	外形外观：漂亮 屏幕音效：一般 拍照效果：还行，没有想象的好 运行速度：有时候会卡，不知道是什么原因 待机时间：挺长
2490	3	手机还行，用了一个礼拜了，6月买的手机，3月就激活了，京东也2次销售了，不可信了！
2491	3	拍照效果：拍照的确很好，不过和苹果比，真实还原度还是差。夜景拍照完美！ 外形外观：外观不错，就是基本上买不到合适的钢化膜。那些做钢化膜的厂家基本都是**，劝大家慎重。 运行速度：速度可以 屏幕音效：可以 待机时间：待机时间长
2492	3	外形外观：挺好的 屏幕音效：挺好的 拍照效果：挺好的 运行速度：挺好的 待机时间：挺好的 其他特色：不到一个月闪退自动重启系统无法更新，去了华为售后换了主板，先用着看看
2493	3	手机总体上感觉还不错，系统也很流畅，就是有一点感觉不保值，从发行到现在几个月时间，就降价300元，都是套路。
2494	3	手机用着还行，正常使用，一天一充吧，快充挺给力 唯一缺点就是学生优惠时有时无?
2495	3	外形，运行都没问题。就是电池过热，还挺费电，之前用mate8,mate9，mate20都没有这种感觉。不过充电很快。
2496	3	第一次用华为，小区不错但拍出来照片有点显白略显不真实！刚开始用不习惯，现在还好
2497	3	手机玩运行速度很快，屏幕也看着舒服，手感很好，可是我打开后发现，装透明壳的变形了，我也不知道，我也不敢问。
2498	3	外形外观：买的黑的，耐看吧 屏幕音效：看的舒服就行 拍照效果：还行吧 运行速度：不知道以后怎么样 待机时间：一天 其他特色：隔空操作不怎么好用。
2499	3	手机确实挺好的，老爸很喜欢，就只有一个问题，相册垃圾箱里面有一张陌生人的照片，显示是二十多天前拍的，老爸喜欢华为，倒不是很不在意，不过我心里挺膈应的。
2500	3	外形外观：还行 屏幕音效：一般 拍照效果：一般 运行速度：可以 待机时间：可以 其他特色：指纹解锁不好使，好多时候都解不开
2501	3	拍照效果：可以 屏幕音效：可以 外形外观：还行，没有期待的好 运行速度：一般 待机时间：刚拿到，在使用中 其他特色：使用中，后期补充
2502	3	硬件跟上进度了，软件方面还是要多花心思，既然背负了高端国产机的大旗，就应该把各方面能完善就多完善吧，至少别学人家东西只学一半，用着膈应。 拍照效果：不错（唯一优点） 其他特色：其他都辣鸡
2503	3	外形外观：大气 屏幕音效：不错 拍照效果：挺好 运行速度：快 待机时间：第一次就掉电特别快  明明还有百分之五的 转眼关机
2504	3	拍照效果：30倍很模糊 待机时间：电池非常好，玩游戏一天冲一次就够了 运行速度：有时候卡一下，倒影响不大 外形外观：外观还不错，就是送的膜根差，打游戏一点手感都没有，还写着用原厂膜才行，不然影响性能
2505	3	外形外观：屏占比一般，厚度偏厚，屏幕大携带一般，颜色比较能够吸引不懂手机的人 拍照效果：夜拍还行，其他没怎么测，人像虚化欠佳，有待改进 买给老妈用的，华为就像移动，老一辈人都说好，既然她喜欢就买给她吧。 京东快递确实快，晚上买第二天早上就能到！
2506	3	外形外观：完美 屏幕音效：还行 拍照效果：还行 运行速度：快 待机时间：较长 其他特色：包装有划痕，卡针板有褶皱，手机倒是没问题，激活时间也没错，但我肯定这不是一手销售！
2507	3	打王者荣耀会每局偶尔掉帧率，掉到40多帧率，平时一般在60帧率这样，用安兔兔评测跑分，性价比低。隔空划屏这些感觉还有截屏这些没啥用。智能识物以及智能翻译这个挺好。总之喜欢打游戏的朋友还是不用买这种拍照手机，商务办公的话，对于识别大的图形还是不是太快。
2508	3	外形外观：还算可以 屏幕音效：一般 拍照效果：很好 运行速度：飞快 打开后竟然有污渍，手机屏幕没影响，也就算了，屏幕没有预想的那么惊艳，音乐播放也一般
2509	3	外形外观：背面很漂亮，正面刘海不喜欢 屏幕音效：屏幕很大 运行速度：指纹解锁很不灵敏，返回操作也很不方便 待机时间：充电很快，待机时间还可以 拍照效果：美颜效果较重
2510	3	拍照效果：看着还成 焦距拉大之后还是有颗粒感 手机屏幕的刷新频率60hz看着确实不咋地 满屏幕的颗粒感 略显掉价 其他的都还好吧 就这一点感觉不是很满意 手机质感不错 屏幕也还行 待机也挺好的 这个价位还是挺值得的
2511	3	充电很快，但真的烫手啊，这是为什么？ 玩一会儿也烫手。充一次能用一天。运行速度也很快。真的除了烫手，哪里都不错。
2512	3	还可以，耳机，充电器，手机透明壳都有，都OK，手机性能和其他方面都没有什么问题，就是我放音乐的时候，感觉音质不行。
2513	3	拍照效果：拍照真的没有觉得很好，宣传说的那么厉害，实际拍照出来，就一般般。 外形外观：外观很好，屏占比高。 运行速度：速度很快，运行十分流畅。 屏幕音效：屏幕显示很清晰，色彩饱和度很高。音质效果一般般，音量调大，外放音乐会破音。没有双扬声器，立体感不足。 待机时间：电池充电速度很快，待机时间很不错。不用一天充两次。 其他特色：实际感觉性价比不高，宣传说的那么美，实际也就一般般。真的是为了挺一把华为买的。不然就买11了。完全没有2999 的魅族16sp好。
2514	3	外形外观：外观挺好看 浴霸嘛 屏幕音效：音响很满意哦 拍照效果：像素还可以 运行速度：挺快凤 待机时间：就是电池不经用唉 不知道是不是正品
2515	3	可惜我想要的颜色没货。本来想等11月出990 5G版本的，结果还是不犹豫的买了。用起来还可以。对于我个人来说唯二不足的是我荣耀9用华为手机助手备份出来的数据，无法导入到Mate30里面。第二就是没有pro的AI旋转屏幕的功能。枯了。总体还是不错的。希望这台机器的续航时间够长！！
2516	3	外形外观：外观不错要是没有刘海更完美 运行速度：玩吃鸡没毛病 待机时间：不玩游戏 抗一天没有毛病 拍照效果：中等 屏幕音效：手机外音整体片小 尤其在周围有人的时候手机声音必调最大
2517	3	拿的手机蛮惊艳的，之前在实体店看过，所以很喜欢，拍照30倍变焦挺不错的也完全够用，一拿到手速度也是杠杠的，毕竟是990的处理器，使用一周下来的感受是系统反应快，拍照不错，糟心的就是有两次卡顿导致黑屏需要重启，一次是打开京东的时候一次是视频的时候，联系客服说是要将系统升级到最新，半信半疑把所有应用都升级了，希望后面一切都好吧！
2518	3	拍照效果发白，绿色的草拍出来是白的。30倍变焦就是闹着玩不堪入眼。还有一些应用不适用。容易奔溃。整体不错  续航行。外观好。
2519	3	手机整体很不错～很帅气也很大个，适合男生用。不过这个壳开模太差了，好歹也是原装的，做的品质一点也配不上原装，插耳机极其不方便。除了这个其他的都还可以。
2520	3	拍照效果：拍照一般般吧
2521	3	手机一般吧，魅族特别好用
2522	3	运行速度：就是没怎么流畅
2523	3	京东快递真的非常快，上午下单下午就到了。
2524	3	拍照效果：超差的，都不清晰。。 待机时间：还可以吧！
2525	3	待机时间：正常用待机时间长俩天一充就可以
2526	3	手机第一次充电，机身发烫。
2527	3	待机时间：用起来也就半天多点的亚子
2528	3	外观可以就是，手机配件少的
2529	3	待机时间：一般般
2530	3	质量问题快点更换
2531	3	热，联发科果然还是那样
2532	3	其他特色：屏不灵
2533	3	还不错，凑合用吧
2534	3	外形外观：都还不错
2535	3	米粉节一毛钱优惠没有
2536	3	外形外观：还行吧
2537	3	其他特色：性价比还行
2538	3	外形外观：一般般
2539	3	还可以，用着先试试
2540	3	我还以为会像之前一样赠耳机
2541	3	超声波距离传感器很辣鸡，后来换了一台
2542	3	还行吧  就是这个阴阳屏很难受
2543	3	还可以吧，毕竟价钱在哪摆着呢
2544	3	外形外观：还行 屏幕音效：还行
2545	3	手机里面还联系人，这是什么问题
2546	3	其他特色：发热，手机玩一会就发热
2547	3	运行速度：运行速度快，拍照完美
2548	3	手机收到了，老爸说挺好的。。
2549	3	其他特色：发热还是比较快没有解决
2550	3	没有收到货已经签收了&hellip;&hellip;
2551	3	买了不到半个月降了一百，用起来还是可以的。
2552	3	价格经常变化，性价比高，品控不行。
2553	3	很多时候玩游戏都卡
2554	3	手机送父母用，还是可以的
2555	3	运行速度：挺好的
2556	3	这是我在家的时候你们看手机信号?
2557	3	手机就还行吧，就是没买几天就便宜了100。
2558	3	运行速度：可以接受
2559	3	除了玩游戏发烫，其它都很好
2560	3	还行，一分钱一分货
2561	3	性价比可以，视屏不怎么样
2562	3	先给三颗星，刚用看看，不能让你骄傲
2563	3	给别人买的 送了耳机我是没想到的
2564	3	待机时间：不大耐用？
2565	3	刚收到货暂不做评价
2566	3	配送服務有待加強 希望能加入超商收件
2567	3	快递小哥很给力
2568	3	运行速度：有时会卡住
2569	3	小金刚，名不虚传，值得推荐。
2570	3	千元机就那样，一般般吧，已经丢给老婆，自己拿回魅族旧手机捂脸（*/&nabla;＼*）
2571	3	目前用的还可以
2572	3	外形外观：挺好看的 有点发热
2573	3	用了一段时间就卡了
2574	3	运行速度：一般 拍照效果：一般 待机时间：更一般
2575	3	拍照效果：一般 运行速度：卡 待机时间：短
2576	3	外形外观：以  拍照效果：不咋滴
2577	3	手机很喜欢，拍照清晰，上网速度也不错
2578	3	电用的快，其他还行
2579	3	运行速度：一般般
2580	3	外形外观：一般般
2581	3	手机看着不错，用了再说
2582	3	怎么手机颜色也搞错低级错误
2583	3	我室友说包装还没有他华为手表包装的好
2584	3	运行速度：感觉卡，不知怎么滴
2585	3	手机性价比不错，手机容易发烫。
2586	3	外形外观：很好很舒服，简洁大方！
2587	3	速度还行，说好的送耳机没有送。
2588	3	外形外观：还行吧，千元机这样已经不错了
2589	3	电池不耐用是真的，其他还好
2590	3	外形外观：一般 屏幕音效：还可以 拍照效果：一般
2591	3	给别人买的，有点重 还行吧 不知道喜欢不
2592	3	刚到，感觉还可以不知道能用多久
2593	3	待机时间：时间可以，外观不错，发货一样可以
2594	3	用了这么多小米，这个是最暖手的
2595	3	还可以的手机  就是推荐买黑活白颜色
2596	3	刚刚开始用，还行，不知道久了会怎么样
2597	3	外观不错，用着还算流畅。
2598	3	给家里人买的，自带软件太多，数据安全差。
2599	3	配置一般，玩游戏发热挺快的！！
2600	3	客服态度不好 手机方面还不错
2601	3	外形外观：外观还可以 受不了的一点就是手机连原装膜都没有
2602	3	感觉都不错，但是最近老是闪屏卡？
2603	3	手机还行吧，从外观看是二手
2604	3	刚拿到手机，用段时间再评吧，
2605	3	亏了！官网送耳机！就为这里物流好！
2606	3	屏幕音效：还可以 外形外观：摄像头太高了
2607	3	给家长买的，还没开始用，不过样子不错
2608	3	系统上滑接电话真的**
2609	3	18v快充充电 两个半小时充满
