0	1	售后服务：发票十天了还没收到
1	1	包装都裂了一大半
2	1	新电脑风扇有问题，退货
3	1	一个月不到，今天就开不了机了，等维修中。
4	1	卡的不要不要的
5	1	莫名其妙的出现网络连接不上
6	1	连鼠标垫都不带，够抠的
7	1	用了一个月只死过一次机
8	1	刚到货，直接蓝屏，请问这个是什么问题？
9	1	买了十多天就又降价了，而且还没发申请价格保护。
10	1	买的新电脑下载酷狗音乐，为啥出来的登录界面有别人的账号？
11	1	还行，就是电价小小的鼠标垫都不送一个
12	1	用了一个月就开始卡了，真是醉了
13	1	显示器有质量问题
14	1	这叫ips屏幕显示器？这叫欺诈
15	1	不能加装硬盘，不能安装软件
16	1	给个一星   有人出来处理下发票问题吗  发票到底是开了没有  为何不寄出来
17	1	不到半个月，越用越卡，烂机
18	1	产品包装、送货速度及配送服务都不错。因电脑尚未使用，暂不评价。
19	1	售后服务：显示器是坏的，会闪屏。真倒霉
20	1	画图都卡 帮朋友买的 尴尬了
21	1	莫名奇妙出现无法连接网络
22	1	十几天自动断电，无法开机。不建议购买
23	1	性能配置：机箱一直有异响，只能更换。
24	1	提示京东会员优惠60元，开了会员就没有优惠，隔天就降价
25	1	联想，还是以前的联想吗？尴尬局面，唉。。。。。。唉╯﹏╰
26	1	售后服务：联系这么久都不给开票，
27	1	主机声音有点大，经常蓝屏！！！
28	1	京东购物那么多回，头一回等待这么久，有点儿不靠谱。。。。。。
29	1	键盘Z链打不出来，商家不换，千万别买他家的，
30	1	没有实体店的服务好啊，毛病还多，价钱还高
31	1	不知道是不是翻新机和组装的，竟然会是这个样子的
32	1	主机卡的要死
33	1	第二次打开居然主机停机了，什么反应都没有，大品牌也信不过
34	1	东西坏了，拒绝更换，自此无爱
35	1	第四天系统崩了，联系售后也联系不上，
36	1	这才几天就蓝屏
37	1	售后服务：快递取件出现单号问题，造成不能退货让客户自己负责
38	1	显示器有划痕，还要开箱的证据，客服说没有证据返场也不会退。
39	1	不给安装，价格还行。
40	1	没有鼠标垫！不人性化！不满意！
41	1	显示器坏的，雾化，红边，灰线，模糊。
42	1	昨天买的今天就优惠了300元电脑@了又不能退这回真郁闷了-------------
43	1	刚买的电脑，实际使用没有24小时，就出现速度比蜗牛还慢
44	1	买来一个星期就开不了机，只有售前没有售后，过分！
45	1	性价比不符合，价格太高，机器有点卡，建议不要够买
46	1	家庭版本用不了，还要花钱买后续服务，大家别上当了，
47	1	刚买几天了就降价，差！！！
48	1	有时候自动关机，系统简配，内存偏小，感觉不值这个价，联想坑货。
49	1	主机使用没有异常，OK
50	1	希望大家不要购买老是丢系统文件硬件问题 下载文件丢文件
51	1	第一次邮来是用过的，被人@过的电脑。页面写明@过的不能退货，为什么还要重新售卖。
52	1	烂
53	1	打开个360都会卡
54	1	买后就有问题，每次开关机后，wifi丢失。
55	1	买了一个星期，下载几个软件就卡死。强烈要求退货。不想多说
56	1	刚刚用了14天，坏了，主机不通电，维修中！
57	1	office 竟然没有激活
58	1	买了就降价
59	1	买完就降价
60	1	用了9天就坏了，
61	1	#公司#给老子一个残次品支架和屏幕都**不配套#
62	1	买完就降价
63	1	才用两天就给我来个死机？？这是7000的电脑吗？
64	1	首次开机，两个多小时了，一直在登陆界面，不断的自动重复，无法正常使用，已退。
65	1	采用两周，黑屏白屏十几次了，不知道这是什么系统～
66	1	有鼠标却没鼠标垫，买品牌就是买服务，不然我还不如买个组装机
67	1	辣鸡联想，看这价格定位，水分有多大，配置更高，价格更低，天天降价
68	1	性能马马虎虎，以后不会买联想的牌子了，用起来各种不舒服
69	1	要退货了， 8000的电脑音响不能用。 客服工程师直接建议我退货了。
70	1	商品与实物不符，售后第三天事情还解决不掉，下一步举报
71	1	性能配置：居然把配置搞错了，我下的订单是我256SSD,送来的确是128SSD
72	1	老是死机黑屏
73	1	1显示器没有膜，2电脑只有一个D盘，3不能外放4售后是机器人
74	1	为什么不把office的产品密钥直接给我们呀？包装盒到处都找不到！试用三个月值700多大洋吗？！
75	1	第一天刚买的不到两小时，就不能开机，是我买的倒霉吗，还好退货比较及时，现在换个惠普试试，但愿运气会好一点，期待着
76	1	不是我想象中的，键盘垫子也不送，这么多钱不值得
77	1	安装cad软件装不上，最后电脑卡死了，不知道为啥，系统不够稳定呀
78	1	刚买的，开机时一直有电流声，使用过程中一直断断续续有，售后过来看，说可能要换主板，呵呵！操碎的心
79	1	总是喜欢蓝屏，系统挂了永远不恢复。只能重装系统。
80	1	购机第二天就开不了机，联系售后上门确定主板坏了，联想的品控得走点心啊。现已更换主板，观察中。。。
81	1	客服服务差，物流不送货上门'要自己提取，最终都没有人告诉我为什不送货上门'为什么要自己去取件，
82	1	今天使用的时候突然黑屏，重启几次都不行，还没有一个月
83	1	昨天拍的，今天晚上送到，物流比较给力！但是第二次开机就不能显示桌面，很郁闷郁闷，有失品牌电脑的感受
84	1	20年4月买的，里面有19年7月，8月一直到20年10月的数据。还是爱奇艺
85	1	机器箱体本身预留了9mm薄光驱安装位，前面板居然没留光驱开孔，实在是愚蠢！
86	1	一个月主板就没用了，售后拆机换主板，换完之后每次开机都要出现这个东西
87	1	评价个屁，一直问电脑没有声音，哪里开？问了一个晚上没问出来。
88	1	电脑在使用的过程中出现了好几次卡顿，有时候打开软件要等好久才反应过来，严重影响体验，其他的还可以！
89	1	秒杀价4889元买的，平时也就4899元，秒杀价便宜10元，这种噱头不好，估计宣传的质量也是噱头！
90	1	新机器坏的，换了新的，没有说明书和保卡
91	1	不好用！卡
92	1	售后联系不上    电脑开不开机
93	1	客服没人理
94	1	差? 难以接受
95	1	运行速度还是慢了。
96	1	鼠标垫都不配一个，下次慎重
97	1	售后服务：不如人意
98	1	都不上门安装的
99	1	就这**玩意！**联想
100	1	刚买又降了一佰
101	1	不小心激活了office，不然就退货
102	1	不要买，真的是闪屏，卡慢，插耳机还没声音
103	1	卡卡卡卡卡卡，这样的产品怎么没下架！
104	1	售后服务：不好用，客服不理人
105	1	不是一般的慢，有点后悔。
106	1	显示器那么快出问题，第一次见到
107	1	才用一个月不到就出问题
108	1	质量差，售后服务不完善
109	1	显示器不能向前或者向后活动 联系客服无果
110	1	异响声大，售后服务差
111	1	运行速度慢，卡顿，不能关机
112	1	连个鼠标垫子都没
113	1	售后服务：不怎么样
114	1	服务差，产品差，质量差，不讲道理
115	1	退换货少个显示器
116	1	又卡又慢，伤脑筋
117	1	千万不要买，卡死了
118	1	有时候点了没反应
119	1	性能配置：慢得和蜗牛一样 跑分评测：差差差
120	1	才5天就开不了机，这是什么鬼？
121	1	今天竟然降价了
122	1	刚买了就降价 差，卡的都不想要
123	1	一般般，还行吧！也不奢望其它
124	1	刚买的电脑，卡的要死，真怀疑自己买的是不是新机
125	1	败笔，居然主机放不了光盘，没有光盘入口
126	1	显示屏不能次日达。就不要显示次日达。
127	1	性能配置：呵呵客服，买回来不能用，售后还修不好
128	1	说好的赠一个屏幕，可是没收到货，问客服一直没回复，一直是电脑机器人回复些没用的，
129	1	放不平
130	1	售后服务：硬盘没分区，分区要另收费？第一次听说。
131	1	还没怎么用就运转不了了，后悔选择了联想，
132	1	电脑差的一比
133	1	一般化，另外OFFICE没有注册码，只能是试用！
134	1	做活动促销2499，活动结束马上变成2199，把消费者当傻子
135	1	刚买完就降价。。。
136	1	自带win10卡掉牙了，建议买家装win7
137	1	响，噪音大的一塌糊涂。便宜没好货啊
138	1	买贵了，几天降价200
139	1	用了一个月接近报废，卡的不能动
140	1	刚买了就有问题，屏幕一会亮，一会暗，惹了无数麻烦
141	1	性能配置：慢的要死   根本没法用
142	1	差得不能再差
143	1	性能配置：开机得半天刚买3天    什么情况
144	1	还没用，发货速度蛮如蜗牛
145	1	卡的要死新机。装了一个12g的游戏不知有无关系。
146	1	硬件还行，win10家庭版就是个LJ
147	1	整单产品没有全部送到，为何会显示订单完成？？我还有一件电脑呢？？
148	1	卡～卡～卡～卡！不推荐，大件退货麻烦，不然回退货
149	1	一点也不好。退货还要运费，那么重。懒得理了。
150	1	今天刚到漂亮，想打零星
151	1	少一个电源线其它不知道正在用
152	1	为什么显示器上会出现两个红点
153	1	还好，。。。。。。。。。。。。。。。就是价格有点坑活动2799在活动2889，然后2899
154	1	非常失望，买了这个，下次一定精挑细选
155	1	只能说好评不知道怎么来的，自认倒霉买个玩具。
156	1	售后服务：不是懂电脑的不要网上买，搞不起来，送过来啥也不管了
157	1	玩个LOL都卡的要死，一直一百多p
158	1	刚买一天就降价，帮别人买以为我贪他钱呢
159	1	电脑有问题售后不理睬的，真的不要再网上买，出了问题找谁都不知道
160	1	新机都那么卡有没有搞错！ 性能配置：差
161	1	售后服务：新机网页都开不了，售后废话连篇，电话都不接
162	1	有一点裂纹，反应了他们都不管
163	1	电脑卡的厉害，也不知道是不是质量问题
164	1	没俩星期呢，卡成这**，四千多就买了个这*玩意？
165	1	买完就降价了，也不知道能不能补差价，四千五买的
166	1	才买没多久就降价  还不给退   差差差
167	1	质量不行，尤其是售后，基本解决不了问题。
168	1	过时的电脑，卡顿得基本不能用。
169	1	新机器就卡顿，明显别人使用过
170	1	线路钩到了，机子在地面侧倒了。结果就是不能用了。
171	1	没用一个星期就出现死机黑屏，长按电源开关关机后重启才恢复正常
172	1	东西不错，尽量去实体店或者*买，这里不靠谱
173	1	刚开机有坏点
174	1	性能配置：差
175	1	从没有买过这么差的电脑，经常卡死
176	1	只收到主机，键盘，鼠标，未收到显示器
177	1	需要开机两次才能正常工作，这是什么神机？！
178	1	售后服务：没有福利，也不送鼠标垫，现在买也享受不到618的活动福利，客服回复像机械性的回复
179	1	这个电脑玩游戏能，看到你怀疑人生。卡卡卡
180	1	运行速度：刚装好都很卡
181	1	这么快就降价，不爽，亏了几百大洋。
182	1	显卡怎么没帮我装&hellip;&hellip;
183	1	老是出现开机不了
184	1	老是蓝屏，虽然客服帮忙解决了，可是没几天又蓝了
185	1	游戏效果：卡死了
186	1	1、前期购买之后就降价 2、发票催了一周都没给到
187	1	不对，内存都不对
188	1	有点差，收到电脑开不了机！
189	1	其他的我不说了，第一天回来，用了不到一天系统就崩溃。
190	1	刚买的就会白屏
191	1	其他特色：发票保修联的组装部件和商店介绍的不一样
192	1	内存不够240G，感觉好像被骗了
193	1	买了不到两个月。已经坏了。
194	1	店铺宣传没有实物图，存在误导性消费
195	1	店家态度真的差
196	1	感觉翻新机，开ps这些有点卡，找客服，态度差
197	1	唉，再也不会买了
198	1	承诺当天发货结果第二天才发，开票填的是单位抬头结果开了个人！
199	1	不要买，老板说的跟实际的差别不是一点点
200	1	晚上客服让我买，第二天一早就降了50，我也是醉了。
201	1	售后服务辣鸡。不建议购买。
202	1	电脑反应根本不行，卡的要死
203	1	旧产品，里面还有2005年的银行收款书什么的
204	1	也就一般般，出了问题，不解决你们了。我也懒得找
205	1	已经退货，谢谢商家的支持
206	1	机箱跟图片不一样也没有客服处理售后
207	1	机箱这么大的空隙未封板，留给小强吗？
208	1	游戏效果：打dnf都会卡
209	1	电脑玩游戏总是卡着不动，老是死机。
210	1	服务态度不好，处理问题效率慢
211	1	运行速度：一个字，慢
212	1	商家发货速度慢，态度差，售后服务差。
213	1	价格变得飞快，还忽悠我已经过了价保期
214	1	有点卡  买了几个星期就掉了两百
215	1	套路，套路，套路，套路，新产品升级成老产品
216	1	老是卡死机
217	1	服务不好！！！！！
218	1	挂羊头卖狗肉，京东套路深。
219	1	商品其他的中规中矩  但是实际收到的显卡和商品介绍不符合 问客服客服说随机发  但是事先并没有明确   我是按介绍买的 结果显卡不符合   处理器配置也和配置详情不符   商品介绍配置和客服出具的配置也不一样 总之不是什么好的购物体验
220	1	一般般吧！
221	1	显示器一直一会来一会不会来
222	1	买完就降价。懒得退货。一八 09，高于这个就别买了
223	1	主机磨损了说补钱，也沒给补
224	1	大家要注意了，经常发的货不对版，还要人家帮它好评。
225	1	鼠标烂的，居然是铅块，怎么水的吗？
226	1	其他特色：有问题，买回来显示屏不亮
227	1	使用一段时间没法工作了，第一次碰到这样的。
228	1	这个风扇是免费送的？谢谢老板了。
229	1	送的什么键盘点一下出两三个字母，客服也不理人。想买的换家店铺吧，别在上当了
230	1	差，系统不停提示盗版
231	1	用了十几天就开不了机了，售后服务人员不专业
232	1	后面有两个usb插口接触不行&hellip;&hellip;
233	1	好评都是刷出来的
234	1	盘分太多了，就一个系统盘多合适啊！
235	1	买家就降价还不补差价降一二十就算了 降了八十
236	1	机子都是坏的，建议大家千万别买，发货随便发的
237	1	0分，服务差得不能再差了，电脑的质量也差，还不退
238	1	Usb口不工作
239	1	真的，不想多说，没有显卡啥都玩不了，系统一般吧
240	1	电脑不好用，便宜没好货，小问题一大推，找不到人解决，都是推来推去的，建议大家不要购买，推个货还都磨磨唧唧的，
241	1	**般的客服，挂我两次电话!两分钟回复我一句!
242	1	太卡&hellip;&hellip;&hellip;&hellip;&hellip;&hellip;&hellip;&hellip;&hellip;&hellip;
243	1	评分检测：一般，联盟打团80pin,还是最低设
244	1	呵呵，烈士墙，不解释
245	1	没有发票注意??购买
246	1	开机开半天，
247	1	运行速度：差
248	1	说好的送音箱没送，要开发票没开，说了装win7不要win10，还是win10。一切说了也白说！！！
249	1	漏洞怎么那木多????
250	1	用了几天好卡
251	1	一个月不到，天天绿屏和看电影都卡，需要强制重启
252	1	只有8g内存，叫我换主板，****。卖的啥呀
253	1	硬盘不到一个月就坏了，然后寄回去，寄过来的又是一个坏的。
254	1	一月九号晚上拍的1949 一月十号发的货降价到1879。说好的保价怎么算也是七十给我十块。
255	1	不是线发错就是显示屏老是没信号&hellip;&hellip;
256	1	物非所值
257	1	原本配置价格不高，但升级16G内存和3T硬盘后，比自己在京东自营够买补差价还贵。抢钱，强烈不推荐。
258	1	你们买吧
259	1	说好的发sata接口线没头发，下完订单客服怎么都不理了
260	1	差
261	1	售前问了能自己加装硬盘才下单的，这机箱硬盘仓没有螺丝孔，加不了。售后态度差
262	1	运行速度：满，不到15天，开始死机。
263	1	鲁大师60975能算好的么 感觉有些卡
264	1	货到了就 黑屏 用不了，联系过技术确认过才退回的，退回运费还不承担
265	1	还没开始用呢，显示屏不亮，啥玩意
266	1	本来可以少100，客服引导错误，表述不清楚，搞得我多掏钱
267	1	我希望广大的消费者不要来这家买因为我是一个受害者！！！
268	1	不支持hdmi接口，想换成支持hdmi接口的主板，需要加价50，并支付来回运费。售后服务差。。
269	1	辣鸡电脑，
270	1	售后服务：服务不好，
271	1	其他特色：客服服务差
272	1	尽量别买DELL产品，尽量别从京东买东西！
273	1	跑分评测：很一般了
274	1	主机外放没有声音
275	1	联系不上客服电话
276	1	售后服务：售后不及时
277	1	电脑很卡 非常卡
278	1	一点教程都没有！
279	1	电脑出现这个画面已经5次了
280	1	今天才收到 用了一上午 就黑屏
281	1	售后服务非常糟糕
282	1	系统坏了，客服不吊我，服务差
283	1	反应比较慢，已经有几次开机白屏。
284	1	收到货键盘就是坏的，售后不及时。
285	1	还可以吧，就是800的电话打不通
286	1	开不机，更换
287	1	售后服务：发票催了5天还没寄出，一味的让人耐心等待！
288	1	咕噜咕噜跟煮开水一样
289	1	一直要命的蓝屏！
290	1	卡，不值还没拍拍600块的快
291	1	极差，反应慢，下载软件都要收费
292	1	买了用不了。难道是我开机的姿势不对？
293	1	什么都没有，没分驱，没浏览器
294	1	机箱外观：小 性能配置：运行超级慢
295	1	居然没发显示器，客服电话也打不通，只能退货了
296	1	性能一般，显示效果极差。
297	1	买回来说office需要自己买，杀毒软件也没有。
298	1	商品倒还是满意的，就是京东的服务太差了
299	1	售后服务：视频播放失败，售后电话没人接差差差差
300	1	刚买一月 开机半小时一直转圈没反应   服了
301	1	买一套，收到只有主机。
302	1	刚安装好几个软件电脑就卡了，退货几天了还在检测中
303	1	售后服务：服务一般 性能配置：声音不能用，带耳机也不行
304	1	售后服务： 耽误时间  我理解你们，谁理解我啊
305	1	**的，让老子自己倒腾系统，设置，费了几个小时了
306	1	开机速度不是一般的慢，还不如几百块钱的主机
307	1	卡的不要不要的！
308	1	机箱喳喳的响
309	1	反应好慢
310	1	这就是戴尔？？？
311	1	屏幕是不是发错了怎么那么小，我定的是23寸的
312	1	没有鼠标垫子
313	1	慢的要死
314	1	越用越卡
315	1	有点卡
316	1	京东都是机器人客服，给戴尔电脑客服打电话也没人接，服务质量很差。送货速度挺快。
317	1	差的要死
318	1	降价非常快
319	1	没有光驱
320	1	开错发票，要求我交费寄回，费用补给我，但到现在也没补，售后差。
321	1	售后服务：发票半个月了，也不知道到底卡哪儿了。我这是垫付给公司采买的，咋报销
322	1	买之前涨价，原来定价3499，结果涨到3699，等了好久还是3699，就想着应该不会降价了，结果买完没几天就降价。。。。。。。
323	1	显示器是第一代面板，十几年前的东西，伤眼睛，
324	1	性能配置：开机运行后电脑里一直咔咔的响，试了多次，还是一直响
325	1	好几次蓝屏
326	1	这么多年来头回遇到新电脑打开之后，键盘不能使的。佩服佩服！
327	1	为什么我的电脑总是显示office激活不了，家庭版的，只能用30天？
328	1	当初觉得这个牌子的电脑不错，谁知道这个电脑上不能下载文档还要花钱买
329	1	方方面面一塌糊涂！不退款！不理赔！流氓公司
330	1	申请的退货，商家已经取走，并承诺退款。怎么今天又反悔了，说不能退货的？请速给解释
331	1	才用一个月不到，机器就当机2次了，是我运气不好吗？
332	1	随机带的win10运行真卡，目前打算格了重新安装win7再看看怎么样
333	1	性能配置：不好，刚开始用就感觉是用了好久的电脑一样的，反应慢
334	1	激活后屏幕显示一半，恢复出厂设置也没有好，已经提交了换件，处理好了自动删了评论
335	1	显示器自己打电话问的什么高级客服才给送的，要是不问就可能不送了吗？第一次遇到这种情况，希望多多改进吧。忙也不是疏漏的原因。
336	1	从买来开始的1个月就没好好用过几天，返厂维修了2次，总共买了4台电脑，坏了4台。
337	1	开机速递慢 硬盘也没分区 装的OFFICE办公软件，还要收费的，买的请谨慎
338	1	电脑没有office，还没有明确标示，联系客服让下载WPS。产品销售玩文字游戏
339	1	外观各方面都很满意，开机运行之后很不满意，太慢了！
340	1	差差差&hellip;
341	1	售后服务：刚收到电脑，发现系统不支持软件，按七天无理由申请退货，客服回复已经连网不支持退货，上门要收服务费，处理还要等24小时，各种推脱。
342	1	电脑刚开机显示无硬盘，硬盘线掉了，显示器出现白色条纹，不愉快的购物
343	1	售后服务：没人应答 性能配置：开机5分钟 跑分评测：不知道相信戴尔大品牌就这样
344	1	用了不到一个月，蓝屏了，不知道什么情况，是软件还是硬件的问题。
345	1	销售方和发票不一样，要是为公司买的，大家就换家吧，这家发票和销售方不一样，而且办事效率极低！
346	1	配送员野蛮装卸，当着面就野蛮装卸。视频接口VGA歪斜，要用力才能接通使用。
347	1	电脑使用起来有点卡，刚下单的时候，商家没有发货，过了两天联系客服后才补发，一直在京东直营店购物，这次不是很满意。
348	1	不建议购买电脑不带办公软件 如果我要用就要买一年400多 这样我每年400多啊 联想 惠普都有预装办公软件还是免费的
349	1	刚买来3台，一台显示没有视频显示。处理了一天。最后换货。第二天，两台电脑直接黑屏。
350	1	没用两天鼠标就因接触不良而报销了，其他的总体还可以。换了其它的电脑用不到十分钟又用不了
351	1	因为系统问题，有些软件无法安装！又不同意退货，难道我要自己重装系统......大哭? 后悔
352	1	买了就后悔，主机咕咕的响，像烧开水一样，听着心烦，客服服务差，还不如买个便宜组装机
353	1	才买一个月左右，平时就编辑文档，今天开不起来了....卡到飞了。还是不要买了。
354	1	当天就开不了机，退货还不及时，说是要检测。第一次开机就是显示海内存知己，天涯若比邻和请稍等的字样，过会就黑屏了，再也无法启动了，真的
355	1	开机三分钟  安装注册麻烦还复杂   开机又要各种代码  公司用  玩个屁啊 真tamd
356	1	刚开机就有点卡，看视频弹幕一闪一闪的跳帧，主机的声音大的吓人，就像煮开水一样，我买到一个赝品了？
357	1	Dell就是用不成！买个Dell平板，连下载的电影都看不了，不如以前300买的地摊货。买个台式机，音箱插主机后边没有声音，插耳机孔有滋滋的噪音，打服务电话永远打不通。
358	1	硬盘一直吱吱吱响，吱吱吱响，吱吱吱响，吱吱吱响，吱吱吱响，吱吱吱响，吱吱吱响，吱吱吱响，吱吱吱响，吱吱吱响，吱吱吱响，吱吱吱响，吱吱吱响， 这是通病问题，还是质量问题？
359	1	大家要看清楚再买，这个机子是没有外音的，你必须同时买一个音箱或者耳机才能听到声音，才能看电视听歌打游戏，再提醒一下，没有外音，没有外音，没有外音
360	1	新机器坏的，换了新的，没有说明书和保卡
361	1	不好用！卡
362	1	售后联系不上    电脑开不开机
363	1	客服没人理
364	1	差? 难以接受
365	1	运行速度还是慢了。
366	1	鼠标垫都不配一个，下次慎重
367	1	售后服务：不如人意
368	1	都不上门安装的
369	1	就这**玩意！**联想
370	1	刚买又降了一佰
371	1	不小心激活了office，不然就退货
372	1	不要买，真的是闪屏，卡慢，插耳机还没声音
373	1	卡卡卡卡卡卡，这样的产品怎么没下架！
374	1	售后服务：不好用，客服不理人
375	1	不是一般的慢，有点后悔。
376	1	显示器那么快出问题，第一次见到
377	1	才用一个月不到就出问题
378	1	质量差，售后服务不完善
379	1	显示器不能向前或者向后活动 联系客服无果
380	1	异响声大，售后服务差
381	1	运行速度慢，卡顿，不能关机
382	1	连个鼠标垫子都没
383	1	售后服务：不怎么样
384	1	服务差，产品差，质量差，不讲道理
385	1	退换货少个显示器
386	1	又卡又慢，伤脑筋
387	1	千万不要买，卡死了
388	1	有时候点了没反应
389	1	性能配置：慢得和蜗牛一样 跑分评测：差差差
390	1	才5天就开不了机，这是什么鬼？
391	1	今天竟然降价了
392	1	刚买了就降价 差，卡的都不想要
393	1	一般般，还行吧！也不奢望其它
394	1	刚买的电脑，卡的要死，真怀疑自己买的是不是新机
395	1	败笔，居然主机放不了光盘，没有光盘入口
396	1	显示屏不能次日达。就不要显示次日达。
397	1	性能配置：呵呵客服，买回来不能用，售后还修不好
398	1	说好的赠一个屏幕，可是没收到货，问客服一直没回复，一直是电脑机器人回复些没用的，
399	1	放不平
400	1	售后服务：硬盘没分区，分区要另收费？第一次听说。
401	1	还没怎么用就运转不了了，后悔选择了联想，
402	1	电脑差的一比
403	1	一般化，另外OFFICE没有注册码，只能是试用！
404	1	做活动促销2499，活动结束马上变成2199，把消费者当傻子
405	1	刚买完就降价。。。
406	1	自带win10卡掉牙了，建议买家装win7
407	1	响，噪音大的一塌糊涂。便宜没好货啊
408	1	买贵了，几天降价200
409	1	用了一个月接近报废，卡的不能动
410	1	刚买了就有问题，屏幕一会亮，一会暗，惹了无数麻烦
411	1	性能配置：慢的要死   根本没法用
412	1	差得不能再差
413	1	性能配置：开机得半天刚买3天    什么情况
414	1	还没用，发货速度蛮如蜗牛
415	1	卡的要死新机。装了一个12g的游戏不知有无关系。
416	1	硬件还行，win10家庭版就是个LJ
417	1	整单产品没有全部送到，为何会显示订单完成？？我还有一件电脑呢？？
418	1	卡～卡～卡～卡！不推荐，大件退货麻烦，不然回退货
419	1	一点也不好。退货还要运费，那么重。懒得理了。
420	1	今天刚到漂亮，想打零星
421	1	少一个电源线其它不知道正在用
422	1	为什么显示器上会出现两个红点
423	1	还好，。。。。。。。。。。。。。。。就是价格有点坑活动2799在活动2889，然后2899
424	1	非常失望，买了这个，下次一定精挑细选
425	1	只能说好评不知道怎么来的，自认倒霉买个玩具。
426	1	售后服务：不是懂电脑的不要网上买，搞不起来，送过来啥也不管了
427	1	玩个LOL都卡的要死，一直一百多p
428	1	刚买一天就降价，帮别人买以为我贪他钱呢
429	1	电脑有问题售后不理睬的，真的不要再网上买，出了问题找谁都不知道
430	1	新机都那么卡有没有搞错！ 性能配置：差
431	1	售后服务：新机网页都开不了，售后废话连篇，电话都不接
432	1	有一点裂纹，反应了他们都不管
433	1	电脑卡的厉害，也不知道是不是质量问题
434	1	没俩星期呢，卡成这**，四千多就买了个这*玩意？
435	1	买完就降价了，也不知道能不能补差价，四千五买的
436	1	才买没多久就降价  还不给退   差差差
437	1	质量不行，尤其是售后，基本解决不了问题。
438	1	过时的电脑，卡顿得基本不能用。
439	1	新机器就卡顿，明显别人使用过
440	1	线路钩到了，机子在地面侧倒了。结果就是不能用了。
441	1	没用一个星期就出现死机黑屏，长按电源开关关机后重启才恢复正常
442	1	东西不错，尽量去实体店或者*买，这里不靠谱
443	1	刚开机有坏点
444	1	性能配置：差
445	1	从没有买过这么差的电脑，经常卡死
446	1	只收到主机，键盘，鼠标，未收到显示器
447	1	需要开机两次才能正常工作，这是什么神机？！
448	1	售后服务：没有福利，也不送鼠标垫，现在买也享受不到618的活动福利，客服回复像机械性的回复
449	1	这个电脑玩游戏能，看到你怀疑人生。卡卡卡
450	1	新机器坏的，换了新的，没有说明书和保卡
451	1	不好用！卡
452	1	售后联系不上    电脑开不开机
453	1	客服没人理
454	1	差? 难以接受
455	1	运行速度还是慢了。
456	1	鼠标垫都不配一个，下次慎重
457	1	售后服务：不如人意
458	1	都不上门安装的
459	1	就这**玩意！**联想
460	1	刚买又降了一佰
461	1	不小心激活了office，不然就退货
462	1	不要买，真的是闪屏，卡慢，插耳机还没声音
463	1	卡卡卡卡卡卡，这样的产品怎么没下架！
464	1	售后服务：不好用，客服不理人
465	1	不是一般的慢，有点后悔。
466	1	显示器那么快出问题，第一次见到
467	1	才用一个月不到就出问题
468	1	质量差，售后服务不完善
469	1	显示器不能向前或者向后活动 联系客服无果
470	1	异响声大，售后服务差
471	1	运行速度慢，卡顿，不能关机
472	1	连个鼠标垫子都没
473	1	售后服务：不怎么样
474	1	服务差，产品差，质量差，不讲道理
475	1	退换货少个显示器
476	1	又卡又慢，伤脑筋
477	1	千万不要买，卡死了
478	1	有时候点了没反应
479	1	性能配置：慢得和蜗牛一样 跑分评测：差差差
480	1	才5天就开不了机，这是什么鬼？
481	1	今天竟然降价了
482	1	刚买了就降价 差，卡的都不想要
483	1	一般般，还行吧！也不奢望其它
484	1	刚买的电脑，卡的要死，真怀疑自己买的是不是新机
485	1	败笔，居然主机放不了光盘，没有光盘入口
486	1	显示屏不能次日达。就不要显示次日达。
487	1	性能配置：呵呵客服，买回来不能用，售后还修不好
488	1	说好的赠一个屏幕，可是没收到货，问客服一直没回复，一直是电脑机器人回复些没用的，
489	1	放不平
490	1	售后服务：硬盘没分区，分区要另收费？第一次听说。
491	1	还没怎么用就运转不了了，后悔选择了联想，
492	1	电脑差的一比
493	1	一般化，另外OFFICE没有注册码，只能是试用！
494	1	做活动促销2499，活动结束马上变成2199，把消费者当傻子
495	1	刚买完就降价。。。
496	1	自带win10卡掉牙了，建议买家装win7
497	1	响，噪音大的一塌糊涂。便宜没好货啊
498	1	买贵了，几天降价200
499	1	用了一个月接近报废，卡的不能动
500	1	刚买了就有问题，屏幕一会亮，一会暗，惹了无数麻烦
501	1	性能配置：慢的要死   根本没法用
502	1	差得不能再差
503	1	性能配置：开机得半天刚买3天    什么情况
504	1	还没用，发货速度蛮如蜗牛
505	1	卡的要死新机。装了一个12g的游戏不知有无关系。
506	1	硬件还行，win10家庭版就是个LJ
507	1	整单产品没有全部送到，为何会显示订单完成？？我还有一件电脑呢？？
508	1	卡～卡～卡～卡！不推荐，大件退货麻烦，不然回退货
509	1	一点也不好。退货还要运费，那么重。懒得理了。
510	1	今天刚到漂亮，想打零星
511	1	少一个电源线其它不知道正在用
512	1	为什么显示器上会出现两个红点
513	1	还好，。。。。。。。。。。。。。。。就是价格有点坑活动2799在活动2889，然后2899
514	1	非常失望，买了这个，下次一定精挑细选
515	1	只能说好评不知道怎么来的，自认倒霉买个玩具。
516	1	售后服务：不是懂电脑的不要网上买，搞不起来，送过来啥也不管了
517	1	玩个LOL都卡的要死，一直一百多p
518	1	刚买一天就降价，帮别人买以为我贪他钱呢
519	1	电脑有问题售后不理睬的，真的不要再网上买，出了问题找谁都不知道
520	1	新机都那么卡有没有搞错！ 性能配置：差
521	1	售后服务：新机网页都开不了，售后废话连篇，电话都不接
522	1	有一点裂纹，反应了他们都不管
523	1	电脑卡的厉害，也不知道是不是质量问题
524	1	没俩星期呢，卡成这**，四千多就买了个这*玩意？
525	1	买完就降价了，也不知道能不能补差价，四千五买的
526	1	才买没多久就降价  还不给退   差差差
527	1	质量不行，尤其是售后，基本解决不了问题。
528	1	过时的电脑，卡顿得基本不能用。
529	1	新机器就卡顿，明显别人使用过
530	1	线路钩到了，机子在地面侧倒了。结果就是不能用了。
531	1	没用一个星期就出现死机黑屏，长按电源开关关机后重启才恢复正常
532	1	东西不错，尽量去实体店或者*买，这里不靠谱
533	1	刚开机有坏点
534	1	性能配置：差
535	1	从没有买过这么差的电脑，经常卡死
536	1	只收到主机，键盘，鼠标，未收到显示器
537	1	需要开机两次才能正常工作，这是什么神机？！
538	1	售后服务：没有福利，也不送鼠标垫，现在买也享受不到618的活动福利，客服回复像机械性的回复
539	1	这个电脑玩游戏能，看到你怀疑人生。卡卡卡
540	1	售后服务：发票十天了还没收到
541	1	包装都裂了一大半
542	1	新电脑风扇有问题，退货
543	1	一个月不到，今天就开不了机了，等维修中。
544	1	卡的不要不要的
545	1	莫名其妙的出现网络连接不上
546	1	连鼠标垫都不带，够抠的
547	1	用了一个月只死过一次机
548	1	刚到货，直接蓝屏，请问这个是什么问题？
549	1	买了十多天就又降价了，而且还没发申请价格保护。
550	1	买的新电脑下载酷狗音乐，为啥出来的登录界面有别人的账号？
551	1	还行，就是电价小小的鼠标垫都不送一个
552	1	用了一个月就开始卡了，真是醉了
553	1	显示器有质量问题
554	1	这叫ips屏幕显示器？这叫欺诈
555	1	不能加装硬盘，不能安装软件
556	1	给个一星   有人出来处理下发票问题吗  发票到底是开了没有  为何不寄出来
557	1	不到半个月，越用越卡，烂机
558	1	产品包装、送货速度及配送服务都不错。因电脑尚未使用，暂不评价。
559	1	售后服务：显示器是坏的，会闪屏。真倒霉
560	1	画图都卡 帮朋友买的 尴尬了
561	1	莫名奇妙出现无法连接网络
562	1	十几天自动断电，无法开机。不建议购买
563	1	性能配置：机箱一直有异响，只能更换。
564	1	提示京东会员优惠60元，开了会员就没有优惠，隔天就降价
565	1	联想，还是以前的联想吗？尴尬局面，唉。。。。。。唉╯﹏╰
566	1	售后服务：联系这么久都不给开票，
567	1	主机声音有点大，经常蓝屏！！！
568	1	京东购物那么多回，头一回等待这么久，有点儿不靠谱。。。。。。
569	1	键盘Z链打不出来，商家不换，千万别买他家的，
570	1	没有实体店的服务好啊，毛病还多，价钱还高
571	1	不知道是不是翻新机和组装的，竟然会是这个样子的
572	1	主机卡的要死
573	1	第二次打开居然主机停机了，什么反应都没有，大品牌也信不过
574	1	东西坏了，拒绝更换，自此无爱
575	1	第四天系统崩了，联系售后也联系不上，
576	1	这才几天就蓝屏
577	1	售后服务：快递取件出现单号问题，造成不能退货让客户自己负责
578	1	显示器有划痕，还要开箱的证据，客服说没有证据返场也不会退。
579	1	不给安装，价格还行。
580	1	没有鼠标垫！不人性化！不满意！
581	1	显示器坏的，雾化，红边，灰线，模糊。
582	1	昨天买的今天就优惠了300元电脑@了又不能退这回真郁闷了-------------
583	1	刚买的电脑，实际使用没有24小时，就出现速度比蜗牛还慢
584	1	买来一个星期就开不了机，只有售前没有售后，过分！
585	1	性价比不符合，价格太高，机器有点卡，建议不要够买
586	1	家庭版本用不了，还要花钱买后续服务，大家别上当了，
587	1	刚买几天了就降价，差！！！
588	1	有时候自动关机，系统简配，内存偏小，感觉不值这个价，联想坑货。
589	1	主机使用没有异常，OK
590	1	希望大家不要购买老是丢系统文件硬件问题 下载文件丢文件
591	1	第一次邮来是用过的，被人@过的电脑。页面写明@过的不能退货，为什么还要重新售卖。
592	1	烂
593	1	打开个360都会卡
594	1	买后就有问题，每次开关机后，wifi丢失。
595	1	买了一个星期，下载几个软件就卡死。强烈要求退货。不想多说
596	1	刚刚用了14天，坏了，主机不通电，维修中！
597	1	office 竟然没有激活
598	1	买了就降价
599	1	买完就降价
600	1	用了9天就坏了，
601	1	#公司#给老子一个残次品支架和屏幕都**不配套#
602	1	买完就降价
603	1	才用两天就给我来个死机？？这是7000的电脑吗？
604	1	首次开机，两个多小时了，一直在登陆界面，不断的自动重复，无法正常使用，已退。
605	1	采用两周，黑屏白屏十几次了，不知道这是什么系统～
606	1	有鼠标却没鼠标垫，买品牌就是买服务，不然我还不如买个组装机
607	1	辣鸡联想，看这价格定位，水分有多大，配置更高，价格更低，天天降价
608	1	性能马马虎虎，以后不会买联想的牌子了，用起来各种不舒服
609	1	要退货了， 8000的电脑音响不能用。 客服工程师直接建议我退货了。
610	1	商品与实物不符，售后第三天事情还解决不掉，下一步举报
611	1	性能配置：居然把配置搞错了，我下的订单是我256SSD,送来的确是128SSD
612	1	老是死机黑屏
613	1	1显示器没有膜，2电脑只有一个D盘，3不能外放4售后是机器人
614	1	为什么不把office的产品密钥直接给我们呀？包装盒到处都找不到！试用三个月值700多大洋吗？！
615	1	第一天刚买的不到两小时，就不能开机，是我买的倒霉吗，还好退货比较及时，现在换个惠普试试，但愿运气会好一点，期待着
616	1	不是我想象中的，键盘垫子也不送，这么多钱不值得
617	1	安装cad软件装不上，最后电脑卡死了，不知道为啥，系统不够稳定呀
618	1	刚买的，开机时一直有电流声，使用过程中一直断断续续有，售后过来看，说可能要换主板，呵呵！操碎的心
619	1	总是喜欢蓝屏，系统挂了永远不恢复。只能重装系统。
620	1	购机第二天就开不了机，联系售后上门确定主板坏了，联想的品控得走点心啊。现已更换主板，观察中。。。
621	1	客服服务差，物流不送货上门'要自己提取，最终都没有人告诉我为什不送货上门'为什么要自己去取件，
622	1	今天使用的时候突然黑屏，重启几次都不行，还没有一个月
623	1	昨天拍的，今天晚上送到，物流比较给力！但是第二次开机就不能显示桌面，很郁闷郁闷，有失品牌电脑的感受
624	1	20年4月买的，里面有19年7月，8月一直到20年10月的数据。还是爱奇艺
625	1	机器箱体本身预留了9mm薄光驱安装位，前面板居然没留光驱开孔，实在是愚蠢！
626	1	一个月主板就没用了，售后拆机换主板，换完之后每次开机都要出现这个东西
627	1	评价个屁，一直问电脑没有声音，哪里开？问了一个晚上没问出来。
628	1	电脑在使用的过程中出现了好几次卡顿，有时候打开软件要等好久才反应过来，严重影响体验，其他的还可以！
629	1	秒杀价4889元买的，平时也就4899元，秒杀价便宜10元，这种噱头不好，估计宣传的质量也是噱头！
630	1	连接线都不和别人的一样，隐藏消费
631	1	主机声音大，不满意
632	1	打着打着自动关机，我也是醉醉的
633	1	用了几天开不开机了
634	1	与看到的不符合
635	1	游戏效果：进游戏就会黑屏
636	1	说好的音箱也没有发货
637	1	**商家不要购买
638	1	买回来的电脑，机都开不了！
639	1	玩啥都卡死，发货第一次还是坏的
640	1	用了一周就开始卡了
641	1	安的盗版操作系统，买之前考虑好了。IE被2345劫持了，烦不胜烦，因为工作需要又必须用IE，唉！！！系统偶尔会莫名卡顿，便宜没好货，凑合用吧！
642	1	缺少显示器  商家不承认
643	1	开机用差不多2分钟，晕晕晕
644	1	没开过机就花屏
645	1	老是花屏之后黑屏
646	1	买完之后第二天，就开不开机
647	1	半个小时内连续出现三次蓝屏
648	1	运费100到地方还要收20？？？？   半个月才送到？？？
649	1	刚买就掉价  大家千万不要买  根本不值这个价钱
650	1	吃不了鸡，好难受
651	1	不行经常退屏卡死
652	1	不好用，电脑配置搭配有问题
653	1	描述不准确，退款
654	1	机箱各种漏电，音响得关机从起才有声音！
655	1	谁买谁倒霉    退货还各种限制
656	1	质量不行 玩游戏卡
657	1	这个配置对不起这个价格，配置和价格不匹配.
658	1	我上当了、大家千万不要买这个电脑。
659	1	电脑质量差，玩几天就开不了机，
660	1	真的是一分钱一分货。动不动死机，黑屏
661	1	一天蓝屏两三次，什么几八玩意
662	1	便宜没好货，买过了机都开不了，谁买谁后悔
663	1	好卡机，下载ps都转不过来，
664	1	退款墨迹。。。答非所问。。。说好的退到原账户呢
665	1	拿回来就开不了机  问题太多
666	1	辣鸡。才一天主机就不通电
667	1	内存条是坏的，一直死机，客服不理
668	1	商品和客服说的不符。鲁大师评分没有20万。
669	1	加载一些程序，电脑总蹦网页，总死机
670	1	电脑不行，打游戏老是自己切出去！
671	1	质量有问题！显卡小卡槽接口是坏的！
672	1	快递产品质量服务都坑
673	1	才买了一个多月了就蓝屏了。这个电脑不行
674	1	别买了，买完了玩个游戏，总蓝屏
675	1	CPU差的狗屎样，没有下一次了！
676	1	我是不是被坑了
677	1	连个显示器线都没有。
678	1	什么破主机今天丢英伟达驱动。昨天丢游戏文件
679	1	睁大眼睛好好选，哪家都比这家强
680	1	电脑材质味道很大，最初两天用一直咳嗽
681	1	游戏效果：不能安装游戏 客服不能解决
682	1	买回来就显卡不行  显示器没显示
683	1	玩地下城很卡啊
684	1	显卡集成板固定螺丝居然自己掉下来了
685	1	最好不要贪小便宜。这电脑送给我都不要
686	1	我今天刚买回来的，刚打开游戏的
687	1	一分价钱一分货，没话说
688	1	真是够了，刚买来就这样
689	1	速度不快，老是会卡顿
690	1	显示屏坏的，开机显示没信号就一直黑屏
691	1	买了还没几天，就打不开机了，！慎重买
692	1	游戏效果：玩cffps时高时低相当的卡
693	1	机器卡死机不好用 别上当东西来的时候风扇都是掉的
694	1	这个店的活动是假的，你只要问获奖名单，就不会理你了
695	1	这家公司发货混乱！服务迟缓！不再想和有任何他们交易！
696	1	评分检测：辣鸡 运行速度：开机47秒！你们自己体会！
697	1	**，退货后发货过来，没有退货功能，拒签后退回他们已经签收了三天后都不退款
698	1	买来一天就直接开不到机。算了。大家不要买
699	1	主机应该还可以，显示器差评！
700	1	已退货
701	1	不行，机箱不太好，配置也一般，主板是小板。
702	1	太卡了。显卡不是580的
703	1	一直二次开机 硬盘读写速度还没机械硬盘好
704	1	玩个英雄联盟都卡
705	1	用了一个多月，然后电源就烧了，质量不咋滴
706	1	玩联盟fps780玩了三天更新显卡驱动就成砖
707	1	电脑好慢
708	1	翻新的，硬盘实际使用时间不到10天就坏了!更换还要以旧换新!
709	1	不说了  刚买就得重装系统    连刷新都要反应两秒。。
710	1	蓝屏，还经常死机，态度还可以
711	1	售后不行
712	1	一开始忘记发鼠标了，后来补发的，但是给了个旧的。上面算是泥。这让我怀疑别的东西是不是都是旧的
713	1	评五星的都是为了返现  别信五星好评
714	1	真的不行，不应该觉得便宜就买，英雄L盟都卡
715	1	除了根电源线啥@都没有，要转接头也不把背面放出来
716	1	硬盘有毛病开机死机 邮回去来来回回给我邮了一个月 买来在家放快一个月
717	1	现在谁是上帝，我没搞明白
718	1	啥都不想说，累
719	1	卡死了
720	1	这款产品谁买谁上当 谁买谁上当
721	1	运行速度：容易卡，网络慢
722	1	618买 19发货20收到 活动21结束 闹呢？ 华为**
723	1	服务态度差，东西还算勉强。
724	1	明明有2个赠品的，只赠一个
725	1	散热性能：差  运行速度：卡
726	1	用了没一个月就卡的要死
727	1	反应慢，屏幕还老没反应
728	1	才买了2天就降了200。其他平台才4199。亏大了。
729	1	就是一个裸机，两个手提袋都没有
730	1	卡到**都不认识你
731	1	价格调整的太频繁，下单后8天遇上降价200搞秒杀，正好过了价保期
732	1	比其他平台贵了200，而且没有赠品
733	1	这款机器奉劝大家别买
734	1	电脑没到几天就开不了机，客服也不解决问题
735	1	买没几个月，工具栏经常点不了
736	1	经常自动关机，运行速度缓慢
737	1	外形外观：有划痕，联系客服不回应
738	1	其他特色：差到家了
739	1	客服怎么总是不回答我的问题，总是不在。
740	1	说好的背包和手环呢？什么叫限量？限一份？
741	1	刚买一天，声音发滋滋的声音！
742	1	散热性能：风扇一直响。 刚买了就降价，我吐了。
743	1	其他特色：买的鼠标付了钱，物流状态问店家一概不知。
744	1	刚买了不到一个月，开机得三次才能开了机
745	1	买回来不到半个月，已经卡了好几次，啥也不想说了
746	1	刚买两天又降了100块，还送背包，我了个去
747	1	降价这么多？恶心
748	1	有划痕，客服一直不回消息，服务态度差
749	1	商品没有赠品的吗，起码给我个鼠标，就给一个充电线。
750	1	不是产品差，是京东白条差，京东白条误导我分期，害我白付一佰多块手续费
751	1	客服态度不行
752	1	上午到的货&hellip;晚上突然发现U口变形&hellip;
753	1	运行速度：慢 屏幕效果：差 散热性能：差 外形外观：差 轻薄程度：差 其他特色：差
754	1	说好的鼠标呢，我买了配送鼠标的结果鼠标又没有
755	1	屏幕效果：态度差，服务不好，且胡乱定价
756	1	还没开始就卡了，还有摄像头一言难尽。。。。
757	1	一个月降200，京东的价格也是服了
758	1	产品先不说，不到一个月降价300受不了
759	1	客服态度差的没的
760	1	才几天，便宜了200元，这个能退差价吗
761	1	今天到货 发现有降价活动⊙﹏⊙
762	1	硬件不知道啥情况，在修复中，
763	1	刚买就掉价！保价有用么
764	1	外包装明显的有锐利的东西砸砸过怎么还发货呢
765	1	刚用一个月就开不了机
766	1	就用个cad还卡的不行。
767	1	擦   刚买十多天    降价五百多     服了
768	1	刚刚到货，电脑一样都没带，就只带了个充电器
769	1	您的客服是永远不在吗
770	1	才买没到二个星期，跌了200，可以保价吗？
771	1	昨天买4199元，今天到货一看就只要3799元，怎么回事？
772	1	看已下载完的4k高清会卡顿，已鉴定
773	1	新买的电脑主板就出问题
774	1	第一天就卡住，服了，买前这态度，买后只回复请等待
775	1	他们家有些电脑感觉是翻新机，
776	1	买到手第二天降价200元?
777	1	客服还行，京东快递简直太暴力！
778	1	啥也不说了，买俩亏了1200
779	1	安装软件总是提示丢失msvcr110.dll怎么也解决不了
780	1	买了不到7天就降价600,坑货
781	1	买完就降价。按钮脱落。。这是我目前碰到的问题
782	1	价格虚高，不保值
783	1	卡屏死机现象出现多次，无法解决
784	1	为什么不回信息，买回来还收不到信息
785	1	没有充电器？啥都没有，只给发一个电脑
786	1	没有任何配件光电脑机连鼠标垫都没有，
787	1	送货人员态度差，***支付的还收了我手续费
788	1	如果没打电话催的话，可能就丢了
789	1	发货 物流好慢
790	1	office软件无法激活，客服服务态度差
791	1	电脑不行，还没用几天就老是死机，
792	1	刚打开发现键盘坏了申请了换货希望可以快点解决，我还等着考试呢耽误时间。
793	1	其他特色：购买时明显说有赠品，收到货没有赠品。
794	1	啥都不想说了，刚买了不几天，卡过也闪退过了
795	1	搞笑。简直。
796	1	运行速度：卡顿
797	1	运行速度：用了几天电脑真的很不流畅
798	1	看个电视都卡外面去了，慎重购买吧
799	1	性价比还是挺高的,但是刚收到激活就出现几次问题,搞得一下子心里就不开心了
800	1	京东发的货电脑打开好明显的划痕啊&hellip;&hellip;
801	1	过分了！到手就降价！！！
802	1	接口凸出，你们自己看！质量有问题！
803	1	才买几天就降价了????
804	1	屏幕效果：还不错 运行速度：挺快的 轻薄程度：挺好的 外形外观：很好
805	1	刚刚买了一周，六一就便宜了300，还不能返给我？？？
806	1	运行速度奇慢，我都快疯了！！
807	1	不支持5G网络的Wi-Fi，不能投屏！
808	1	购买时显示有赠品 收到什么都没有  送货态度也极差
809	1	外观还是不错，但是我还是想给差评！！！遇到问题客服不理！！
810	1	售后服务：服务不好，
811	1	其他特色：客服服务差
812	1	尽量别买DELL产品，尽量别从京东买东西！
813	1	跑分评测：很一般了
814	1	主机外放没有声音
815	1	联系不上客服电话
816	1	售后服务：售后不及时
817	1	电脑很卡 非常卡
818	1	一点教程都没有！
819	1	电脑出现这个画面已经5次了
820	1	今天才收到 用了一上午 就黑屏
821	1	售后服务非常糟糕
822	1	系统坏了，客服不吊我，服务差
823	1	反应比较慢，已经有几次开机白屏。
824	1	收到货键盘就是坏的，售后不及时。
825	1	还可以吧，就是800的电话打不通
826	1	开不机，更换
827	1	售后服务：发票催了5天还没寄出，一味的让人耐心等待！
828	1	咕噜咕噜跟煮开水一样
829	1	一直要命的蓝屏！
830	1	卡，不值还没拍拍600块的快
831	1	极差，反应慢，下载软件都要收费
832	1	买了用不了。难道是我开机的姿势不对？
833	1	什么都没有，没分驱，没浏览器
834	1	机箱外观：小 性能配置：运行超级慢
835	1	居然没发显示器，客服电话也打不通，只能退货了
836	1	性能一般，显示效果极差。
837	1	买回来说office需要自己买，杀毒软件也没有。
838	1	商品倒还是满意的，就是京东的服务太差了
839	1	售后服务：视频播放失败，售后电话没人接差差差差
840	1	刚买一月 开机半小时一直转圈没反应   服了
841	1	买一套，收到只有主机。
842	1	刚安装好几个软件电脑就卡了，退货几天了还在检测中
843	1	售后服务：服务一般 性能配置：声音不能用，带耳机也不行
844	1	售后服务： 耽误时间  我理解你们，谁理解我啊
845	1	**的，让老子自己倒腾系统，设置，费了几个小时了
846	1	开机速度不是一般的慢，还不如几百块钱的主机
847	1	卡的不要不要的！
848	1	机箱喳喳的响
849	1	反应好慢
850	1	这就是戴尔？？？
851	1	屏幕是不是发错了怎么那么小，我定的是23寸的
852	1	没有鼠标垫子
853	1	慢的要死
854	1	越用越卡
855	1	有点卡
856	1	京东都是机器人客服，给戴尔电脑客服打电话也没人接，服务质量很差。送货速度挺快。
857	1	差的要死
858	1	降价非常快
859	1	没有光驱
860	1	开错发票，要求我交费寄回，费用补给我，但到现在也没补，售后差。
861	1	售后服务：发票半个月了，也不知道到底卡哪儿了。我这是垫付给公司采买的，咋报销
862	1	买之前涨价，原来定价3499，结果涨到3699，等了好久还是3699，就想着应该不会降价了，结果买完没几天就降价。。。。。。。
863	1	显示器是第一代面板，十几年前的东西，伤眼睛，
864	1	性能配置：开机运行后电脑里一直咔咔的响，试了多次，还是一直响
865	1	好几次蓝屏
866	1	这么多年来头回遇到新电脑打开之后，键盘不能使的。佩服佩服！
867	1	为什么我的电脑总是显示office激活不了，家庭版的，只能用30天？
868	1	当初觉得这个牌子的电脑不错，谁知道这个电脑上不能下载文档还要花钱买
869	1	方方面面一塌糊涂！不退款！不理赔！流氓公司
870	1	申请的退货，商家已经取走，并承诺退款。怎么今天又反悔了，说不能退货的？请速给解释
871	1	才用一个月不到，机器就当机2次了，是我运气不好吗？
872	1	随机带的win10运行真卡，目前打算格了重新安装win7再看看怎么样
873	1	性能配置：不好，刚开始用就感觉是用了好久的电脑一样的，反应慢
874	1	激活后屏幕显示一半，恢复出厂设置也没有好，已经提交了换件，处理好了自动删了评论
875	1	显示器自己打电话问的什么高级客服才给送的，要是不问就可能不送了吗？第一次遇到这种情况，希望多多改进吧。忙也不是疏漏的原因。
876	1	从买来开始的1个月就没好好用过几天，返厂维修了2次，总共买了4台电脑，坏了4台。
877	1	开机速递慢 硬盘也没分区 装的OFFICE办公软件，还要收费的，买的请谨慎
878	1	电脑没有office，还没有明确标示，联系客服让下载WPS。产品销售玩文字游戏
879	1	外观各方面都很满意，开机运行之后很不满意，太慢了！
880	1	差差差&hellip;
881	1	售后服务：刚收到电脑，发现系统不支持软件，按七天无理由申请退货，客服回复已经连网不支持退货，上门要收服务费，处理还要等24小时，各种推脱。
882	1	电脑刚开机显示无硬盘，硬盘线掉了，显示器出现白色条纹，不愉快的购物
883	1	售后服务：没人应答 性能配置：开机5分钟 跑分评测：不知道相信戴尔大品牌就这样
884	1	用了不到一个月，蓝屏了，不知道什么情况，是软件还是硬件的问题。
885	1	销售方和发票不一样，要是为公司买的，大家就换家吧，这家发票和销售方不一样，而且办事效率极低！
886	1	配送员野蛮装卸，当着面就野蛮装卸。视频接口VGA歪斜，要用力才能接通使用。
887	1	电脑使用起来有点卡，刚下单的时候，商家没有发货，过了两天联系客服后才补发，一直在京东直营店购物，这次不是很满意。
888	1	不建议购买电脑不带办公软件 如果我要用就要买一年400多 这样我每年400多啊 联想 惠普都有预装办公软件还是免费的
889	1	刚买来3台，一台显示没有视频显示。处理了一天。最后换货。第二天，两台电脑直接黑屏。
890	1	没用两天鼠标就因接触不良而报销了，其他的总体还可以。换了其它的电脑用不到十分钟又用不了
891	1	因为系统问题，有些软件无法安装！又不同意退货，难道我要自己重装系统......大哭? 后悔
892	1	买了就后悔，主机咕咕的响，像烧开水一样，听着心烦，客服服务差，还不如买个便宜组装机
893	1	才买一个月左右，平时就编辑文档，今天开不起来了....卡到飞了。还是不要买了。
894	1	当天就开不了机，退货还不及时，说是要检测。第一次开机就是显示海内存知己，天涯若比邻和请稍等的字样，过会就黑屏了，再也无法启动了，真的
895	1	开机三分钟  安装注册麻烦还复杂   开机又要各种代码  公司用  玩个屁啊 真tamd
896	1	刚开机就有点卡，看视频弹幕一闪一闪的跳帧，主机的声音大的吓人，就像煮开水一样，我买到一个赝品了？
897	1	Dell就是用不成！买个Dell平板，连下载的电影都看不了，不如以前300买的地摊货。买个台式机，音箱插主机后边没有声音，插耳机孔有滋滋的噪音，打服务电话永远打不通。
898	1	硬盘一直吱吱吱响，吱吱吱响，吱吱吱响，吱吱吱响，吱吱吱响，吱吱吱响，吱吱吱响，吱吱吱响，吱吱吱响，吱吱吱响，吱吱吱响，吱吱吱响，吱吱吱响， 这是通病问题，还是质量问题？
899	1	大家要看清楚再买，这个机子是没有外音的，你必须同时买一个音箱或者耳机才能听到声音，才能看电视听歌打游戏，再提醒一下，没有外音，没有外音，没有外音
900	1	确实没有电源线，不多说好吧。我自己买。
901	1	走线不工整，机箱有螺丝掉落
902	1	外形外观：风扇一个没有
903	1	买了就降价，要送的风扇也没送。
904	1	使用了三天 蓝屏一次 不知道是不是正常现象。
905	1	价格与物品不符事
906	1	黑屏两次   耳机怎麽都调不出来
907	1	说好送鼠标键盘没送，机箱还有点瑕疵。
908	1	没有再差的客服！
909	1	剑网三一个小游戏都要卡！！?
910	1	买了不到一个月就出现蓝屏，售后还不给处理
911	1	差的我都不想说了
912	1	机器没问题，买的不开心。
913	1	用了没10天开不了机了，建议别买了
914	1	实际配置不符    客服不正面回答   只会推脱
915	1	服务态度是真的差
916	1	这样的店家出了问题就想图省事，错发了也不管？？？
917	1	购买的时候啥都不带，还是回头客，
918	1	不稳定
919	1	昨天买的，今天玩游戏就直接死机了
920	1	服务差 而且老蓝屏 想解决客服也不回
921	1	服务实在不敢恭维
922	1	我只想说，电脑经常蓝屏是什么情况？
923	1	老是蓝屏  死机 现在连机都开不了了
924	1	买完就降价
925	1	买了20天又降价500块 妈的亏
926	1	一个月内存就坏了。一个月内存就坏了。
927	1	不想说了，看图吧。有点生气。
928	1	其他特色：给我发的配置2内存都没有那么多
929	1	不到一个月已经出现几次蓝屏了！不满意
930	1	显卡转换头，没给带，我跑好几家电脑店没有。
931	1	玩英雄联盟时候经常死机
932	1	不满意。我要的白色客服说备注了。还是给我个这颜色。
933	1	开个发票从上周五联系到下周四还没有给开出来，不知道要联系多少遍才搞得定。
934	1	才买了几天  就降价了   ?????
935	1	刚买回来固态硬盘就有问题，找客服一直不理
936	1	说了那么多次，这样子都没帮我预装win7
937	1	买了没几天就蓝屏。
938	1	开机速度慢 差不多20秒  侧板刮花
939	1	买过来线都不给我配齐
940	1	货到三天出现无数问题，五天才到货
941	1	谁买谁后悔  玩梦幻都卡
942	1	买了几天顺间降价一百多
943	1	三番两次蓝屏死机，客服会挑消息等半天
944	1	不给发票，客服不回消息
945	1	电脑还可以 客服不怎么滴 买完之后客服根本不搭理你
946	1	买了几个，越来越差
947	1	买的时候就只能用10元优惠券，买后没有10天时间就直接可以减200。感觉自己上当了。天呀
948	1	系统也不给做，还得再折腾一天。
949	1	一玩游戏就嗡嗡响
950	1	显卡有明显污垢，显然是二手的
951	1	这是给客服的
952	1	用了几天打英雄联盟打着打着就蓝屏了，已经几次了，哎
953	1	电脑用了不到一个月，风扇声音比拖拉机还响，不敢恭维
954	1	出现问题，客服不回应
955	1	一般    有点卡   没那么好 服务差
956	1	电脑收到以后就是坏的，答应送的键盘鼠标大鼠标垫都没有，客服再也联系不到，第一次遇到这种卖家
957	1	电脑没有声音声卡驱动也安装了，问他们没有人回复，不知道这是故意还是，
958	1	买回来不到一个月，就有3次开不开机，
959	1	USB识别不了，在桌面的文件无法删除，固态硬盘不能保存文件，售后服务差
960	1	第一次网上买组装电脑，到货时我懵逼了，没有显示屏键盘鼠标
961	1	电脑经常死机
962	1	内存被换过了还有硬件，呵呵
963	1	刚点亮风扇就有一个是坏的，是真的水，你们装机加的风扇有个是坏的都不看的吗？
964	1	奉劝大家电脑还是去门市店买，照这样搞京东要不了几年就垮了
965	1	吃鸡吃不了。一吃鸡就蓝屏 不是内存的锅
966	1	主机不行 客服不行
967	1	不行，显卡用了没多久就坏了，不耐用。
968	1	显卡那么高既然显示的模糊的一批。不要买了坑些
969	1	性价比低，买了就后悔了
970	1	坏的，开不了机
971	1	游戏效果：才买两天的电脑，就出现蓝屏，退货还要自己出邮费。
972	1	售后贼差
973	1	翻新机啊 大家不要买
974	1	说买套装返50都1个月了也不返，说话闹着玩呢
975	1	物流都能急死你
976	1	买了之后显卡内存变成5G了，硬盘内存也是小的只能装一个大型游戏
977	1	疯狂蓝屏，按售后换过一套鼠标键盘，不用无线wifi照样一直蓝屏
978	1	一般般，买的第二天就降价了，问客服说有精美礼品原来就是个鼠标垫！
979	1	东西都少了，质量不好
980	1	用了很久才评价，这个灯一直闪，电脑老闪退，
981	1	此一星评价基于客服人员的工作态度送出，其他不再多说。
982	1	检测了那么久居然风扇不转都不知道，害我几天没有用电脑
983	1	服务很重要，好评返现就免了吧，
984	1	不说话，上图
985	1	要我再选择买主机，绝对不会选择这家！
986	1	售前就好说话，售后经常讲到一半就不理人了，而且鼠标就算关机了也是亮着的，还有就是显卡接口有个是坏的
987	1	什么都没有装
988	1	什么****？
989	1	用了一段时间了，才想起来问问，我的赠品只有一个鼠标垫吗？？？赠品一去哪了？
990	1	售后服务：服务不好，
991	1	其他特色：客服服务差
992	1	尽量别买DELL产品，尽量别从京东买东西！
993	1	跑分评测：很一般了
994	1	主机外放没有声音
995	1	联系不上客服电话
996	1	售后服务：售后不及时
997	1	电脑很卡 非常卡
998	1	一点教程都没有！
999	1	电脑出现这个画面已经5次了
1000	1	今天才收到 用了一上午 就黑屏
1001	1	售后服务非常糟糕
1002	1	系统坏了，客服不吊我，服务差
1003	1	反应比较慢，已经有几次开机白屏。
1004	1	收到货键盘就是坏的，售后不及时。
1005	1	还可以吧，就是800的电话打不通
1006	1	开不机，更换
1007	1	售后服务：发票催了5天还没寄出，一味的让人耐心等待！
1008	1	咕噜咕噜跟煮开水一样
1009	1	一直要命的蓝屏！
1010	1	卡，不值还没拍拍600块的快
1011	1	极差，反应慢，下载软件都要收费
1012	1	买了用不了。难道是我开机的姿势不对？
1013	1	什么都没有，没分驱，没浏览器
1014	1	机箱外观：小 性能配置：运行超级慢
1015	1	居然没发显示器，客服电话也打不通，只能退货了
1016	1	性能一般，显示效果极差。
1017	1	买回来说office需要自己买，杀毒软件也没有。
1018	1	商品倒还是满意的，就是京东的服务太差了
1019	1	售后服务：视频播放失败，售后电话没人接差差差差
1020	1	刚买一月 开机半小时一直转圈没反应   服了
1021	1	买一套，收到只有主机。
1022	1	刚安装好几个软件电脑就卡了，退货几天了还在检测中
1023	1	售后服务：服务一般 性能配置：声音不能用，带耳机也不行
1024	1	售后服务： 耽误时间  我理解你们，谁理解我啊
1025	1	**的，让老子自己倒腾系统，设置，费了几个小时了
1026	1	开机速度不是一般的慢，还不如几百块钱的主机
1027	1	卡的不要不要的！
1028	1	机箱喳喳的响
1029	1	反应好慢
1030	1	这就是戴尔？？？
1031	1	屏幕是不是发错了怎么那么小，我定的是23寸的
1032	1	没有鼠标垫子
1033	1	慢的要死
1034	1	越用越卡
1035	1	有点卡
1036	1	京东都是机器人客服，给戴尔电脑客服打电话也没人接，服务质量很差。送货速度挺快。
1037	1	差的要死
1038	1	降价非常快
1039	1	没有光驱
1040	1	开错发票，要求我交费寄回，费用补给我，但到现在也没补，售后差。
1041	1	售后服务：发票半个月了，也不知道到底卡哪儿了。我这是垫付给公司采买的，咋报销
1042	1	买之前涨价，原来定价3499，结果涨到3699，等了好久还是3699，就想着应该不会降价了，结果买完没几天就降价。。。。。。。
1043	1	显示器是第一代面板，十几年前的东西，伤眼睛，
1044	1	性能配置：开机运行后电脑里一直咔咔的响，试了多次，还是一直响
1045	1	好几次蓝屏
1046	1	这么多年来头回遇到新电脑打开之后，键盘不能使的。佩服佩服！
1047	1	为什么我的电脑总是显示office激活不了，家庭版的，只能用30天？
1048	1	当初觉得这个牌子的电脑不错，谁知道这个电脑上不能下载文档还要花钱买
1049	1	方方面面一塌糊涂！不退款！不理赔！流氓公司
1050	1	申请的退货，商家已经取走，并承诺退款。怎么今天又反悔了，说不能退货的？请速给解释
1051	1	才用一个月不到，机器就当机2次了，是我运气不好吗？
1052	1	随机带的win10运行真卡，目前打算格了重新安装win7再看看怎么样
1053	1	性能配置：不好，刚开始用就感觉是用了好久的电脑一样的，反应慢
1054	1	激活后屏幕显示一半，恢复出厂设置也没有好，已经提交了换件，处理好了自动删了评论
1055	1	显示器自己打电话问的什么高级客服才给送的，要是不问就可能不送了吗？第一次遇到这种情况，希望多多改进吧。忙也不是疏漏的原因。
1056	1	从买来开始的1个月就没好好用过几天，返厂维修了2次，总共买了4台电脑，坏了4台。
1057	1	开机速递慢 硬盘也没分区 装的OFFICE办公软件，还要收费的，买的请谨慎
1058	1	电脑没有office，还没有明确标示，联系客服让下载WPS。产品销售玩文字游戏
1059	1	外观各方面都很满意，开机运行之后很不满意，太慢了！
1060	1	差差差&hellip;
1061	1	售后服务：刚收到电脑，发现系统不支持软件，按七天无理由申请退货，客服回复已经连网不支持退货，上门要收服务费，处理还要等24小时，各种推脱。
1062	1	电脑刚开机显示无硬盘，硬盘线掉了，显示器出现白色条纹，不愉快的购物
1063	1	售后服务：没人应答 性能配置：开机5分钟 跑分评测：不知道相信戴尔大品牌就这样
1064	1	用了不到一个月，蓝屏了，不知道什么情况，是软件还是硬件的问题。
1065	1	销售方和发票不一样，要是为公司买的，大家就换家吧，这家发票和销售方不一样，而且办事效率极低！
1066	1	配送员野蛮装卸，当着面就野蛮装卸。视频接口VGA歪斜，要用力才能接通使用。
1067	1	电脑使用起来有点卡，刚下单的时候，商家没有发货，过了两天联系客服后才补发，一直在京东直营店购物，这次不是很满意。
1068	1	不建议购买电脑不带办公软件 如果我要用就要买一年400多 这样我每年400多啊 联想 惠普都有预装办公软件还是免费的
1069	1	刚买来3台，一台显示没有视频显示。处理了一天。最后换货。第二天，两台电脑直接黑屏。
1070	1	没用两天鼠标就因接触不良而报销了，其他的总体还可以。换了其它的电脑用不到十分钟又用不了
1071	1	因为系统问题，有些软件无法安装！又不同意退货，难道我要自己重装系统......大哭? 后悔
1072	1	买了就后悔，主机咕咕的响，像烧开水一样，听着心烦，客服服务差，还不如买个便宜组装机
1073	1	才买一个月左右，平时就编辑文档，今天开不起来了....卡到飞了。还是不要买了。
1074	1	当天就开不了机，退货还不及时，说是要检测。第一次开机就是显示海内存知己，天涯若比邻和请稍等的字样，过会就黑屏了，再也无法启动了，真的
1075	1	开机三分钟  安装注册麻烦还复杂   开机又要各种代码  公司用  玩个屁啊 真tamd
1076	1	刚开机就有点卡，看视频弹幕一闪一闪的跳帧，主机的声音大的吓人，就像煮开水一样，我买到一个赝品了？
1077	1	Dell就是用不成！买个Dell平板，连下载的电影都看不了，不如以前300买的地摊货。买个台式机，音箱插主机后边没有声音，插耳机孔有滋滋的噪音，打服务电话永远打不通。
1078	1	硬盘一直吱吱吱响，吱吱吱响，吱吱吱响，吱吱吱响，吱吱吱响，吱吱吱响，吱吱吱响，吱吱吱响，吱吱吱响，吱吱吱响，吱吱吱响，吱吱吱响，吱吱吱响， 这是通病问题，还是质量问题？
1079	1	大家要看清楚再买，这个机子是没有外音的，你必须同时买一个音箱或者耳机才能听到声音，才能看电视听歌打游戏，再提醒一下，没有外音，没有外音，没有外音
1080	1	怎么这个电脑office激活不了！！！
1081	1	刚到的新电脑，内存和固态真的很舒服！
1082	1	买了一个月主板就坏了
1083	1	为什么连个内胆包，鼠标都没有，晕
1084	1	每天都要更新，没用几天，更新好多次了
1085	1	什么时候说过必须当天登记才给延保？
1086	1	刚买就降价，不给退差价
1087	1	收到就有问题！差劲
1088	1	连鼠标都没得一个
1089	1	运行速度：换机后使用不到两天还是死机
1090	1	买来没几天电源适配器坏了
1091	1	其他特色：新购用一天就死机
1092	1	东西挺好，就是说好的送100元E卡没有送
1093	1	看电视为啥老样？
1094	1	为什么开机老是停留在配置更新界面呢
1095	1	服了  刚收到  屏幕有划痕
1096	1	Office不能激活，找客服不接电话！
1097	1	刚买没两天就降价两百 还不能申请价格保护 要买的慎重考虑
1098	1	是真滴有点**
1099	1	买到二手了?，一次性贴膜被划了
1100	1	换货换了十几天
1101	1	说是服务赠鼠标  结果什么都没有
1102	1	其他特色：才买多久，一个月没到，就降价这么厉害
1103	1	两天降价500，你们这价格是开玩笑的吗。服了。
1104	1	京东连个客服电话也没有
1105	1	不好，问客服也不理
1106	1	office激活永远都在加载中，重启就卡在Windows更新界面，初始操作一堆问题&hellip;&hellip;客服全是机器人
1107	1	翻车了？屏幕这么多白边
1108	1	其他特色：频繁蓝屏，已退货！！！
1109	1	客服态度有问题,问问题也不回答，
1110	1	刚买完就降价，还不好用
1111	1	一星给京东，不为了什么，就是买贵了，贵了两百
1112	1	无故断网，极度影响使用
1113	1	刚买了一个月就无法开机。
1114	1	还不到一个月的时间！这还能看视频么
1115	1	货一到就开始降价，呵呵
1116	1	换货之后还是有电流声，要命了
1117	1	才第二天就这种情况
1118	1	买来封条这样，开箱后上下盖对不齐
1119	1	不好用，换了两次机
1120	1	随便运行就很烫
1121	1	散热性能：个月 黑屏了
1122	1	电脑运行真是好的一匹啊
1123	1	辣鸡电脑，就是坏的，还卖给别人
1124	1	运行速度：慢 轻薄程度：好 外形外观：好
1125	1	安装操作：安装操作繁琐，客服啥都解决不了
1126	1	买早了，4499买的。现在4199
1127	1	外形外观：品控是真差。都不对齐。
1128	1	摄像头怎么装驱动也打不开
1129	1	看看右边和下边
1130	1	这是充电口歪了吧？？？根本插不进去
1131	1	属实不行 电脑包都不送
1132	1	买了一个多月，今天安装CAD，突然白屏了，我也不知道什么原因，就来问客服，客服不理人
1133	1	那么贵买的电脑，没用几天就觉的不值得，
1134	1	面对ps卡得一动也不能动，
1135	1	辣鸡，开机黑屏，关机没反应
1136	1	才买不到一周 关不了机？
1137	1	刚买上就降500玩呢
1138	1	电脑电池存电量不行
1139	1	用了一个月左右，触摸板突然没反应了。客服基本是个摆设，答所非问。
1140	1	用了两个月不到显示屏就变形了
1141	1	买回来电脑有划痕，不是急用的话都想退货
1142	1	运行速度：慢 屏幕效果：阴阳屏，有色差
1143	1	这才用几天啊typec接口就坏了。
1144	1	有瑕疵，还会重启
1145	1	客服解决不了问题
1146	1	运行速度：容易卡机 散热性能：一般般
1147	1	刚买的电脑这是什么情况
1148	1	售后服务差极了
1149	1	屏幕开机漏光，红点
1150	1	买回来第一天就黑屏！黑屏2次！
1151	1	刚买还没一礼拜就降两百  服了&hellip;
1152	1	卡的要死！估计是自己运气不好！
1153	1	机器还可以，不过买了2天就降价，很失望
1154	1	有破损  联系客服一直不给换  没有结果
1155	1	用了不到一个月就开始黑屏
1156	1	刚到花屏了。等店家给个交代
1157	1	屏幕老是闪，反应慢
1158	1	买来第一天就开始死机
1159	1	有坏点，啊啊啊啊，哭了哭了，坏点进灰，自闭
1160	1	刚买三天，黑屏卡机打不开了，辣鸡
1161	1	才过一个月就坏了，我也是醉了?
1162	1	不好使，电池不顶用
1163	1	换了一次货后退了
1164	1	今天刚买，明天降价，不肯补差价
1165	1	office无法激活，看了教程也不行
1166	1	客服态度以及物品能更好就好了，
1167	1	刚用第二天都能黑屏速度也不快
1168	1	2号买的，双十二就降价200元，还不能退差价
1169	1	第十天的时候就开始卡，辣鸡
1170	1	外形外观：用了十几天莫名出现外观掉漆现象
1171	1	不怎么样没感觉那好还死贵
1172	1	一周不到，从5299降到了4999，我也是郁闷了，再也不再这上面那买了。
1173	1	屏幕效果：屏幕坏点，已售后
1174	1	十五天内不包换！！！
1175	1	退货拿到手质量不行
1176	1	不太满意的一次购物。⊙﹏⊙
1177	1	只能说真的一般
1178	1	屏幕效果：右边和下边有亮边
1179	1	你们的电脑漏电吗，我这个摸着麻手
1180	1	郁闷 这么多年第一次碰到这种劣质商品
1181	1	运行速度：好慢，还会卡顿
1182	1	屏幕效果：有点问题，谨慎购买
1183	1	买来半个月不到黑屏了，坏了，质量差。
1184	1	送了一个包，又叫我退回去，又说送，我一个到现在都没到货。
1185	1	刚买了一周竟然闪屏，字抖的看不清楚
1186	1	没有鼠标和手提袋
1187	1	40天后降价，没有价格保护
1188	1	什么回事？拿回来没用几次每次开机先蓝屏
1189	1	为什么office不能激活
1190	1	不开机，才买不到一个月
1191	1	11天到货京东最牛
1192	1	买完不到一星期降三百？你逗我呢
1193	1	价格倒是便宜，现在不满7天都已坏了，申请换货中。
1194	1	电脑黑屏，已经坏了，需要维修
1195	1	刚刚买回来几天，为什么老是会蓝屏
1196	1	刚买完就降价了400。呵呵呵。退差价时间太少
1197	1	物流很好，但是office根本激活不了，气死了
1198	1	左面风扇不好使，子啦子啦的
1199	1	外形外观：不推荐买15.6的，长方形比较丑！
1200	1	半个月已经蓝屏无数次了
1201	1	新机子开包装发现2处明显划痕，退货
1202	1	买了一个月就降了300元，不开心的一次购物体验。
1203	1	我要怎么确保收到的这台不是我换掉的
1204	1	运行速度：不好??刚买的偶尔卡
1205	1	运行速度：还行 屏幕效果：还行 散热性能：还行 外形外观：还行 轻薄程度：还行 其他特色：就是** office每次都不能正常进入
1206	1	买了两天就降价了 不懂
1207	1	刚买的电脑就一直卡，感觉不怎么好用
1208	1	刚买了两天就降价了，而且不支持价保
1209	1	一个月不到的时间，蓝屏五次了，不推荐购买
1210	1	购买不到一月，降价二百。。。
1211	1	才一个半月  降价三百块可还行？
1212	1	购买笔记本后无法开机了
1213	1	刚买的新机 各种死机  连不上网
1214	1	电脑收到损坏，找不到客服联络  我是海外买家
1215	1	二十天，啥也不说了，辣鸡
1216	1	卡机，还有买了没几天就降价了，联系客服没人管
1217	1	屏幕效果：看视频老卡顿
1218	1	其他特色：开不了机了，刚买第二天
1219	1	像旧的 刚买完就降价
1220	1	买了还没有一个月就降价了？
1221	1	电脑卡顿，而且比较厚，不满意
1222	1	电脑不错，但是刚买了就降价，然后客服超级差。
1223	1	头一次买，鼠标啥的都不带，
1224	1	什么配件都没有
1225	1	屏幕中间的坏点，强迫症受不了
1226	1	不好用，下载的软件闪退
1227	1	突然黑屏，关机以后不能开机了
1228	1	才买的电脑就无法开机了
1229	1	才买一个月就降价？
1230	1	刚刚到了几天的电脑 就开始黑屏
1231	1	电脑一回来就是花屏，看不清楚
1232	1	没有触控板开关快捷键
1233	1	昨天到的，体验感不咋地就算了，键盘还凹下去
1234	1	散热性能：差，电脑一直响，声音大
1235	1	服了服了，关机都关不了
1236	1	买了还不到一个月就降价了100元
1237	1	有问题联系不上人工，急人
1238	1	发了个开过箱的 大促就这么搞啊
1239	1	散热性能：使用一小时  左侧键盘上方发烫
1240	1	不好用，不喜欢不可以退。
1241	1	买完第二天就降价 还不给保价
1242	1	就电脑和电源线，电脑包和鼠标都没有。
1243	1	灵敏度低，用户体验感差级了
1244	1	一个多月，蓝牙就出问题了，机器无蓝牙了
1245	1	五千三的电脑，一千五的体验
1246	1	电脑反应慢，而且突然连关机都没反应，
1247	1	其他特色：office激活不了，就上头
1248	1	系统更新之后，卡得要死
1249	1	用了十几天其他都还好，就是慢慢开始卡顿了
1250	1	烦躁，触面板老是没反应
1251	1	office激活过一段时间不行了显示过期
1252	1	经常黑屏，需要强制关机！！！
1253	1	外形外观：键盘凸起来了不好不好
1254	1	换了一台有问题的给我
1255	1	买了降价300是什么鬼东西
1256	1	莫名其妙的出现蓝屏，卡顿。。
1257	1	风扇声大，智能模式下浏览网页与看视频只能用不到3小时
1258	1	机器换货后，依旧有大问题
1259	1	买了就降价，服了，大家别买了
1260	1	买了东西，开不了发票！害我账都报不了
1261	1	知道的还好，不知道的以为要起飞自曝呢！！！
1262	1	屏幕肉眼可见像素点。 最主要是买完一周降价200
1263	1	运输过程中，屏幕破损还不给退
1264	1	后悔买了&hellip;&hellip;联想&hellip;&hellip;我勒个去，最后一台联想机器了，BITCH!
1265	1	差5千多的电脑，显示屏是斜的
1266	1	我货都没收到，系统己还完成，我的电脑那里去了？
1267	1	可以换显卡吗
1268	1	刚买完就降价了200元，我还是plus会员。这算是杀熟么！
1269	1	运行速度非常好，但经常回蓝屏死机！
1270	1	使用中出现问题来问一下客服才发现这两百块钱降得可真快
1271	1	纯粹假冒伪劣产品。
1272	1	屏幕效果：屏幕炫光，眼晴不舒服。
1273	1	性能配置：一般刚刚用就蓝屏了
1274	1	我真想爆粗口，奶奶个熊一个月不到降了300多。
1275	1	死机，动不动就死机
1276	1	每天蓝屏1-2次，很惊喜，很揪心。
1277	1	霸王条款，店大欺客！
1278	1	新电脑键盘灯从来不亮，数字键失灵，差
1279	1	产品打开包装，后面的连接结构就发现是断的，影响心情???
1280	1	运行速度：不行
1281	1	刚买就降价200元
1282	1	来了就开不开机，电话客服一直占线，不知道怎么搞
1283	1	一个月几次强制重启，然后没有反应！要等好长时间才能开机
1284	1	一下午重启了不下5次
1285	1	一打开游戏就蓝屏    创建文件夹也会蓝屏
1286	1	几乎天天蓝屏死机，客服问了几次都没有解决问题！
1287	1	总是自动关机，新机器变成破机器，用着用着就自动关机
1288	1	人工联系不上，不给上门安装，正规品牌都是给上门安装调试的，这不是正规牌子吗？
1289	1	老是蓝屏
1290	1	上一台电脑回家几天就开不开机这一台又没几天你们家这电脑非要换一次硬盘吗
1291	1	肠子都悔青了，质量不是一点点哦差。买回来2周，漏液，居然说是我们的原因。
1292	1	多次出现蓝屏，多次****人工服务，目前，问题还没解决！
1293	1	蓝屏不断，想退货退不了店家说激活不能退，不激活我怎么知道电脑怎么样？蓝屏不断待机状态下还出现个蓝屏
1294	1	我被害惨了，明明写的七天无理由退货说我开机不能退货，七天无理由退货大红字说明，结果说我开机不能退货你写不能退货的字隐藏起来那么小字，实际上如果不是因为质量问题都不可以七天无理由退货，难道我买这个过来就是为了看看包装吗？
1295	1	包装极其不合理，键盘盒直接顶在屏幕上，开箱后屏幕有裂纹，退货开始扯皮
1296	1	win10无法激活。
1297	1	人在国外，买给父母用的电脑，预装的office 365，也没有一个激活教程，特地花100块钱购买了人工上门安装服务，也不知道怎么去激活，国际长途问我激活码在哪里。这个赠送的正版office和这个人工****相当于没有！交了智商税了。
1298	1	这个价格的，摄像头没有，麦克风也没有。连音响也是坏的。申请退货
1299	1	开机在进行下一步设置时死机两次，现在睡眠唤醒不了，按照自带的工具修复一个样。
1300	1	买来才一个月，开机后一会儿，后面的风扇就发出哗哗象下雨一样的响声，晕倒啊
1301	1	伤心的机器，总是蓝屏。换了两台，依然出现同样的问题。最后退货了
1302	1	买了才一个多星期，昨天调整屏幕角度直接花屏了，客服说属于着力点损坏不保修，意思是我捏坏的？得自费换屏?
1303	1	这是卸载了自带杀毒软件以后，什么软件都没装，内存存60%CPU不敢看
1304	1	细节问题一个电池也用不了多少钱，买电脑键盘鼠标电池都不配送的
1305	1	看着挺好看的，天天蓝屏，速度也很慢，很少评价，安装了软件之类的上去，浪费时间，准备退
1306	1	赠品没给，外观一般 运行还可以 买贵了 去实体店便宜好几百 。发票还得下载自己去打印彩色的 。费劲
1307	1	外形外观：一般 性能配置：一般 运行速度：特差 屏幕效果：一般 产品包装：较好 其他特色：无
1308	1	其他特色：满心欢喜开箱准备激活，发现屏幕是次品，液晶屏有明显的光斑，这品控不敢恭维。本来是急用，只能申请换货，浪费时间和感情
1309	1	用了30天，开始键点不开，电脑里面的照片也打不开，经常蓝屏，奉劝大家千万不能买，谁买谁上当
1310	1	不想说了，老是蓝屏。系统驱动都是官方最新版本，软件不是问题就是硬件
1311	1	一打开游戏就蓝屏  创建文件夹也会蓝屏  换了台机器也是这样  售后服务速度是很到位  但是没有解决实质性的问题
1312	1	售后不够完善，自动回复较多，简单问题复杂化，客服连简单的问题都没有解决的方法，送货师傅很好，时间也可以，就是售后解决简单问题太费劲了
1313	1	产品包装：很好，防护的很严实 性能配置：够用 运行速度：能接受 外形外观：可以 屏幕效果：都接受 其他特色：买回来一个月蓝屏n次
1314	1	外形外观：简洁 屏幕效果：屏幕一般，显示色彩还原度和细腻度不足 性能配置：多少钱得多少配置，这款显存再高点就好了 运行速度：配置摆着，又是新机器，当然还不错 产品本身还行，目前刚用，期望耐用些。客服给差评。618前几天咨询店铺客服，618当天有什么优惠？全程没有客服解答，全是机器人自动回答，不相干的回答几大段。然后拍下了，后面618价格降很多。我要没咨询嘛也就算了，问了没有人回应&hellip;&hellip;差价算了不计较，你想象去个店里买东西咨询没人理什么感觉？
1315	1	电脑外观不错，比较静音，速度快。但是有一个问题，使用了几个月，多次出现蓝屏死机，已经邮件联系联想客服，还没有得到答复。
1316	1	大家注意了！！ 这货没有自带摄像头也没有麦克风，都必须外接！！借机疫情宣传什么 网课 字样，其实并不合适。我是开机激活以后才发现的，之前没注意，激活以后无法退货。。切记。。
1317	1	其他特色：没送体脂肪秤，差评
1318	1	一直也没人搭理，买的电脑卡的要命！！！！！
1319	1	垃圾/下个应用1个多小时，售后服务超级差
1320	1	性能配置：服务太差了，要求退货
1321	1	买了几天就降价几百，无语?
1322	1	给我发了个便宜货蒙我。给我发的这个京东最贵五千。
1323	1	售后极其恶劣，已准备起诉维权。
1324	1	经常死机。我就不多说了，垃圾
1325	1	无线鼠标和无线键盘连不上？？差评
1326	1	一台i5的电脑想不透为什么这么卡，激活过又不在七天无理由退换里面，唯有自己啃了
1327	1	经常蓝屏，今晚还直接死机了！明天又得拿去修！！
1328	1	运行速度挺慢的。最重要的是还自动关机。我的天才买了几天啊？
1329	1	垃圾机器，千万别买。
1330	1	差评，刚买回来就反复蓝屏重启，客服也没人管
1331	1	屏幕不亮，影响联想的品牌效应，实在太差，客户体验为零
1332	1	经常蓝屏，无语了..
1333	1	收货第二天就死机黑屏，这是京东购物最差劲一次，花那么多钱买个坏的，还不给换，让去售后维修，建议大家谨慎购买
1334	1	下载项目管理软件太慢，联想客服没办法远程连接解决。我愿意控制自己的情绪客观评价，客观上给一个差评！
1335	1	打开电脑用了三次蓝屏一次换了一次。客服态度极差。联系多次不处理。
1336	1	买了第一天就蓝屏，找不到客服，一直自动回复，差评
1337	1	本来很开心的，但是现在如图，晚上八点过到现在十一点半不到，已经三次蓝屏了，哎！
1338	1	我高度怀疑自己买到了返修机，不是新的，非常失望，考虑要不要退货
1339	1	这个电脑一天蓝屏几次，才买10多天，要售后还要用包装包好才拿回来维修，大家不要买这个产品。垃圾货
1340	1	一个星期不到就降价200元，京东不可信，价格太乱。以后都不会在这上面买东西了
1341	1	破电脑，很卡，配置低，建议大家谨慎购买
1342	1	开机还没有运行任何软件   风扇声音太大，垃圾。
1343	1	原电脑的无线鼠标接收器没有到，二次人工客服沟通都没有解决，人工服务不到位
1344	1	开始页面标价2-2-9-9Y，促销信息为2-0-9-9Y。原价下单，准申请价格保护，结果活动取消了，这是搞得什么鬼，一点诚信都没有，客服都是机械人，这还大品牌呢，C
1345	1	外形外观：塑料感太强后面的固定架刚拆开，轻轻一动拔出一些来了。退换货太麻烦，&hellip;质量不敢恭维
1346	1	客服差评，找在线客服，客服不回复，打电话又说帮我转接到联想，联想又提示打另外的电话，打过去又让我在链接上找客服，结果联想客服又让我找京东客服，真是火大，花钱竟然得不到问题的解决
1347	1	真的挺卡的，连笔记本的反应都不如，做个Excel表格都卡，醉了。别指望它做其他东西了
1348	1	不好用，支架太高了，用得累！ 买了一周，电脑自己关机重起了三次
1349	1	无线鼠标和键盘一直无法匹配连接，厂家售后电话前后打了5次，三个星期了也没有解决，也不说明原因！
1350	1	与32脚软件不能兼容
1351	1	无法按照显示时间送达 打乱计划
1352	1	第一次评论，售后服务给零分。
1353	1	新电脑装个软件居然死机了两次
1354	1	反应慢的要死
1355	1	京东完蛋玩意儿，下单就降价，
1356	1	刚买的电脑，都开不了机，只能退货了
1357	1	性能配置：集成显卡   显示效果不佳
1358	1	超级难用，非常卡。
1359	1	挺一般的 总死机 速度慢
1360	1	不好   刚买几天就掉价了
1361	1	开机要5、6分钟，真后悔买，还没之前的快
1362	1	显示屏固定不稳，摇摇晃晃的， 少配一根连接线
1363	1	现在买东西那个不上门弄好呀京东这么大网购没这个服务跟不上形势
1364	1	不会吧？！今天刚收到，刚组装好就卡机？！
1365	1	显示器电源指示灯亮到刺眼，而且不能调节
1366	1	开机半个小时。
1367	1	唉～
1368	1	新机子显示屏电源线就是坏的，体验极差。
1369	1	屡次开机加载后黑屏，断电重启后才正常
1370	1	性能配置：好
1371	1	电脑不怎么样，CAD都卡，需要买的慎重
1372	1	辣鸡
1373	1	今天收到货，无法正常开机，联系售后居然说要收费维修。
1374	1	没鼠标垫啊
1375	1	购机发票没有随机发货，之后也一直没有补发！显得多么不正规啊！
1376	1	售后服务差，
1377	1	感觉开机速度没那么快，运行的时候有时会死机，还输过以前买的神舟。
1378	1	发票丢失了
1379	1	同样配置，hp才2799，3099，还是要了100差价的情况下，贵了3～4百！
1380	1	还不到一周就无法启动了，系统也无法恢复
1381	1	新机器，不识别键盘，找不到售后服务电话，已经申请退货了，糟心
1382	1	office一直是没办法激活，也没有具体的解决办法。没人理的
1383	1	售后服务差，快递服务更差，暴力扔快递，让他送到楼上，还骂人挂电话
1384	1	买到现在我还没用一次呢 18号特价2799！瞬间亏300啊。
1385	1	后悔！后悔！不该买这样的，买笔记本就好了，没那么多事了
1386	1	拍的时候，显示有货且是211送达，结果2天了，还没有送完，还差一个显示器
1387	1	才几天，每次开机都要开两次，联系客服，都不在线。
1388	1	京东自营非常好，电脑还行吧，就内存比标500G少了35G左右，只有465G.
1389	1	没有@说明书，怎么操作哎！客服不管@。@office2016变成office365版本我手足无措。联想客服专家指导操作也改不了，无可奈何的郁闷退货。
1390	1	没多久就坏了，售后电话需要打好久才能通，说好的****有没有，还要送修，也不知道要不要费用。
1391	1	机器不错，一星是给京东的。开专票开不出来，让他改开普票还不行。客服专业知识也不过关普票专票都不不知道。
1392	1	十几天才发货，plus会员服务差，最后打电话投诉，当天晚上就配送了。jd这是想上315了吗？
1393	1	主机不错，声音很小是亮点，但刚用4天就出现死机现象，什么鬼？
1394	1	性能配置：卡卡西，一会儿就没得网了，必须重启之后才有网，建议慎重。。。
1395	1	啥情况，硬盘不是512G吗，怎么变成400G了，c盘总大小99G 数据盘总大小 312G，剩余的硬盘去哪了？
1396	1	碰到好几个奇怪的几个问题： 1，电脑屏幕亮度每次开机就自动回到原来的亮度 2，Wifi总是掉线
1397	1	联想不行了，手机做不好，电脑也越来越差。没用几天就出现死机
1398	1	不怎样，卡卡卡卡，以后还是不买了，这次买了就算了，马马虎虎用了。
1399	1	售后服务：买一台电脑，鼠标有问题，联系客服说要我申请售后，叫售后上门过来看。只是鼠标的右键按下去弹不上来。使用不到三天。
1400	1	主机声音大，吵的受不了，换了一次货，情况没有任何改变，看来是该款电脑固有的特点
1401	1	性能配置：奶奶的键盘没反应，折腾一晚上也解决不了，出厂不检测么？让买家买回来自己折腾么？耽误老子多长时间
1402	1	只办公，还是会卡，屏幕已经出问题了，在家办公，退换还影响工作，客服就只会车轱辘话，寄回去在换货十多天，没法换货。
1403	1	性能配置：很难想象这是2020年的电脑，虽然是便宜货，但是性能比我2014年4000多买的笔记本还要差，运行Excel时总是不明原因卡死，让人难以接受
1404	1	买回这个电脑很多天了，今天才用上，拆开后感觉这是台反修机，封条被动过，不过机台是好的，能够正常运行，以后请大家要特别留意一下，我是太相信京东了。
1405	1	遇到了激活的问题，有问题难解决 。等了差不多一天好没有人联系，索然是特殊时期，但是电话总该可以先联系一下吧。
1406	1	缺少图六显示连接主机和电脑的线，装箱清单上只显示有主机和显示屏的电源线，咨询客服告诉我装箱清单上没有的就是没有，所以我买了主机和显示屏之后还要自己去配线？
1407	1	机箱外观：一般 性能配置：够用 散热性能：还没用不知道 其他特色：买之前问客服是不是ips屏幕，客服说是～拿到手后确是led！ 自己打自己脸
1408	1	公司一直用这个牌子，准备换其他台式机了，性能不稳定，有几台买回来用了几天就死机了。平均的用了半年死机要重装系统。我也不是故意抹黑，就是容易死机要重装系统 性能配置：容易发生故障
1409	1	机箱外观：就是看到主机外观好看， 性能配置：买来就是让小孩学习用的，不开机还能听到电流声，待机还有滋滋的声音有时卡到动不了
1410	1	4000元的电脑 用了不到一个月，键盘的ESC键已经坏了，按下自己不弹出，我不知道该说什么了，联想应该是国产名牌啊，怎么会这样啊，真是自找的麻烦！
1411	1	新机都卡，才运行两个软件就居然卡机，没反应。觉得不咋的。还不如我用了几年的笔记本。
1412	1	以后不会在京东购物，太恶心
1413	1	售后服务：失望 其他特色：碰运气
1414	1	绝对失望，买后7天降199元，关住稍迟了点，不开心
1415	1	售后服务：售后服务太差劲了
1416	1	差评！昨天买的电脑又把发票开错了！！！！
1417	1	京东商城是**
1418	1	发票开的太慢了
1419	1	差评差评差评  开不了机  又慢
1420	1	卡得很，软件都没装就很卡
1421	1	刚买就降低两百，**呀！三零玖玖
1422	1	超慢超慢的发货速度，问客服调货，一天一个说法
1423	1	差评，系统慢的不得了，开机都几分钟
1424	1	体验非常差，不值这个价！
1425	1	京东自营玩的就是套路，差评。
1426	1	很卡，欺诈消费，电脑换了原装的配件，真的是&
1427	1	各种卡，真不敢相信是联想电脑
1428	1	垃圾，刚买过来开机都得五六分钟！！！分分钟想砸了！！！
1429	1	太卡，联系不到售后
1430	1	售后服务：收到两天就蓝屏出问题，换货太慢，一星期过去了
1431	1	全1星，以后再也不会在京东买东西了。售前售后服务根本就是垃圾。
1432	1	差评
1433	1	很差，散热极差谨慎购买
1434	1	都是骗人的，售后服务太差，买前一个样，买后一个样
1435	1	好好看看客服的态度吧 两台机器一样配置不一样价格一问客服直接不说话
1436	1	下单之前显示有货，下单以后就显示没货了，差评
1437	1	内置软件太多，占用内存，屏幕色差太差
1438	1	这么大的一个京东换货多不行，到实体店买的话没有用过都可以退换，客服态度也很差
1439	1	卖家服务很差
1440	1	草，没用几天硬盘就坏了。
1441	1	经常死机重启无效
1442	1	买了给长辈用的，说速度比较慢。
1443	1	用了一个月，电源就坏了！
1444	1	低配电脑 改装机器
1445	1	发票拖了半个月都没有开，找了多次客服也没有给结果
1446	1	买来三天死机两回！
1447	1	运行速度：差 外形外观：差
1448	1	买了两个 卖家一个发的是新款 一个发的是老款，等了好久才换货
1449	1	屏幕像数差，网购真信不过
1450	1	电脑在网页上看视频有卡顿。
1451	1	拿回来开两下机，系统就坏了
1452	1	发票近两个月都开不出，服务不行，什么都白搭。
1453	1	主板出问题！换了也是一样
1454	1	真的差，连电脑都开不了，别买
1455	1	这一分给客服的  电脑不错
1456	1	畅玩吃鸡？穿越火线都卡！
1457	1	配件不全，主机和显示器无连接线
1458	1	不可用电脑，送过来就烂了
1459	1	客服态度差，物流差，联系客服一个小问题都要反馈两三天
1460	1	不理想
1461	1	闹心，2台机子也是不停的死机，现在退回返修中，希望不会拉回折腾。
1462	1	键盘是坏的，试了好几个电脑都不行。。
1463	1	除了说  菜的抠脚   还能说什么，
1464	1	啥东西，上网两次就开不开机了
1465	1	运行速度：卡，真卡
1466	1	这种服务态度再也不会来这家店买电脑了。
1467	1	卡机使用效果一般
1468	1	主机箱有漏电现象，其他还在使用中
1469	1	机子一般，鼠标是坏的
1470	1	一颗星不能评论？
1471	1	键盘键都掉了 运行也不快
1472	1	商品质量严重不行外观漂亮中看不中用，寄过来就是坏的
1473	1	买来第二天就用不了了！
1474	1	烂东西，盗版系统，网络都用不了，真的醉了，
1475	1	卡的半死，撸啊撸带不动，CPU小了
1476	1	这主机，内存小，英雄联盟都安装不上
1477	1	显卡直接不给！而且系统还没安
1478	1	开始还不错 后面连英雄联盟都有点卡了
1479	1	主机漏电！自动关机！
1480	1	显示器也是不行，自动会动的。
1481	1	还没用两个月，就没显示了，在网上买的东西就是没保障
1482	1	这就是服务态度，见到了把
1483	1	这电脑   卡的要死
1484	1	用了两天，系统就坏了
1485	1	不要买都是刷的，品牌型号都没有，当小白了
1486	1	用了一个月，开不了机
1487	1	渣，卡，死机。
1488	1	一分都不想给
1489	1	运行速度：不到一个月就卡硼溃了
1490	1	不要上当了
1491	1	不是很满意
1492	1	感觉不值这个价，性能不好，玩英雄联盟卡卡的，
1493	1	货不对版，240固态硬盘，收到货变成120。。。。差劲
1494	1	都没有配齐，怎么体验
1495	1	显卡居然是12年的，服
1496	1	游戏效果：还写着可以玩lol卡的要死。
1497	1	不好不好不好。。
1498	1	一分钱一货，没用几天就开不了机，自己花了20元寄回去修
1499	1	舍不得送东西就不要搞促销，半夜零点开抢耍消费者玩，以为消费者都舍不得出快递费退货。
1500	1	0分
1501	1	卡的很
1502	1	感觉一般般
1503	1	好卡的
1504	1	***20块钱。所以邚评
1505	1	不太满意，2条4g内存条1条有问题，开不了机，
1506	1	经常蓝屏，没有测试好就发货了
1507	1	显卡根本就没啥用！新的就接触不好
1508	1	它妈的，Y货，卡了不得了
1509	1	配了个乐色鼠标，电脑卡的要死，鼠标用了不到几天久出现问题了，打开网页又慢。
1510	1	一点都：不好
1511	1	用了一段时间，确实的不怎么样。一般的东西都不能正常使用。最后还要重装系统
1512	1	给公司购买的，一收到货就开不了机，联系在线客服才知道是主板坏了，后来又折腾来回寄换之类的，还是觉得电脑主机质量不好，以后不会买这家店的了。。
1513	1	老古董
1514	1	机子很慢，没有吹牛的 那么好！经常坏，就是靠的京东配送这个卖点
1515	1	配置一般般，而且没有sd接口，客服人员的回复是我没有申请，所以给我发这种电脑
1516	1	前面一段时间还可以，没过多久主机的声音很大声，开机时也迟钝了！
1517	1	来了之后  看了买家说明  说前两天可能会卡    用了2天之后   终于让我知道了什么叫卡
1518	1	买来显卡就是坏的，又叫寄到广州去，折腾死了，到现在还没用上
1519	1	CPU经检测2006年的，硬盘运行60000多小时
1520	1	一千六的货，配置的东西跟说的不同吧
1521	1	电脑没有声音，前后插都没有声音，找客服就叫我**q开远程帮我搞，qq加几次了他都不通过！自己买个外置声卡算了！
1522	1	刚买回来  开关机 就有问题 虽然客服给换但是，感觉还是不爽，证明出厂时没检测到位。
1523	1	这玩意我同学让买的，便宜没好货真的，虽然可以用  不过天天有问题。
1524	1	这主机不咋样！用不到一个月主板就坏了，开不了机
1525	1	上当了，i5级，文字游戏！
1526	1	买了十台电脑  2台开不开机  愣是拖了20天   京东好样的  还是京东自用
1527	1	公司买的电脑，买了两台，有一台有问题，找了售后，寄了风扇才弄好，找了专门修电脑的上门来弄的，还花了100块钱维修上门费！
1528	1	送货很快，深圳的顺丰第二天就到了。但是图像是VGA，VGA，VGA，而且没有图像线，我只能尴尬了。
1529	1	主机收的，开机运行卡，用不到一个小时发热量大，开机箱看才发现有部分配件是二次鄱新件。请广大消费都都看好了。
1530	1	4000多元电脑经常性蓝屏，问客服只会说拔掉内存条重新插上，拔掉一次还可以，经常蓝屏我就要经常拔掉内存条?用起感觉就像二手电脑一样，新电脑一般都是测试好才发客户手上的? 其他特色：电脑蓝屏
1531	1	机箱松动 屏幕画质不清楚 时而卡顿  客服态度让人也不满意  我自己又重新做的系统 换的风扇
1532	1	屏幕下面的三脚架螺丝根本安装不上去，联系客服答应补发，结果也没有结果了，懒得问了，跑分也比图片低了很多，说是软件版本不一样，反正真的是坑！
1533	1	机器太差了，第一次主机耳麦插孔是坏的，玩游戏会卡死，然后协商换机器，保证不会出问题，第二次，还是打游戏蓝屏卡死。来来回回，换了两次机器，耽误了一个月的时间，现在换的第二次货刚收到，看看还会不会有什么奇葩问题，出货感觉都不测试的！！！
1534	1	这电脑打模拟器手游非常卡，不停的死机，找售后基本不回，得找售前转催才偶尔回下，散热差，得把机箱打开，买的后悔死了！这大个东西，疫情期间又不好联系快递退，真是，自认倒霉！
1535	1	使用不到一周，显卡坏了，寄回去，换了新显卡还是不行，再换新机器，结果等了两周换来个机器也是坏的，还少电源线，奉劝大家一句还是不要花钱买这气受。一星都不想给！换别家吧！买了这家的电脑你要自己当修理工搬运工太棒了！自己产品质量问题不承认，还要怪快递不好真是绝了。
1536	1	电脑主机系统没做，我自己找人做了系统，然后内存条不兼容，退换货三天不给发货，真**秀。
1537	1	三四千的东西，玩个LOL低画质都卡的没法玩，这么明目张胆的骗人还有王法吗？
1538	1	买了没几天就出这个什么意思呢?
1539	1	插上电源开不了机
1540	1	打游戏打着打着就黑屏了。
1541	1	服了，一把游戏闪退好几遍
1542	1	散热比较差玩一局游戏下来会烫手
1543	1	惠普笔记本连电脑包都没配，
1544	1	买回来之后，客服就不管了
1545	1	键盘数字键不能用
1546	1	买完立马降五百什么意思！
1547	1	网络连接不稳定打游戏总掉线，风扇声贼大
1548	1	这个无线网卡是什么啊，一直波动
1549	1	游戏效果：开不了机
1550	1	花了那么多钱，这包转，呵呵
1551	1	不行别买了，买其他牌子的合算点
1552	1	两天就开不开机了，千万别买了
1553	1	刚买回来就卡住了
1554	1	东西很好 就是买完过了7天就降了300块
1555	1	开机键到充电口那有漏电现象
1556	1	刚买完几天就降价300，5299入手，现在4999几个意思
1557	1	上午刚到下午就这样了还要强制重启才行
1558	1	玩游戏会出现闪屏
1559	1	才四天就降了两百块钱，
1560	1	屏幕盖上右侧有缝隙，屏幕出现很多点.
1561	1	刚刚买来第一天卡死机
1562	1	惠普商品没售后的
1563	1	新机10天，各种蓝屏，无反应。
1564	1	满电用不了半小时
1565	1	也没啥，就是除了电脑啥都没有
1566	1	体验一般。做设计不建议买
1567	1	电脑多次出现蓝屏，和系统崩溃！
1568	1	笔记本无法充电
1569	1	刚买一天就有点卡  什么电脑
1570	1	玩不了英雄联盟
1571	1	第一天就开不了机了?这么倒霉？
1572	1	小键盘为啥不好使
1573	1	才买就降价，呵呵
1574	1	买了，追加发票都不开。服务差极了
1575	1	跑分并没有三千多   就26000  唉
1576	1	屏幕賊糊，不知道什么东西 画面品质：糊
1577	1	外观质量有问题，没人管，没人回复
1578	1	没买多久就降了300，我这心态
1579	1	刚买10天就降700块？这**是人干的事？
1580	1	为什么充电这么慢？九个小时才到76％？
1581	1	鼠标没有，键盘没有，包包也没有。。。
1582	1	京东客服服务态度差，办事效率低
1583	1	假电脑，天天死机
1584	1	Cf手游都打不了 ， 一直卡着
1585	1	不知道为什么好多次这样了
1586	1	包装保护：等三天等到一个这，真好
1587	1	收到的时候键盘上4和5的区域就鼓起来了
1588	1	鼠标也没有，过分点了吧
1589	1	关机开不了，客服打不通。
1590	1	外形外观：0 运行速度：0 游戏效果：0 画面品质：0 跑分评测：0
1591	1	送给客服
1592	1	这散热我是真的服，键盘烫手，铁板熊掌普名不虚传
1593	1	开机键附近有轻微划痕，触摸板下方的左键失灵！
1594	1	电脑蓝屏死机
1595	1	开玩笑？裸机？
1596	1	才刚买两天，为什么开机就这样？
1597	1	降价是快呀买了没一个月降500
1598	1	买了后咨询无服务
1599	1	包装保护：妈的，换机，又给老子一个二手机，京东要疯啊
1600	1	玩一个gta5 上去30分钟就这样
1601	1	装的系统有问题，任务栏经常没反应
1602	1	刚买回来，lol下了一把棋就烫的要死
1603	1	买了不到1个月，每次开机不到2分种自动蓝屏
1604	1	一般，比较慢，画质不太好看
1605	1	打开就是坏的，正在退货中。
1606	1	拿到手就发现电脑是坏的。屏幕不显示。已申请换货
1607	1	开机后一直停留在这个画面，客服也不管
1608	1	电脑一发过来就有连键的问题。
1609	1	电脑用了几天就显示密码错误无法加入界面
1610	1	刚买20天，就出现这问题，醉了
1611	1	物流很棒！客服极差！产品还可以。一星给客服
1612	1	刚买完就便宜4呗
1613	1	买了不到2个月，风扇坏一个
1614	1	激活了才发现还有静电我服了
1615	1	没有任何赠送物品 客服态度也不怎么样
1616	1	4999买的。618降低4399。不给补差价什么东西
1617	1	有一排键盘都用不了，敲击了没反映的
1618	1	为什么才买来重启网络图标就不在了？怎么找回来
1619	1	头一次看买笔记本不给包的，厉害
1620	1	更新后屏幕一闪一闪的，才买半个月左右
1621	1	刚过了7天就开不了机了
1622	1	质量问题换了，换了还是别人动过的，不开心，
1623	1	外包装破损，有杂音，应该是别人退过的又给我了
1624	1	别买 显卡一个月就出问题了
1625	1	小键盘打不开 打不开打不开
1626	1	第一次用就蓝屏，游戏打不开
1627	1	屏幕小内寸小跟供图完全不一样，建议大家注意
1628	1	为何开不了发票
1629	1	说赠鼠标结果没赠，就有问题，误导消费者
1630	1	充电时使用能感觉到电流？正常吗？
1631	1	买完就降价，4099降到3949?
1632	1	才多久呢，降价200，拜拜了华为。
1633	1	第一次在京东买电脑，客服服务差
1634	1	螃蟹网卡真想问候你全家
1635	1	什么都没有赠送
1636	1	价格一天一变。买来10天降了300！！！
1637	1	一个星期指纹就用不了了
1638	1	京东估计挺不过去了。发票两三个月都没寄出来。
1639	1	买错版本不支持换货的哈
1640	1	我买了鼠标，但是没有发货给我，客服也没有帮我解决
1641	1	东西是蛮好的，为什么一收到又降价了。?
1642	1	买个电脑居然鼠标都没有，
1643	1	为什么买的时候有赠送背包，收到货没有电脑包？
1644	1	呵呵，还是买其他的吧，答应的赠品都没有。
1645	1	电脑连基本鼠标都没有配置
1646	1	不建议购买，差得一塌糊涂
1647	1	连一个背包都不送
1648	1	换货两次，电脑都是出的同一问题，呵呵
1649	1	居然差充电插头数据线等基本配套设备
1650	1	刚买完就降价   明天后天 还会降
1651	1	建议去实体店，可能还便宜，啥都没有。
1652	1	赠品不发，询问客服说没有，宣传页面明明有
1653	1	开始还以为有鼠标和双肩包送的。结果啥都没得送
1654	1	商品连鼠标都不配送的&hellip;&hellip;
1655	1	东西是收到了，买的附加产品给坑了一把
1656	1	买了第二天开不了机
1657	1	一颗星给快递小哥，辛苦他了。其他，呵呵
1658	1	其他特色：什么都没有送，包装还差
1659	1	电脑包没有就算了，鼠标也没有。
1660	1	配置鼠标都没有
1661	1	新货到手开不了机
1662	1	没有一点赠品。连电脑包也没有
1663	1	运行速度：真的快热
1664	1	其他特色：特色就是降价特色的快，买了二十二天就降价300。问保价客服说只保7天。我也是服了。
1665	1	没有充电器？这怎么使用？开机都开不了
1666	1	不好用，没用几天就卡了
1667	1	说好送的双肩包没有送，还有买了以后售后就不理人。
1668	1	**辣鸡电脑，*
1669	1	买回来第二天就白屏？死机？
1670	1	新机子都没法开机，让人难以置信
1671	1	系统下不了东西，还要从新做系统、
1672	1	千万不要买，买了没法退货，坑！
1673	1	说明书上的服务电话打了无数次都打不进去。 屏幕效果：差，
1674	1	刚拆开就有划痕，质量不行
1675	1	买了半个月不到！卡的要死
1676	1	不为什么？收到货不到一周，价格就降价一百！
1677	1	系统无法正常使用，购买时提示不够
1678	1	其他特色：降价特别频繁，刚拿到手还没捂热 ，就又要降价，我能怎么说？
1679	1	包装不好到的时候包装打开了 送的东西都没有 连责任都没有
1680	1	四五千块钱连手提包都没有吗，我的鼠标呢！客服呢！竟然没有任何回复！
1681	1	除了电脑和连接线啥都没有。连个电脑包都没有！！！
1682	1	运行速度：一般般，啥都没安装鼠标就死机
1683	1	为什么一买就降价了？
1684	1	说赠送双肩包 买的时候没说  到的时候没到货
1685	1	外形外观：已经磨损了
1686	1	2/8买的，没任何优惠 2/10就优惠100，还送包包 也不补发。
1687	1	包装盒丢了，无法退货。
1688	1	刚买两天 就有异响 只装了几个聊天软件
1689	1	用了不到一个月，充电器冲不上电了。华为就这质量？
1690	1	买回来一个月就发热死机，唉不是为了工作谁愿意这么搞啊
1691	1	店家说话不算话，说了送电脑包加鼠标，结果啥都没有
1692	1	使用不到一月，声卡故障
1693	1	耗电快，画质差，没玩一会就烫
1694	1	辣鸡，再也不想买华为了
1695	1	对华为的产品很喜欢，但是对客服的服务真的无语了
1696	1	开个增值税专用发票，联系客服一周了，就是开不出来，客服都是**吗？
1697	1	刚收到货就变这样了 挺无语的 屏幕效果：屏幕清晰度也不是很好
1698	1	买个电脑鼠标也没有，耳机也不带
1699	1	电脑包都没有的 我该怎么装出门 鼠标也没有 坑
1700	1	缺少充电器，居然不能补发，还要整体换浪费时间！
1701	1	刚用十天左右 就开始闪屏 不推荐
1702	1	买之前有活动赠蓝牙鼠标，问客服也不正面回答我，买完了就光一电脑
1703	1	收到货物与平台展示不同，电脑有被使用过的痕迹
1704	1	有问题了，但售后不怎么给力。建议小伙伴还是去商场购买
1705	1	买到后，激活office接连出现故障，而且微软客服态度不好
1706	1	开不了机，什么情况？
1707	1	都说京东的服务好，也不尽然嘛
1708	1	外形外观：还可以吧，小巧玲珑！ 运行速度：感觉一般般一般般
1709	1	卡死
1710	1	辣鸡客服
1711	1	刚用就卡一起，界面图标点击没反应，我笑了
1712	1	失望
1713	1	电脑到了好多天了，到现在u盘都没到，电脑都用不了，
1714	1	一般般吧
1715	1	不知道为什么，office激活不了，还得自己买，说好的是免费使用的。
1716	1	卡，电池不耐用
1717	1	买了台什么破电脑还要买激活码。
1718	1	与32脚软件不能兼容
1719	1	无法按照显示时间送达 打乱计划
1720	1	第一次评论，售后服务给零分。
1721	1	新电脑装个软件居然死机了两次
1722	1	反应慢的要死
1723	1	京东完蛋玩意儿，下单就降价，
1724	1	刚买的电脑，都开不了机，只能退货了
1725	1	性能配置：集成显卡   显示效果不佳
1726	1	超级难用，非常卡。
1727	1	挺一般的 总死机 速度慢
1728	1	不好   刚买几天就掉价了
1729	1	开机要5、6分钟，真后悔买，还没之前的快
1730	1	显示屏固定不稳，摇摇晃晃的， 少配一根连接线
1731	1	现在买东西那个不上门弄好呀京东这么大网购没这个服务跟不上形势
1732	1	不会吧？！今天刚收到，刚组装好就卡机？！
1733	1	显示器电源指示灯亮到刺眼，而且不能调节
1734	1	开机半个小时。
1735	1	唉～
1736	1	新机子显示屏电源线就是坏的，体验极差。
1737	1	屡次开机加载后黑屏，断电重启后才正常
1738	1	性能配置：好
1739	1	电脑不怎么样，CAD都卡，需要买的慎重
1740	1	辣鸡
1741	1	今天收到货，无法正常开机，联系售后居然说要收费维修。
1742	1	没鼠标垫啊
1743	1	购机发票没有随机发货，之后也一直没有补发！显得多么不正规啊！
1744	1	售后服务差，
1745	1	感觉开机速度没那么快，运行的时候有时会死机，还输过以前买的神舟。
1746	1	发票丢失了
1747	1	同样配置，hp才2799，3099，还是要了100差价的情况下，贵了3～4百！
1748	1	还不到一周就无法启动了，系统也无法恢复
1749	1	新机器，不识别键盘，找不到售后服务电话，已经申请退货了，糟心
1750	1	office一直是没办法激活，也没有具体的解决办法。没人理的
1751	1	售后服务差，快递服务更差，暴力扔快递，让他送到楼上，还骂人挂电话
1752	1	买到现在我还没用一次呢 18号特价2799！瞬间亏300啊。
1753	1	后悔！后悔！不该买这样的，买笔记本就好了，没那么多事了
1754	1	拍的时候，显示有货且是211送达，结果2天了，还没有送完，还差一个显示器
1755	1	才几天，每次开机都要开两次，联系客服，都不在线。
1756	1	京东自营非常好，电脑还行吧，就内存比标500G少了35G左右，只有465G.
1757	1	没有@说明书，怎么操作哎！客服不管@。@office2016变成office365版本我手足无措。联想客服专家指导操作也改不了，无可奈何的郁闷退货。
1758	1	没多久就坏了，售后电话需要打好久才能通，说好的****有没有，还要送修，也不知道要不要费用。
1759	1	机器不错，一星是给京东的。开专票开不出来，让他改开普票还不行。客服专业知识也不过关普票专票都不不知道。
1760	1	十几天才发货，plus会员服务差，最后打电话投诉，当天晚上就配送了。jd这是想上315了吗？
1761	1	主机不错，声音很小是亮点，但刚用4天就出现死机现象，什么鬼？
1762	1	性能配置：卡卡西，一会儿就没得网了，必须重启之后才有网，建议慎重。。。
1763	1	啥情况，硬盘不是512G吗，怎么变成400G了，c盘总大小99G 数据盘总大小 312G，剩余的硬盘去哪了？
1764	1	碰到好几个奇怪的几个问题： 1，电脑屏幕亮度每次开机就自动回到原来的亮度 2，Wifi总是掉线
1765	1	联想不行了，手机做不好，电脑也越来越差。没用几天就出现死机
1766	1	不怎样，卡卡卡卡，以后还是不买了，这次买了就算了，马马虎虎用了。
1767	1	售后服务：买一台电脑，鼠标有问题，联系客服说要我申请售后，叫售后上门过来看。只是鼠标的右键按下去弹不上来。使用不到三天。
1768	1	主机声音大，吵的受不了，换了一次货，情况没有任何改变，看来是该款电脑固有的特点
1769	1	性能配置：奶奶的键盘没反应，折腾一晚上也解决不了，出厂不检测么？让买家买回来自己折腾么？耽误老子多长时间
1770	1	只办公，还是会卡，屏幕已经出问题了，在家办公，退换还影响工作，客服就只会车轱辘话，寄回去在换货十多天，没法换货。
1771	1	性能配置：很难想象这是2020年的电脑，虽然是便宜货，但是性能比我2014年4000多买的笔记本还要差，运行Excel时总是不明原因卡死，让人难以接受
1772	1	买回这个电脑很多天了，今天才用上，拆开后感觉这是台反修机，封条被动过，不过机台是好的，能够正常运行，以后请大家要特别留意一下，我是太相信京东了。
1773	1	遇到了激活的问题，有问题难解决 。等了差不多一天好没有人联系，索然是特殊时期，但是电话总该可以先联系一下吧。
1774	1	缺少图六显示连接主机和电脑的线，装箱清单上只显示有主机和显示屏的电源线，咨询客服告诉我装箱清单上没有的就是没有，所以我买了主机和显示屏之后还要自己去配线？
1775	1	机箱外观：一般 性能配置：够用 散热性能：还没用不知道 其他特色：买之前问客服是不是ips屏幕，客服说是～拿到手后确是led！ 自己打自己脸
1776	1	公司一直用这个牌子，准备换其他台式机了，性能不稳定，有几台买回来用了几天就死机了。平均的用了半年死机要重装系统。我也不是故意抹黑，就是容易死机要重装系统 性能配置：容易发生故障
1777	1	机箱外观：就是看到主机外观好看， 性能配置：买来就是让小孩学习用的，不开机还能听到电流声，待机还有滋滋的声音有时卡到动不了
1778	1	4000元的电脑 用了不到一个月，键盘的ESC键已经坏了，按下自己不弹出，我不知道该说什么了，联想应该是国产名牌啊，怎么会这样啊，真是自找的麻烦！
1779	1	新机都卡，才运行两个软件就居然卡机，没反应。觉得不咋的。还不如我用了几年的笔记本。
1780	1	以后不会在京东购物，太恶心
1781	1	售后服务：失望 其他特色：碰运气
1782	1	绝对失望，买后7天降199元，关住稍迟了点，不开心
1783	1	售后服务：售后服务太差劲了
1784	1	差评！昨天买的电脑又把发票开错了！！！！
1785	1	京东商城是**
1786	1	发票开的太慢了
1787	1	差评差评差评  开不了机  又慢
1788	1	卡得很，软件都没装就很卡
1789	1	刚买就降低两百，**呀！三零玖玖
1790	1	超慢超慢的发货速度，问客服调货，一天一个说法
1791	1	差评，系统慢的不得了，开机都几分钟
1792	1	体验非常差，不值这个价！
1793	1	京东自营玩的就是套路，差评。
1794	1	很卡，欺诈消费，电脑换了原装的配件，真的是&
1795	1	各种卡，真不敢相信是联想电脑
1796	1	垃圾，刚买过来开机都得五六分钟！！！分分钟想砸了！！！
1797	1	太卡，联系不到售后
1798	1	售后服务：收到两天就蓝屏出问题，换货太慢，一星期过去了
1799	1	全1星，以后再也不会在京东买东西了。售前售后服务根本就是垃圾。
1800	1	差评
1801	1	很差，散热极差谨慎购买
1802	1	都是骗人的，售后服务太差，买前一个样，买后一个样
1803	1	好好看看客服的态度吧 两台机器一样配置不一样价格一问客服直接不说话
1804	1	下单之前显示有货，下单以后就显示没货了，差评
1805	1	内置软件太多，占用内存，屏幕色差太差
1806	1	这么大的一个京东换货多不行，到实体店买的话没有用过都可以退换，客服态度也很差
1807	1	卖家服务很差
1808	1	售后服务：服务不好，
1809	1	其他特色：客服服务差
1810	1	尽量别买DELL产品，尽量别从京东买东西！
1811	1	跑分评测：很一般了
1812	1	主机外放没有声音
1813	1	联系不上客服电话
1814	1	售后服务：售后不及时
1815	1	电脑很卡 非常卡
1816	1	一点教程都没有！
1817	1	电脑出现这个画面已经5次了
1818	1	今天才收到 用了一上午 就黑屏
1819	1	售后服务非常糟糕
1820	1	系统坏了，客服不吊我，服务差
1821	1	反应比较慢，已经有几次开机白屏。
1822	1	收到货键盘就是坏的，售后不及时。
1823	1	还可以吧，就是800的电话打不通
1824	1	开不机，更换
1825	1	售后服务：发票催了5天还没寄出，一味的让人耐心等待！
1826	1	咕噜咕噜跟煮开水一样
1827	1	一直要命的蓝屏！
1828	1	卡，不值还没拍拍600块的快
1829	1	极差，反应慢，下载软件都要收费
1830	1	买了用不了。难道是我开机的姿势不对？
1831	1	什么都没有，没分驱，没浏览器
1832	1	机箱外观：小 性能配置：运行超级慢
1833	1	居然没发显示器，客服电话也打不通，只能退货了
1834	1	性能一般，显示效果极差。
1835	1	买回来说office需要自己买，杀毒软件也没有。
1836	1	商品倒还是满意的，就是京东的服务太差了
1837	1	售后服务：视频播放失败，售后电话没人接差差差差
1838	1	刚买一月 开机半小时一直转圈没反应   服了
1839	1	买一套，收到只有主机。
1840	1	刚安装好几个软件电脑就卡了，退货几天了还在检测中
1841	1	售后服务：服务一般 性能配置：声音不能用，带耳机也不行
1842	1	售后服务： 耽误时间  我理解你们，谁理解我啊
1843	1	**的，让老子自己倒腾系统，设置，费了几个小时了
1844	1	开机速度不是一般的慢，还不如几百块钱的主机
1845	1	卡的不要不要的！
1846	1	机箱喳喳的响
1847	1	反应好慢
1848	1	这就是戴尔？？？
1849	1	屏幕是不是发错了怎么那么小，我定的是23寸的
1850	1	没有鼠标垫子
1851	1	慢的要死
1852	1	越用越卡
1853	1	有点卡
1854	1	京东都是机器人客服，给戴尔电脑客服打电话也没人接，服务质量很差。送货速度挺快。
1855	1	差的要死
1856	1	降价非常快
1857	1	没有光驱
1858	1	开错发票，要求我交费寄回，费用补给我，但到现在也没补，售后差。
1859	1	售后服务：发票半个月了，也不知道到底卡哪儿了。我这是垫付给公司采买的，咋报销
1860	1	买之前涨价，原来定价3499，结果涨到3699，等了好久还是3699，就想着应该不会降价了，结果买完没几天就降价。。。。。。。
1861	1	显示器是第一代面板，十几年前的东西，伤眼睛，
1862	1	性能配置：开机运行后电脑里一直咔咔的响，试了多次，还是一直响
1863	1	好几次蓝屏
1864	1	这么多年来头回遇到新电脑打开之后，键盘不能使的。佩服佩服！
1865	1	为什么我的电脑总是显示office激活不了，家庭版的，只能用30天？
1866	1	当初觉得这个牌子的电脑不错，谁知道这个电脑上不能下载文档还要花钱买
1867	1	方方面面一塌糊涂！不退款！不理赔！流氓公司
1868	1	申请的退货，商家已经取走，并承诺退款。怎么今天又反悔了，说不能退货的？请速给解释
1869	1	才用一个月不到，机器就当机2次了，是我运气不好吗？
1870	1	随机带的win10运行真卡，目前打算格了重新安装win7再看看怎么样
1871	1	性能配置：不好，刚开始用就感觉是用了好久的电脑一样的，反应慢
1872	1	激活后屏幕显示一半，恢复出厂设置也没有好，已经提交了换件，处理好了自动删了评论
1873	1	显示器自己打电话问的什么高级客服才给送的，要是不问就可能不送了吗？第一次遇到这种情况，希望多多改进吧。忙也不是疏漏的原因。
1874	1	从买来开始的1个月就没好好用过几天，返厂维修了2次，总共买了4台电脑，坏了4台。
1875	1	开机速递慢 硬盘也没分区 装的OFFICE办公软件，还要收费的，买的请谨慎
1876	1	电脑没有office，还没有明确标示，联系客服让下载WPS。产品销售玩文字游戏
1877	1	外观各方面都很满意，开机运行之后很不满意，太慢了！
1878	1	差差差&hellip;
1879	1	售后服务：刚收到电脑，发现系统不支持软件，按七天无理由申请退货，客服回复已经连网不支持退货，上门要收服务费，处理还要等24小时，各种推脱。
1880	1	电脑刚开机显示无硬盘，硬盘线掉了，显示器出现白色条纹，不愉快的购物
1881	1	售后服务：没人应答 性能配置：开机5分钟 跑分评测：不知道相信戴尔大品牌就这样
1882	1	用了不到一个月，蓝屏了，不知道什么情况，是软件还是硬件的问题。
1883	1	销售方和发票不一样，要是为公司买的，大家就换家吧，这家发票和销售方不一样，而且办事效率极低！
1884	1	配送员野蛮装卸，当着面就野蛮装卸。视频接口VGA歪斜，要用力才能接通使用。
1885	1	电脑使用起来有点卡，刚下单的时候，商家没有发货，过了两天联系客服后才补发，一直在京东直营店购物，这次不是很满意。
1886	1	不建议购买电脑不带办公软件 如果我要用就要买一年400多 这样我每年400多啊 联想 惠普都有预装办公软件还是免费的
1887	1	刚买来3台，一台显示没有视频显示。处理了一天。最后换货。第二天，两台电脑直接黑屏。
1888	1	没用两天鼠标就因接触不良而报销了，其他的总体还可以。换了其它的电脑用不到十分钟又用不了
1889	1	因为系统问题，有些软件无法安装！又不同意退货，难道我要自己重装系统......大哭? 后悔
1890	1	买了就后悔，主机咕咕的响，像烧开水一样，听着心烦，客服服务差，还不如买个便宜组装机
1891	1	才买一个月左右，平时就编辑文档，今天开不起来了....卡到飞了。还是不要买了。
1892	1	当天就开不了机，退货还不及时，说是要检测。第一次开机就是显示海内存知己，天涯若比邻和请稍等的字样，过会就黑屏了，再也无法启动了，真的
1893	1	开机三分钟  安装注册麻烦还复杂   开机又要各种代码  公司用  玩个屁啊 真tamd
1894	1	刚开机就有点卡，看视频弹幕一闪一闪的跳帧，主机的声音大的吓人，就像煮开水一样，我买到一个赝品了？
1895	1	Dell就是用不成！买个Dell平板，连下载的电影都看不了，不如以前300买的地摊货。买个台式机，音箱插主机后边没有声音，插耳机孔有滋滋的噪音，打服务电话永远打不通。
1896	1	硬盘一直吱吱吱响，吱吱吱响，吱吱吱响，吱吱吱响，吱吱吱响，吱吱吱响，吱吱吱响，吱吱吱响，吱吱吱响，吱吱吱响，吱吱吱响，吱吱吱响，吱吱吱响， 这是通病问题，还是质量问题？
1897	1	大家要看清楚再买，这个机子是没有外音的，你必须同时买一个音箱或者耳机才能听到声音，才能看电视听歌打游戏，再提醒一下，没有外音，没有外音，没有外音
1898	1	4799赚了我差不多1000的差价够狠
1899	1	能不能别发信息了？？？
1900	1	换货14天了，还没完
1901	1	今天刚收的的机器，鼠标居然是坏的，强烈不推荐买
1902	1	屏幕是硬伤不清晰，已经调到了最高还是不行
1903	1	竟然office要收费！！！
1904	1	刚买一天就降价了，还不支持退货，我想问一下电脑不激活能用吗？
1905	1	618活动价格跳动大，显示器怎么是赠品，不能保价，扯淡玩意
1906	1	不知道是什么原因，订单完成后3天才发货，而且还是在客户打电话投诉后才发货的，给不出具体原因，对本次购物就能看到京东的管理有所欠缺，还是希望京东有所改进。
1907	1	买了几天就坏了，带现在还未修好&hellip;&hellip;
1908	1	售后服务：想找售后问系统备份的问题，竟然要周一至周五才有得咨询，还是电话咨询，这售后有点跟不上节奏
1909	1	主机摔变形了！！！！
1910	1	擦！6.18搞活动4998元，不搞活动了4899元！多花99元
1911	1	刚到货就卡机
1912	1	本来想多买几台，又不是618买的，让按之前的买的第一台价格算又不算。买贵了
1913	1	硬盘已经使用了1万多小时，将近两年了，京东是以次充好？
1914	1	没有音频
1915	1	欺骗，买完就降价，不要相信他的活动。物流还是很不错！
1916	1	整体的外观和别的电脑没啥区别，不过对这次购买还是非常不满意，不但优惠券发放是区别对待，还没有自带office办公软件，需要另外自费购买
1917	1	买回两天就死机了，还没联系技术处理呢，先让技术服务看看再说吧
1918	1	居然不发显示器&hellip;&hellip;
1919	1	1星给京东送货****的，戴尔台式电脑没有网线整台电脑都贬值了，戴尔可能忘了什么是传统
1920	1	产品质量堪忧主机异响   更换了一次，还是异响，
1921	1	退回的是一套整机，回来的只有主机，显示器没了，又扯皮，京东怎么了。还想不想做生意？
1922	1	这台电脑运行起来非常卡，感觉像是已经用了几年。正想着加内存。
1923	1	不建议大家购买，显示屏收货有划痕，京东推戴尔，戴尔推京东，没人处理。
1924	1	Office无法使用
1925	1	用了几天才发现屏幕上有个红色的亮点，虽然电脑整体性能不错，但显示器的瑕疵要每天面对，确实很不爽！给一星是因为我自己到货后没有仔细检查，但是说句心里话，这次在京东的购物体验确实感觉不好。也不想找售后了，非常失望。
1926	1	性能配置：买这电脑的，注意看下显卡，超级小白的也可以去了解下gt710显卡
1927	1	该电脑不带永久office！！ 商品详情页唯一一处提及office的地方，还让人误以为带office！！ 打电话戴尔技术，说人家这款机器，不都是不带office的！关键在于&ldquo;订单&rdquo;。 客服态度极其敷衍，毫无诚意。 维权无路。
1928	1	京东自营，从杭州到宁波送了6天，中途还无法退货。无语
1929	1	差评 差评 见千元买堆废铁
1930	1	垃圾，巫师314年的游戏打起都卡
1931	1	超差！以后在也不在网上买电脑了
1932	1	产品非常的差，居然少一连接线根线！而且还不补！京东最开始只想赔我20元钱，叫我自己买线！后来我要求才赔了40元！
1933	1	能不买就尽量不买，垃圾玩意
1934	1	刚买回来几天就这样，体验很差
1935	1	刚下完订单，电脑还没有收到就降价，感觉非常不好。
1936	1	闹心&hellip;体验感很差，软件都没有注册
1937	1	电脑买来，没用几次，就这个德行了，什么破电脑。
1938	1	其他特色：降价太快了！买它需谨慎！不可以保价！
1939	1	下单2小时后降价300，坑坑坑坑坑坑坑**。
1940	1	这个电脑office等常用软件都没装，很不方便。
1941	1	客服服务太差，一问三不知，电脑小白还是谨慎购买
1942	1	6月1号买的，明明说和618同价的，618降价了却不补差价，京东是越来越坑了
1943	1	后面两个音响插口插着都没没声音，坑
1944	1	垃圾产品。 垃圾售后客服。 产品质量太差。还是联想靠谱
1945	1	用了一周左右就开不了机，质量不咋地，太失望了！
1946	1	屏幕太差了，跟以前的老电视差不多
1947	1	希望显示器改进啊 打开一看，过时的老机型显示器太难接受了
1948	1	商家的套路太@，赠品捆绑附带，却以此为由拒绝价格保护，性质不好！
1949	1	买的第二天就卡在这个页面进不去了.....联系客服客服说强制关机，但我很困惑为啥新电脑就这样
1950	1	超级差评！！！第二天就开不开机了，系统坏了还不保修。
1951	1	刚收到货就降价110，太不厚道了。还有买的时候显示本地仓，结果从武汉发货。
1952	1	什么破机器，现在还有人用VAG线吗，HDMI口是摆设？？你家到店里买也不会这样？
1953	1	太差了，
1954	1	非常差，非常差！！
1955	1	戴尔的售后真不咋滴，加了售后QQ死活不回，打客服电话也是没有耐性，最搞笑的是页面上写的3年****，可是打电话要求上门，人家根本不给安排，无语啊戴尔！
1956	1	购买这个显示器真是被坑了，发了一个旧的给我，二手的，后来说换，然后把我主机给换也换走了，现在主机也开不了机了，现在申请售后说过期了
1957	1	垃圾戴尔，光盘怎么弹出一个健都没有，又不告诉我怎么弄，你以为我是神仙啊
1958	1	太垃圾，心塞，太郁闷，好不容易买一台新机器，结果是这样的垃圾。
1959	1	电脑预装的office只能免费试用30天！垃圾！并不是2016永久免费版！请大家小心购买！
1960	1	性能配置：简直就是垃圾，这样的配置几个常用程序打开，PS就卡的要死，从未想过今天所谓的品牌机会远远不如组装机
1961	1	买之前咨询客服就是活人，买之后，有一条电源线是松的，咨询几次客服，全***是自动回复，客服全是死人，大家不要上当
1962	1	质量很差，主机容易烫，经常卡机死机，怀疑是翻新机。
1963	1	我明明购买的是商务版的 为什么装的是家庭版的系统  整的我一些办公软件没法使用 失望透顶
1964	1	买的是整套台式电脑，但发货缺配套显示器，只是有个赠品显示器，该赠品显示器是次品，屏幕边框脱落，以次充好，上当受骗，以后再也不敢在京东购物了，打算注销京东账户。
1965	1	非常失望，看视频画面很不清晰，看超清就像标清的一样，??而且感觉有卡顿
1966	1	说实话，真心有点失望，新机用起来就比较卡，反应很慢，卡死好几次了，比起之前买的联想笔记本慢多了。
1967	1	刚买的电脑，一开始用的时候很流畅，用了几天就变得卡，打开浏览器延迟，开机20+秒，大品牌也这么不靠谱吗？
1968	1	没法说，接近五千的电脑比原来3500的笔记本性能还差，显卡配的就是屎，CPU散热也不行，买的慎重
1969	1	电脑打个游戏会死机  好几次了  上网看视频分辨率很低
1970	1	买过才发现N多问题，不符合戴尔电脑这个品牌形象，买过一次这也是最后一次，下次送我我也不会买戴尔！鄙视?
1971	1	用了不到五次就出现了两次问题，也是无语了，每次打售后电话，一直都是说工作时间是工作日某某时间段，工作日大家都上班好嘛，那就不处理了吗。。。。
1972	1	不流畅 卡顿 玩个英雄联盟还卡 跑个分5千也是无语
1973	1	连最基本的软件都不适应电脑系统，客服爱理不理！垃圾，体验真差，下次再也不到这个平台买了！一
1974	1	买台电脑居然先给发来主机，显示器慢慢等，如同买双鞋先给一只，另一只慢慢等！
1975	1	售后服务：开机连接显示器，一直闪屏，售后之间都在相互推卸，告诉一长串电话，给那个售后打电话叫我给这个售后电话，给这个售后打电话叫我给那个售后电话。把我弄蒙圈了。其实一直很相信戴尔的。没想到这一次不敬人意。
1976	1	刚买的机器，硬件就有质量问题，声卡有瑕疵，除了退货别无选择。难道这就是戴尔一直标榜的质检和品控？失望至极～
1977	1	电脑主机内存被更换，自己又重新购买8G内存，反应速度太慢，差评差评差评差评差评
1978	1	这个显示器安装为什么是往前倾的？而且很厉害，是不是底座生产反了？这样的谁受得了啊？？？
1979	1	是真的垃圾，退还了两次，要不是已经上报公司固定财产，真不想要它，垃圾中的垃圾！建议不要购买！
1980	1	用了一个月，死机，崩盘！这个电脑不能买，售后维修要一个月！简直一塌糊涂！
1981	1	可以一星都不给吗？机器经常白屏死机，问售后真的要气吐血，戴尔想不到是这样的，慎重购买
1982	1	其他特色：电脑卡不说，买了三天降价50元，要退货不给退，说是开机了就不给退了，陪我50元的劵，大家千万别买，开机就不给退了。还有就是商家客服不说话，是个机器人，买完就不理你了。
1983	1	不建议大家买！显卡太拉了！GT710的显卡！！当时没注意看！网购啊！！太难了！！
1984	1	售后服务：级差，主机上和显示屏链接的接口掉一个螺丝，连接线无法固定。京东售后叫我自己联系厂家
1985	1	电脑送到的很快，第二天装上就出现键盘不能使用的现象，客服要恢复一下出厂程序。方可使用。不知道是戴尔的品质完蛋了还是京东把退换货直接发出。非常奇怪的问题。
1986	1	什么破电脑，还大品牌，买了没几天，开机就卡死,晚上连售后都没有
1987	1	机箱很小，轻薄，主板小主板，看着就是偷工减料，真的不行，和以前的dell不能比，不建议购买！！！
1988	1	运行速度：慢 散热性能：差
1989	1	运行速度：系统经常出问题
1990	1	其他特色：连个鼠标和包都没有。
1991	1	屏幕看上去比较别扭
1992	1	其他特色：没有一个月，主板，屏幕都坏了
1993	1	运行速度：慢 散热性能：差
1994	1	第一次打开浏览器就死机了
1995	1	才买没几天就降价，我是服了。
1996	1	电脑包都不给，这怎么装啊
1997	1	不太好，啥也没有
1998	1	服务态度十分不好
1999	1	没法安装需要的软件
2000	1	硬盘怎么没分区
2001	1	玩小游戏一直卡退
2002	1	刚拿到手就降价了，
2003	1	第二天就死机了 不好用
2004	1	激活后就开不了机了，也没人工服务
2005	1	买回来一天出现两次卡死
2006	1	什么情况，收到货第二天价格便宜两百元
2007	1	其他特色：刚买几天就出现开不了机的问题
2008	1	电脑开不了机了
2009	1	买的包没有在，鼠标也没有
2010	1	上来就不能上网，还不能退货，想骂人
2011	1	刚买了就便宜300多，这是什么意思？
2012	1	刚收到货，打开京东就降价了三百，??
2013	1	散热性能：没用一会就发热了 我服了 不想说话了
2014	1	价格贵了一点！！！！！！！一买完就降价
2015	1	运行速度：慢 我怀疑我买错了
2016	1	听个歌死机 浏览网页死机
2017	1	开机键不好用，按好几下才能开机
2018	1	啥都没给送，裸机
2019	1	买了鼠标，不给送
2020	1	慢 散热性能：不好
2021	1	第二次，申请换货后送来的，请看图
2022	1	卖了没多久，就有点卡了，不好用
2023	1	没有网口，客服没人答复
2024	1	买了第二天就降价，还不能补差价
2025	1	居然无法开机 这是什么操作啊
2026	1	才买2天就降价200元，前面还忽悠秒杀价？
2027	1	刚买完，第二天就便宜100块钱
2028	1	商家没诚信，问双十一有没有活动，说没有，这就掉价200。
2029	1	用了一个星期不到系统崩盘了
2030	1	才买回来就有划痕
2031	1	运行速度：卡顿 屏幕效果：屏幕上有一道横
2032	1	看到的是送鼠标的 后面没送
2033	1	刚开机就发烫，烫的厉害。
2034	1	这个电脑我买没有15天开不机这种电脑你卖个蛇皮哦
2035	1	买了两个礼拜你就降价300还6期免息，属实厉害。
2036	1	外形外观：顶部有缝隙
2037	1	才刚玩了一会就突然黑屏了
2038	1	才用两天电脑就开不了机了
2039	1	服务较差，催个发票催出内伤
2040	1	散热性能：散热不好
2041	1	用了没几分钟电脑键盘就发烫?
2042	1	散热性能：开机发出响声，发烫
2043	1	裸机，烫，卡，打扰了，可能我不配
2044	1	这么大个品牌还存在质量问题
2045	1	刚买就降价，不想说啥。
2046	1	刚买完就降了300。不是很好用，感觉一般般。
2047	1	电脑包和鼠标都没有
2048	1	键盘处一直有滋滋响
2049	1	买了不到1个月就降价六百多
2050	1	像翻新机，服务态度差，
2051	1	游戏根本玩不了，英雄联盟20多fps
2052	1	快递外壳被打开。
2053	1	键盘里面滋滋滋电流声！
2054	1	到货第一天运行时就有滋滋的异响！
2055	1	按照智能客服的操作步骤office没办法激活
2056	1	一个500G盘都不分区？
2057	1	绿色和银色就没差别，到货了客服就不理人了
2058	1	电脑包都不配一个，寒碜
2059	1	这么贵的电脑竟然连个鼠标都不送，靠！
2060	1	请人工客服电话联系我。
2061	1	鼠标插上去没反应，重置系统好几次才好用
2062	1	外观有瑕疵，希望你们都别买。
2063	1	刚开一个文档就出现空白框，什么情况
2064	1	才买了第三天，就白屏，死机。
2065	1	刚买完就降400元，开机太慢，差差差，
2066	1	第一次在京东买东西，却是体验最差的一次。不过物流还是挺给力的。
2067	1	外形外观：外观有损坏 擦拭不掉
2068	1	收到货时一度以为是银色，绿的不明显！
2069	1	用了两天移动图标文件夹都卡，客服也有点忙
2070	1	签收7天，桌面卡死
2071	1	外形外观：也就外观好，电脑包不给，鼠标不给
2072	1	屏幕效果：是个残次品 左下角有两条亮线 v亮线和h亮线
2073	1	客服总是不在线。
2074	1	电脑总是死机，大家千万不要买。。。。
2075	1	破电脑 卡得要死 开机也慢
2076	1	散热性能：差，差，，看个电影温度都热到八十多度！
2077	1	电脑动不动自己关机，系统经常崩溃
2078	1	买了没几天就出这个什么意思呢?
2079	1	插上电源开不了机
2080	1	打游戏打着打着就黑屏了。
2081	1	服了，一把游戏闪退好几遍
2082	1	散热比较差玩一局游戏下来会烫手
2083	1	惠普笔记本连电脑包都没配，
2084	1	买回来之后，客服就不管了
2085	1	键盘数字键不能用
2086	1	买完立马降五百什么意思！
2087	1	网络连接不稳定打游戏总掉线，风扇声贼大
2088	1	这个无线网卡是什么啊，一直波动
2089	1	游戏效果：开不了机
2090	1	花了那么多钱，这包转，呵呵
2091	1	不行别买了，买其他牌子的合算点
2092	1	两天就开不开机了，千万别买了
2093	1	刚买回来就卡住了
2094	1	东西很好 就是买完过了7天就降了300块
2095	1	开机键到充电口那有漏电现象
2096	1	刚买完几天就降价300，5299入手，现在4999几个意思
2097	1	上午刚到下午就这样了还要强制重启才行
2098	1	玩游戏会出现闪屏
2099	1	才四天就降了两百块钱，
2100	1	屏幕盖上右侧有缝隙，屏幕出现很多点.
2101	1	刚刚买来第一天卡死机
2102	1	惠普商品没售后的
2103	1	新机10天，各种蓝屏，无反应。
2104	1	满电用不了半小时
2105	1	也没啥，就是除了电脑啥都没有
2106	1	体验一般。做设计不建议买
2107	1	电脑多次出现蓝屏，和系统崩溃！
2108	1	笔记本无法充电
2109	1	刚买一天就有点卡  什么电脑
2110	1	玩不了英雄联盟
2111	1	第一天就开不了机了?这么倒霉？
2112	1	小键盘为啥不好使
2113	1	才买就降价，呵呵
2114	1	买了，追加发票都不开。服务差极了
2115	1	跑分并没有三千多   就26000  唉
2116	1	屏幕賊糊，不知道什么东西 画面品质：糊
2117	1	外观质量有问题，没人管，没人回复
2118	1	没买多久就降了300，我这心态
2119	1	刚买10天就降700块？这**是人干的事？
2120	1	为什么充电这么慢？九个小时才到76％？
2121	1	鼠标没有，键盘没有，包包也没有。。。
2122	1	京东客服服务态度差，办事效率低
2123	1	假电脑，天天死机
2124	1	Cf手游都打不了 ， 一直卡着
2125	1	不知道为什么好多次这样了
2126	1	包装保护：等三天等到一个这，真好
2127	1	收到的时候键盘上4和5的区域就鼓起来了
2128	1	鼠标也没有，过分点了吧
2129	1	关机开不了，客服打不通。
2130	1	外形外观：0 运行速度：0 游戏效果：0 画面品质：0 跑分评测：0
2131	1	送给客服
2132	1	这散热我是真的服，键盘烫手，铁板熊掌普名不虚传
2133	1	开机键附近有轻微划痕，触摸板下方的左键失灵！
2134	1	电脑蓝屏死机
2135	1	开玩笑？裸机？
2136	1	才刚买两天，为什么开机就这样？
2137	1	降价是快呀买了没一个月降500
2138	1	买了后咨询无服务
2139	1	包装保护：妈的，换机，又给老子一个二手机，京东要疯啊
2140	1	玩一个gta5 上去30分钟就这样
2141	1	装的系统有问题，任务栏经常没反应
2142	1	刚买回来，lol下了一把棋就烫的要死
2143	1	买了不到1个月，每次开机不到2分种自动蓝屏
2144	1	一般，比较慢，画质不太好看
2145	1	打开就是坏的，正在退货中。
2146	1	拿到手就发现电脑是坏的。屏幕不显示。已申请换货
2147	1	开机后一直停留在这个画面，客服也不管
2148	1	电脑一发过来就有连键的问题。
2149	1	电脑用了几天就显示密码错误无法加入界面
2150	1	刚买20天，就出现这问题，醉了
2151	1	物流很棒！客服极差！产品还可以。一星给客服
2152	1	刚买完就便宜4呗
2153	1	买了不到2个月，风扇坏一个
2154	1	激活了才发现还有静电我服了
2155	1	没有任何赠送物品 客服态度也不怎么样
2156	1	4999买的。618降低4399。不给补差价什么东西
2157	1	有一排键盘都用不了，敲击了没反映的
2158	1	为什么才买来重启网络图标就不在了？怎么找回来
2159	1	头一次看买笔记本不给包的，厉害
2160	1	更新后屏幕一闪一闪的，才买半个月左右
2161	1	刚过了7天就开不了机了
2162	1	质量问题换了，换了还是别人动过的，不开心，
2163	1	外包装破损，有杂音，应该是别人退过的又给我了
2164	1	别买 显卡一个月就出问题了
2165	1	小键盘打不开 打不开打不开
2166	1	第一次用就蓝屏，游戏打不开
2167	1	屏幕小内寸小跟供图完全不一样，建议大家注意
2168	1	售后服务：发票十天了还没收到
2169	1	包装都裂了一大半
2170	1	新电脑风扇有问题，退货
2171	1	一个月不到，今天就开不了机了，等维修中。
2172	1	卡的不要不要的
2173	1	莫名其妙的出现网络连接不上
2174	1	连鼠标垫都不带，够抠的
2175	1	用了一个月只死过一次机
2176	1	刚到货，直接蓝屏，请问这个是什么问题？
2177	1	买了十多天就又降价了，而且还没发申请价格保护。
2178	1	买的新电脑下载酷狗音乐，为啥出来的登录界面有别人的账号？
2179	1	还行，就是电价小小的鼠标垫都不送一个
2180	1	用了一个月就开始卡了，真是醉了
2181	1	显示器有质量问题
2182	1	这叫ips屏幕显示器？这叫欺诈
2183	1	不能加装硬盘，不能安装软件
2184	1	给个一星   有人出来处理下发票问题吗  发票到底是开了没有  为何不寄出来
2185	1	不到半个月，越用越卡，烂机
2186	1	产品包装、送货速度及配送服务都不错。因电脑尚未使用，暂不评价。
2187	1	售后服务：显示器是坏的，会闪屏。真倒霉
2188	1	画图都卡 帮朋友买的 尴尬了
2189	1	莫名奇妙出现无法连接网络
2190	1	十几天自动断电，无法开机。不建议购买
2191	1	性能配置：机箱一直有异响，只能更换。
2192	1	提示京东会员优惠60元，开了会员就没有优惠，隔天就降价
2193	1	联想，还是以前的联想吗？尴尬局面，唉。。。。。。唉╯﹏╰
2194	1	售后服务：联系这么久都不给开票，
2195	1	主机声音有点大，经常蓝屏！！！
2196	1	京东购物那么多回，头一回等待这么久，有点儿不靠谱。。。。。。
2197	1	键盘Z链打不出来，商家不换，千万别买他家的，
2198	1	没有实体店的服务好啊，毛病还多，价钱还高
2199	1	不知道是不是翻新机和组装的，竟然会是这个样子的
2200	1	主机卡的要死
2201	1	第二次打开居然主机停机了，什么反应都没有，大品牌也信不过
2202	1	东西坏了，拒绝更换，自此无爱
2203	1	第四天系统崩了，联系售后也联系不上，
2204	1	这才几天就蓝屏
2205	1	售后服务：快递取件出现单号问题，造成不能退货让客户自己负责
2206	1	显示器有划痕，还要开箱的证据，客服说没有证据返场也不会退。
2207	1	不给安装，价格还行。
2208	1	没有鼠标垫！不人性化！不满意！
2209	1	显示器坏的，雾化，红边，灰线，模糊。
2210	1	昨天买的今天就优惠了300元电脑@了又不能退这回真郁闷了-------------
2211	1	刚买的电脑，实际使用没有24小时，就出现速度比蜗牛还慢
2212	1	买来一个星期就开不了机，只有售前没有售后，过分！
2213	1	性价比不符合，价格太高，机器有点卡，建议不要够买
2214	1	家庭版本用不了，还要花钱买后续服务，大家别上当了，
2215	1	刚买几天了就降价，差！！！
2216	1	有时候自动关机，系统简配，内存偏小，感觉不值这个价，联想坑货。
2217	1	主机使用没有异常，OK
2218	1	希望大家不要购买老是丢系统文件硬件问题 下载文件丢文件
2219	1	第一次邮来是用过的，被人@过的电脑。页面写明@过的不能退货，为什么还要重新售卖。
2220	1	烂
2221	1	打开个360都会卡
2222	1	买后就有问题，每次开关机后，wifi丢失。
2223	1	买了一个星期，下载几个软件就卡死。强烈要求退货。不想多说
2224	1	刚刚用了14天，坏了，主机不通电，维修中！
2225	1	office 竟然没有激活
2226	1	买了就降价
2227	1	买完就降价
2228	1	用了9天就坏了，
2229	1	#公司#给老子一个残次品支架和屏幕都**不配套#
2230	1	买完就降价
2231	1	才用两天就给我来个死机？？这是7000的电脑吗？
2232	1	首次开机，两个多小时了，一直在登陆界面，不断的自动重复，无法正常使用，已退。
2233	1	采用两周，黑屏白屏十几次了，不知道这是什么系统～
2234	1	有鼠标却没鼠标垫，买品牌就是买服务，不然我还不如买个组装机
2235	1	辣鸡联想，看这价格定位，水分有多大，配置更高，价格更低，天天降价
2236	1	性能马马虎虎，以后不会买联想的牌子了，用起来各种不舒服
2237	1	要退货了， 8000的电脑音响不能用。 客服工程师直接建议我退货了。
2238	1	商品与实物不符，售后第三天事情还解决不掉，下一步举报
2239	1	性能配置：居然把配置搞错了，我下的订单是我256SSD,送来的确是128SSD
2240	1	老是死机黑屏
2241	1	1显示器没有膜，2电脑只有一个D盘，3不能外放4售后是机器人
2242	1	为什么不把office的产品密钥直接给我们呀？包装盒到处都找不到！试用三个月值700多大洋吗？！
2243	1	第一天刚买的不到两小时，就不能开机，是我买的倒霉吗，还好退货比较及时，现在换个惠普试试，但愿运气会好一点，期待着
2244	1	不是我想象中的，键盘垫子也不送，这么多钱不值得
2245	1	安装cad软件装不上，最后电脑卡死了，不知道为啥，系统不够稳定呀
2246	1	刚买的，开机时一直有电流声，使用过程中一直断断续续有，售后过来看，说可能要换主板，呵呵！操碎的心
2247	1	总是喜欢蓝屏，系统挂了永远不恢复。只能重装系统。
2248	1	购机第二天就开不了机，联系售后上门确定主板坏了，联想的品控得走点心啊。现已更换主板，观察中。。。
2249	1	客服服务差，物流不送货上门'要自己提取，最终都没有人告诉我为什不送货上门'为什么要自己去取件，
2250	1	今天使用的时候突然黑屏，重启几次都不行，还没有一个月
2251	1	昨天拍的，今天晚上送到，物流比较给力！但是第二次开机就不能显示桌面，很郁闷郁闷，有失品牌电脑的感受
2252	1	20年4月买的，里面有19年7月，8月一直到20年10月的数据。还是爱奇艺
2253	1	机器箱体本身预留了9mm薄光驱安装位，前面板居然没留光驱开孔，实在是愚蠢！
2254	1	一个月主板就没用了，售后拆机换主板，换完之后每次开机都要出现这个东西
2255	1	评价个屁，一直问电脑没有声音，哪里开？问了一个晚上没问出来。
2256	1	电脑在使用的过程中出现了好几次卡顿，有时候打开软件要等好久才反应过来，严重影响体验，其他的还可以！
2257	1	秒杀价4889元买的，平时也就4899元，秒杀价便宜10元，这种噱头不好，估计宣传的质量也是噱头！
2258	1	外形外观：一个月死机两次
2259	1	是别人退货的，好多软件之前都装过
2260	1	半个月，触摸板坏了
2261	1	刚刚买完不到半个月，就降了500元
2262	1	才一个月，键盘就失灵了可还行
2263	1	摄像头直接不能用，希望能得到解决
2264	1	买完就降五百多。真的服了
2265	1	包装保护：破损比较严重 外形外观：有划痕，有指纹
2266	1	买了没十天，出现蓝屏现象。
2267	1	二手的，难怪那么卡
2268	1	打算退货了。昨天刚刚收到。
2269	1	想知道这是什么意思
2270	1	龙腾屏，你们的良心不会痛吗
2271	1	第四天，玩个英雄联盟死机
2272	1	感觉一般般，刚买滴，有点小卡
2273	1	出问题了，竟然说没货可管换
2274	1	买来20天键盘就输入不了，正在返北京总部维修中。。。。(TT)
2275	1	买了十来天，一直开机蓝屏重启，系统崩溃
2276	1	看视频切换卡死   游戏开独显玩  卡死
2277	1	换了一个还是有问题，屏幕有一个坏点
2278	1	游戏效果：差到爆炸 lol都运行不了
2279	1	才买几天就降价而且还是五百。
2280	1	刚买几天，就出现白屏卡顿
2281	1	不值这个价不打游戏运行cad卡顿
2282	1	买回来没几天，电脑就花屏了，问客服也没人理。
2283	1	包装保护：纸箱破损
2284	1	第一次买就遇到开机都开不了
2285	1	用了一个月左右，看电视经常黑屏
2286	1	容易卡不咋好
2287	1	才买就降价
2288	1	一般吧，用起来不是很令人愉悦
2289	1	第四台二手！！没办法上传完整视频。
2290	1	外形外观：屏幕漏光严重，不能接受，所以退货了。
2291	1	非常不喜欢，就是不喜欢。
2292	1	时不时黑屏、花屏，影响使用，别被坑了
2293	1	好家伙，开不了机可还行
2294	1	才几天就降价了&hellip;跳水王
2295	1	刚收货两天就看到要降价，难受
2296	1	开机繁琐，系统废物，客服**一样
2297	1	新机不到一天死机，降价不补差价！
2298	1	买了一个礼拜后，活动价掉了200，不给保价。
2299	1	还能让我说些什么
2300	1	买了才10天降了快1000
2301	1	系统总是假死   任务栏无反应  不知道什么情况
2302	1	刚买一周，突然黑屏，没任何反应。是怎么回事？
2303	1	新机不到一天死机，降价不补差价！
2304	1	买了一个月不到，电脑开机黑屏，触摸板也失灵，心态崩了
2305	1	买的比神舟还麻烦，office激活不了。
2306	1	想看个剧，然后如下
2307	1	玩游戏不能全屏显示，卡屏，闪退。
2308	1	才用两天就成这个样了，桌面启动不了
2309	1	辣鸡电脑，打个字都卡，宝塔妈的
2310	1	连预装的office都没法用
2311	1	没买多久价格一下就掉，价保日期之前没有掉，价保日期也过了
2312	1	抹布屏，龙腾光电服了，第三台。
2313	1	我是服气的 什么都解决不了 老是不能回信息 不是有急事我会到处在咨询客服？
2314	1	刚买两三天就降价五百，申请降价保护，还说没降价
2315	1	我今天上午11点多到的，下午看了会视频就黑屏了。。。。。
2316	1	说好的512G呢？
2317	1	刚收货就降价，还不能保价，真的烦
2318	1	最终还是退了，什么也不多说了。。。。。。。。。。。。。。。。。。。。。。。。。。。。。。。。。。。。。。
2319	1	打游戏打一会就卡主不动，然后自动关机?为什么?
2320	1	上面送的分机口，没有，我买的服务背包也没送到，退了服务背包钱也不退回，现在京东服务态度越来越差，没人管
2321	1	才买十多天，电脑自己息屏？还以为是大品牌，没想到这么烂
2322	1	刚买的电脑有次竟然充不进电，还死机
2323	1	换货的，还是龙腾屏，所以只能给你一星
2324	1	USB口歪的插不进U盘
2325	1	龙腾光电屏幕，记忆科技内存
2326	1	小毛病一大堆，各种系统兼容的问题。
2327	1	触控板不到一个月坏了两次，售后又慢，又敷衍。
2328	1	电脑没问题，建议客服重新培训
2329	1	老是重启
2330	1	卡到死
2331	1	包装保护：还不错 外形外观：还可以 画面品质：屏幕有亮点
2332	1	几千的电脑，鼠标也没有，电脑包也不送,这应该是标配吧
2333	1	到手上第三天第四天出现过两次卡屏，，，，，，
2334	1	无法连接wifi，苹果手机热点也不能连接，安卓的又可以。
2335	1	看个视频都卡的关不了机，按所有键都没有用，联系客服也没人管
2336	1	下单，快递我哥领回来放家里，旅游两天回来，发现开机都开不起来
2337	1	电脑买完之后不到半个月屏幕质量出现问题。申请换新之后发过来的还是旧的机器  让我怎么再相信店铺的信誉度？
2338	1	用了没几天就开始卡顿，才买了几天竟然降了500块。我吐了
2339	1	Fn+Q切换风扇模式，根本就切换不到红灯性能模式，
2340	1	突然黑屏
2341	1	屏幕抽奖配置抽奖 黑屏重启 驱动不行不更新慎重
2342	1	就这，
2343	1	风扇噪声大，有明显的振动。摄像头处，外壳缝隙大。
2344	1	刚买俩天，就玩了一会儿，卡住不动了。这决赛圈直接拉闸。
2345	1	游戏效果：玩英雄联盟卡的要死，问客服说是跟英雄联盟不兼容，玩等后续更新，但是等了这么久也没见更新。
2346	1	6月1日买的，今天早上起来开机黑屏，怎么都开不了，这质量！！！！
2347	1	用自带联系电脑管家都能卡死 做表格就都能卡 5000多就这？
2348	1	售后服务：服务不好，
2349	1	其他特色：客服服务差
2350	1	尽量别买DELL产品，尽量别从京东买东西！
2351	1	跑分评测：很一般了
2352	1	主机外放没有声音
2353	1	联系不上客服电话
2354	1	售后服务：售后不及时
2355	1	电脑很卡 非常卡
2356	1	一点教程都没有！
2357	1	电脑出现这个画面已经5次了
2358	1	今天才收到 用了一上午 就黑屏
2359	1	售后服务非常糟糕
2360	1	系统坏了，客服不吊我，服务差
2361	1	反应比较慢，已经有几次开机白屏。
2362	1	收到货键盘就是坏的，售后不及时。
2363	1	还可以吧，就是800的电话打不通
2364	1	开不机，更换
2365	1	售后服务：发票催了5天还没寄出，一味的让人耐心等待！
2366	1	咕噜咕噜跟煮开水一样
2367	1	一直要命的蓝屏！
2368	1	卡，不值还没拍拍600块的快
2369	1	极差，反应慢，下载软件都要收费
2370	1	买了用不了。难道是我开机的姿势不对？
2371	1	什么都没有，没分驱，没浏览器
2372	1	机箱外观：小 性能配置：运行超级慢
2373	1	居然没发显示器，客服电话也打不通，只能退货了
2374	1	性能一般，显示效果极差。
2375	1	买回来说office需要自己买，杀毒软件也没有。
2376	1	商品倒还是满意的，就是京东的服务太差了
2377	1	售后服务：视频播放失败，售后电话没人接差差差差
2378	1	刚买一月 开机半小时一直转圈没反应   服了
2379	1	买一套，收到只有主机。
2380	1	刚安装好几个软件电脑就卡了，退货几天了还在检测中
2381	1	售后服务：服务一般 性能配置：声音不能用，带耳机也不行
2382	1	售后服务： 耽误时间  我理解你们，谁理解我啊
2383	1	**的，让老子自己倒腾系统，设置，费了几个小时了
2384	1	开机速度不是一般的慢，还不如几百块钱的主机
2385	1	卡的不要不要的！
2386	1	机箱喳喳的响
2387	1	反应好慢
2388	1	这就是戴尔？？？
2389	1	屏幕是不是发错了怎么那么小，我定的是23寸的
2390	1	没有鼠标垫子
2391	1	慢的要死
2392	1	越用越卡
2393	1	有点卡
2394	1	京东都是机器人客服，给戴尔电脑客服打电话也没人接，服务质量很差。送货速度挺快。
2395	1	差的要死
2396	1	降价非常快
2397	1	没有光驱
2398	1	开错发票，要求我交费寄回，费用补给我，但到现在也没补，售后差。
2399	1	售后服务：发票半个月了，也不知道到底卡哪儿了。我这是垫付给公司采买的，咋报销
2400	1	买之前涨价，原来定价3499，结果涨到3699，等了好久还是3699，就想着应该不会降价了，结果买完没几天就降价。。。。。。。
2401	1	显示器是第一代面板，十几年前的东西，伤眼睛，
2402	1	性能配置：开机运行后电脑里一直咔咔的响，试了多次，还是一直响
2403	1	好几次蓝屏
2404	1	这么多年来头回遇到新电脑打开之后，键盘不能使的。佩服佩服！
2405	1	为什么我的电脑总是显示office激活不了，家庭版的，只能用30天？
2406	1	当初觉得这个牌子的电脑不错，谁知道这个电脑上不能下载文档还要花钱买
2407	1	方方面面一塌糊涂！不退款！不理赔！流氓公司
2408	1	申请的退货，商家已经取走，并承诺退款。怎么今天又反悔了，说不能退货的？请速给解释
2409	1	才用一个月不到，机器就当机2次了，是我运气不好吗？
2410	1	随机带的win10运行真卡，目前打算格了重新安装win7再看看怎么样
2411	1	性能配置：不好，刚开始用就感觉是用了好久的电脑一样的，反应慢
2412	1	激活后屏幕显示一半，恢复出厂设置也没有好，已经提交了换件，处理好了自动删了评论
2413	1	显示器自己打电话问的什么高级客服才给送的，要是不问就可能不送了吗？第一次遇到这种情况，希望多多改进吧。忙也不是疏漏的原因。
2414	1	从买来开始的1个月就没好好用过几天，返厂维修了2次，总共买了4台电脑，坏了4台。
2415	1	开机速递慢 硬盘也没分区 装的OFFICE办公软件，还要收费的，买的请谨慎
2416	1	电脑没有office，还没有明确标示，联系客服让下载WPS。产品销售玩文字游戏
2417	1	外观各方面都很满意，开机运行之后很不满意，太慢了！
2418	1	差差差&hellip;
2419	1	售后服务：刚收到电脑，发现系统不支持软件，按七天无理由申请退货，客服回复已经连网不支持退货，上门要收服务费，处理还要等24小时，各种推脱。
2420	1	电脑刚开机显示无硬盘，硬盘线掉了，显示器出现白色条纹，不愉快的购物
2421	1	售后服务：没人应答 性能配置：开机5分钟 跑分评测：不知道相信戴尔大品牌就这样
2422	1	用了不到一个月，蓝屏了，不知道什么情况，是软件还是硬件的问题。
2423	1	销售方和发票不一样，要是为公司买的，大家就换家吧，这家发票和销售方不一样，而且办事效率极低！
2424	1	配送员野蛮装卸，当着面就野蛮装卸。视频接口VGA歪斜，要用力才能接通使用。
2425	1	电脑使用起来有点卡，刚下单的时候，商家没有发货，过了两天联系客服后才补发，一直在京东直营店购物，这次不是很满意。
2426	1	不建议购买电脑不带办公软件 如果我要用就要买一年400多 这样我每年400多啊 联想 惠普都有预装办公软件还是免费的
2427	1	刚买来3台，一台显示没有视频显示。处理了一天。最后换货。第二天，两台电脑直接黑屏。
2428	1	没用两天鼠标就因接触不良而报销了，其他的总体还可以。换了其它的电脑用不到十分钟又用不了
2429	1	因为系统问题，有些软件无法安装！又不同意退货，难道我要自己重装系统......大哭? 后悔
2430	1	买了就后悔，主机咕咕的响，像烧开水一样，听着心烦，客服服务差，还不如买个便宜组装机
2431	1	才买一个月左右，平时就编辑文档，今天开不起来了....卡到飞了。还是不要买了。
2432	1	当天就开不了机，退货还不及时，说是要检测。第一次开机就是显示海内存知己，天涯若比邻和请稍等的字样，过会就黑屏了，再也无法启动了，真的
2433	1	开机三分钟  安装注册麻烦还复杂   开机又要各种代码  公司用  玩个屁啊 真tamd
2434	1	刚开机就有点卡，看视频弹幕一闪一闪的跳帧，主机的声音大的吓人，就像煮开水一样，我买到一个赝品了？
2435	1	Dell就是用不成！买个Dell平板，连下载的电影都看不了，不如以前300买的地摊货。买个台式机，音箱插主机后边没有声音，插耳机孔有滋滋的噪音，打服务电话永远打不通。
2436	1	硬盘一直吱吱吱响，吱吱吱响，吱吱吱响，吱吱吱响，吱吱吱响，吱吱吱响，吱吱吱响，吱吱吱响，吱吱吱响，吱吱吱响，吱吱吱响，吱吱吱响，吱吱吱响， 这是通病问题，还是质量问题？
2437	1	大家要看清楚再买，这个机子是没有外音的，你必须同时买一个音箱或者耳机才能听到声音，才能看电视听歌打游戏，再提醒一下，没有外音，没有外音，没有外音
2438	1	不好用，刚用就坏了，烦死人
2439	1	不好用，能退货不
2440	1	才买两天就掉价了？
2441	1	机子到了，跟想象中还是有太多区别！！
2442	1	商品收到，就是上网看片有点卡
2443	1	系统慢，卡卡咔咔咔。不像新电脑
2444	1	联系大家不要在京东上买，东西比实体店贵好多，京东没以前好了
2445	1	卡的跟***一样 开个网页要老半天
2446	1	不好，订单缺货也不说，烂烂烂
2447	1	一个字：卡！不，三个字：非常卡！
2448	1	维修人员呢，电脑经常黑屏、
2449	1	不满意，性价比低的离谱。不如组装
2450	1	性能配置：速度慢
2451	1	二十来天，卡的要死
2452	1	能给零分绝不给一分！！！！！！！！！！钻石用户了京东买了几年都是好评，这次买了个垃圾货，非常的慢慢！！！！！！！！！！！！！！火气大，支持国产支持的心睹
2453	1	屏幕好像有点歪&hellip;&hellip;&hellip;&hellip;
2454	1	屏都坏的，没人处理
2455	1	不退货理由，电脑以激活。不可以退货！
2456	1	CPU不行，运行速度慢
2457	1	电脑卡得要命，看电视剧都卡，不建议买
2458	1	卡死了，不好
2459	1	速度慢
2460	1	慢的没法用
2461	1	速度慢
2462	1	电脑不好用������
2463	1	一个字差，就这样就运行不了了
2464	1	卡的一笔，什么都用不了
2465	1	以次充好，基本是过期产品
2466	1	关机关了半个小时，而且WiFi也不好设置
2467	1	买了没几天就降价，啥玩意
2468	1	电脑质量不行，申请换货
2469	1	出厂就是坏的电脑也给顾客发，发了以后有问题还不解决
2470	1	这电脑慢的要死。打开文档都卡得不行
2471	1	少送了一个显示器，19.5的，请速配送，谢谢
2472	1	性能配置：软件几天都不能激活使用
2473	1	卡的一货，三台都是，废
2474	1	辣鸡，卡的一麻皮
2475	1	电脑为什么这么卡，就办个公，卡的不行。
2476	1	该产品速度爆慢、、、、、、、、、、
2477	1	速度慢
2478	1	电脑卡，客服不理人
2479	1	电脑好卡，后悔买了
2480	1	电脑真的很卡，真的很卡
2481	1	开个办公软件居然要30秒，我该怎么办
2482	1	主机第二天就坏了
2483	1	虚假营销，价格混乱
2484	1	开个网页cpu都持续100%，硬盘吱吱嘎嘎乱响。
2485	1	差差差！不要上当
2486	1	质量差，服务不好，还不给退，开机都要半天
2487	1	这个破电脑串口卡不好使，害得我两个城市跑了四五趟，疯了都。
2488	1	这么卡的电脑怎么好意思拿出来卖？
2489	1	性能配置：软件不能激活使用
2490	1	我的发票呢？
2491	1	新机器用了没一周就坏了，倒闭算了，还干什么干！
2492	1	虽然是家用不用配置高，但是速度真的慢得揪心啊&hellip;&hellip;
2493	1	速度比十年前的386还慢！希望有人能上门解决！
2494	1	只有换了系统才能正常用(办公)，不换系统卡成呵呵
2495	1	不到一周主板就坏了，也是醉了
2496	1	买了十天掉了两次价，只能保价一次还亏两百
2497	1	总共买了六台，电脑速度比较慢，办公都不太理想。
2498	1	一分价钱，一分货。给孩子上初一买的，不值得购买。
2499	1	运行速度好慢
2500	1	非常卡
2501	1	本来想买M5200k那款   说是不加钱    看下是会员才不加钱那就算了吧，买了第二天M5200就降价300.好伤心
2502	1	下单评价和晒单评价同存，被呼悠了
2503	1	之前卡慢忍了，现在都开不了机了
2504	1	烂电脑没发用，能退货吗
2505	1	买来就非常卡
2506	1	这种电脑就不要拿出来卖了，害人不浅啊，送给朋友差点就跟我翻脸了！
2507	1	电脑点个东西都有卡卡的    。以前自己组装一台1900都比这个好。
2508	1	勉强
2509	1	开机要3分钟，便宜没好货。
2510	1	没有比这个更慢更卡的电脑了
2511	1	速度慢的让人发痴，想打开一个网站你就能睡一觉
2512	1	性能配置：一分钱一分货，太卡了
2513	1	刚到手电脑这这么卡？？
2514	1	不好用，太慢。一直在购买京东，值得信赖。我选择，我放心
2515	1	无敌巨慢
2516	1	刚买完就降价 是不是应该给个说法啊 什么情况啊
2517	1	卡卡卡，没法用
2518	1	售后服务：服务差，根本没人来处理，还说什么上门要收费，
2519	1	新机器用了几天就点不亮了，质量越来越差了
2520	1	跟我10年装的955一样卡到玛都不认得
2521	1	机子很卡
2522	1	不想再说话
2523	1	买吧，一分价钱一分货，卡的不要不要的，真的是醉了，电视都看不起来。
2524	1	没法用，开机完就卡，怎么用？有谁在用？一肚子火
2525	1	电脑没有声音，问客服没有回应，不理人，但是插上耳机有声音
2526	1	卡得我要死，退又不得
2527	1	就聊天用办公 真卡啊 没法办懒得换了
2528	1	性能配置：电脑老是黑屏，而且老是卡窗口
2529	1	不好用，玩英雄联盟都有点卡
2530	1	散热性能：刚买20天左右，风扇就坏了，不多说了
2531	1	感觉不咋滴
2532	1	质量不好第一天就坏了，建议还是别在网上买
2533	1	动不动就花屏唉
2534	1	言而无信，说好整点返现结果等了十多天还不返
2535	1	卡屏，玩着游戏经常卡屏。
2536	1	第一天用死机了！屏幕边缘触摸有静电
2537	1	购买需谨慎啊！就当买教训了
2538	1	送来才几天，就已经开机都开不了按了几次没反应
2539	1	买了20天，每天打游戏，电脑自动重启
2540	1	刚到第一天就开不了机，还要叫人上门修
2541	1	质量非常一般，玩英雄联盟都有点卡，哎
2542	1	售后服务：差 跑分评测：1
2543	1	刚买来老出问题、卖家没调试过吗？
2544	1	迟迟不退货，
2545	1	买不到一个月，现在开机后就是黑屏，我都服了
2546	1	打不了lol，不停的闪屏
2547	1	性能配置：我觉得性能配比都很差
2548	1	不是很喜欢
2549	1	发票一直不开，2个多月了还不开。催了好多次，就一直拖。
2550	1	25万分刷的吧？买回来开不了机。还要换主板才能开机。
2551	1	老是死机
2552	1	声音大，系统不稳定，打开photoshop能把电脑卡死
2553	1	在也不会在网上买电脑了。自动断电。开机开不了。
2554	1	显卡有明显问题，收到货鲁大师检测于商品不符合&hellip;其他的真不想说了。
2555	1	直接开不开机，不过灯挺好看的
2556	1	良心不会痛吗？嗯？
2557	1	显卡坏的
2558	1	真的是次品。
2559	1	刚买的新电脑，屏幕老是短路，效果我没用过，但是从这来看就不行
2560	1	只能建议大家不要买 买了就后悔 这配置还没原来破的好用
2561	1	买了2天鼠标坏了，半个月开始死机，屏幕四交发白
2562	1	感觉不咋滴！
2563	1	商家为什么不开增值税专票，只能开普通票呢？这样的做法不是偷税漏税行为吗？
2564	1	性能配置：一般，
2565	1	哎~也就几千块钱买了个杂牌货。就当买个教训了。玩LOL，CF。登游戏的时候有点尬。
2566	1	最高配的，才跑23万多分。
2567	1	机子有问题就算了  退款还麻烦 真耽误我时间
2568	1	翻新机，面板配置比我的旧电脑高那么多，居然比旧的慢，卡。
2569	1	主机是翻新机，里面的各种软件我没买之前就在使用
2570	1	售后态度0分。
2571	1	商品描述不符合或存在模糊不清或故意用让人不太明白的术语描述的地方，尽兴而来，败兴而归
2572	1	辣鸡?
2573	1	拿到货机箱漏电，换了一个之后，有的时候机械硬盘读不到，游戏就更别说了，看图
2574	1	耳机到货烂的   自己买的一个 耳机孔还有电流  鼠标也不行
2575	1	用了一段时间才评价，总的还一般，就是自动关机2次。慎用！！
2576	1	刚刚买的开机屏幕四个角都有光，而且玩DNF有点卡，真是醉了
2577	1	卡成死狗
2578	1	硬盘有点。可以无视。动不动就死机。赠品鼠标 当天就坏了。不是着急用。就退货了
2579	1	买回来用了不到20天主板就坏了，现在主机被维修师傅拿去维修了，维修好了后续有什么问题再来评论。
2580	1	开个机要5分钟
2581	1	使用一个月左右，使用中黑屏，联系售后，只能在下午1点后才能接电话 售后服务：售后差
2582	1	收到货显卡是坏的...我又拍了一个显卡702元 坏的寄回去收到了 还不给我退款。都好多天了 什么效率
2583	1	只用了一个月，就开始出现黑屏，自动关机，重启，购买需慎重
2584	1	唉！
2585	1	玩个网游都经常卡死，关还关不了。鼠标右键已经不好用了。
2586	1	新的电脑屏幕有问题，给更换了，但是快递费说给返还也没看到，买了根网线说也不收快递费，但是也没返还，服务态度不太好
2587	1	如图，周三到货，周五晚上发现有问题，就这样了，没人理。网上买东西，售后问题是大事！凑活着用了。以后绝不网上买，
2588	1	性能配置：买了一个月，无法开机 全凭运气  重启**次才可能成功
2589	1	这配置连cd这种入门游戏都玩不了  主机电源头还是坏的  服务态度极差不建议买系统也不是正规系统
2590	1	性能配置：12年的配置 售后服务：售后技术什么都不懂，瞎指挥 其他特色：12年的配置
2591	1	电脑多次问题，买了这个电脑三天两头需要叫师傅。装个系统需要89。
2592	1	当天送到很快，但是第二天就出现问题，！这屏幕什么问题？比鸡还难受?
2593	1	建议不要买，这家的电脑配件很容易坏，便宜没好货，我直接买个宁美国度的不错
2594	1	电脑自身是没声音的，也没有蓝牙驱动，第二天玩游戏强退了网络应该没问题，应该是电脑问题，多开会卡，店家沟通后送了对儿小音响，效果看视频，我**也是服了。都懒得再沟通了 京东小哥给好评，台风天也在送快递，辛苦了
2595	1	买回来开始几天还好，现在游戏打不开，把所有东西都删了.就留一个dnf  还是一样进不去游戏，我不知道说什么好，
2596	1	电脑不错，不过这个显示器我就十分无语了，四角都有白光，沟通后台，说这个正常。申请换货后，新的显示器到了，但结果感觉比第一张还要差。自认倒霉吧！自己再重新买个显示器。
2597	1	好糙的组装，机箱漏光，后面6个U口，四个插不上，第一次买组装机，也许是价格便宜阿狸
2598	1	废物东西，不是这里有问题就是那里有问题，到手里7个小时了游戏还玩不上呢。说的好听，东西是真不怎么样。
2599	1	跑分14-15万，配件都是比较老的上一代，或上几代产品。拼成的电脑。给公司办公室选的，希望能用的久一点。Ps：购买价格3200 感觉被坑了点
2600	1	机箱外观：塑料材质 性能配置：杂牌组装 散热性能：风扇声音较大 跑分评测：一般 售后服务：无话可说，办事效率太低 其他特色：但凡有点脑子的不建议购买，我没脑子，买个教训。
2601	1	机箱外观：外观好里面辣鸡? 性能配置：一般 散热性能：一般 跑分评测：没看 售后服务：还行吧！ 其他特色：就剩下一个好看。其他的对不起这个价格！玩游戏根本不像新机器。运行太慢。显示器??说是曲面屏送的是平面的。还有显示器的支架太辣鸡了点第一次买东西写这么多?一星是给快递的。
2602	1	用了一段时间，凭良心说打游戏一般，办公用感觉有点心累开个文档都能卡，看个图片还黑屏，曲面屏一直感觉长的像普通屏幕一样平，键盘和鼠标直接买新的吧！
2603	1	绝地求生下载了开始不了游戏，LOL玩的时候还画面卡顿，再次的n卡也不会这样，一个字，差，故意加个显示屏就是为了促销售感觉就是为了淸库存
2604	1	太好了，在客服的悉心指导下，电脑用到了一个半月，虽然电脑挂了，但是还剩下好多能用的配件呢，太赚了
2605	1	没有回头客的店，20天坏了，换个硬盘一个礼拜没发货，客服永远是尽快安排这一句话，我能怎么办，钱付了退货期限又过了，用钱长记性。要买电脑的长点心吧
2606	1	电脑买来，下载dnf游戏，进去很卡一会就黑屏了，然后联系客服.客服教你安装系统这样弄一下那样弄一下，有所改善，经过了一个礼拜的体验，前三天非常气愤后四天还可以，不过现在进游戏一会还是会卡黑屏一下，不过有个软件帮修复，有时候还是会卡，
2607	1	买的套餐三，内存是13年的，主板显卡的日期都是改过的，性能数据对得上，但东西是不是新的就不好说了。因为疫情原因，要个电脑混时间，所以就不退货了。
2608	1	售后服务：非常差的一次
2609	1	电脑很渣没两天就坏了
2610	1	差评，显卡一插上显示器就黑屏
2611	1	问题一大堆，简直都是骗人的
2612	1	不怎么样 很失望
2613	1	太垃圾了，不要买，好多问题的
2614	1	真的很垃圾用了没多久就开不了机了
2615	1	电脑非常卡，不是一般的垃圾。
2616	1	垃圾电脑，老是黑屏
2617	1	进入游戏很慢，配置与描述不符
