0	3	优点：价格便宜， 不足：耳机掉漆
1	3	支持下国产，支持国产，国产
2	3	京东的东西我现在只能给三颗星
3	3	整个音质如一锅粥一样
4	3	如果能送白色的就好了
5	3	目前还行就是戴着难受
6	3	买手机赠送的，音质很好
7	3	没有超乎想象，但还可以 ！
8	3	一直购买的，送货快，服务好。。
9	3	给老公买的，他说还凑合
10	3	耳机还不错，送货太慢了
11	3	性价比挺高，音质一般吧
12	3	看起来还不错，物流给力
13	3	送货很快，就是容易掉落
14	3	这个价位，支持下小米。给个三星。
15	3	感觉耳机还行音质还可以
16	3	速度不错，质量不怎么满意
17	3	还不错就是运动时不好用
18	3	还可以吧，反正这个价位。
19	3	音质一般，发货速度还可以
20	3	感觉还可以，不是小米原装
21	3	一分钱一分货 也就这样吧
22	3	挺提高动手能力的一次购物
23	3	手机充电的时候用，有电流声。听说评论大于十个字就有机会赢京豆
24	3	很不错，但是音控建没用用。
25	3	还可以，这个价格也就这样了
26	3	性价比还行，和其他品牌比线缆很细
27	3	一分钱一分货，性价比没高到哪儿去
28	3	用了一段才来评价，质量还可以
29	3	挺好的耳机，不过买完就降价
30	3	还行吧，包装可不可以认真点。
31	3	还好吧！这个价位
32	3	顶左我儿仔好痛
33	3	音效很一般 物流快
34	3	真的是问题多多
35	3	还没用，到时再说
36	3	买手机送的。一般般
37	3	音质*那些差不多吧
38	3	避实就虚那现在呢
39	3	送的东西，你懂的。
40	3	还行吧一分钱一分货
41	3	我为什么喜欢在京东买东西，因为今天买明天就可以送到。我为什么每个商品的评价都一样，因为在京东买的东西太多太多了，导致积累了很多未评价的订单，所以我统一用段话作为评价内容。京东购物这么久，有买到很好的产品，也有买到比较坑的产品，如果我用这段话来评价，说明这款产品没问题，至少85分以上，而比较垃圾的产品，我绝对不会偷懒到复制粘贴评价，我绝对会用心的差评，这样其他消费者在购买的时候会作为参考，会影响该商品销量，而商家也会因此改进商品质量
42	3	还行，一分钱一分货
43	3	还可以 值得购买
44	3	还可以配送及时
45	3	没用，希望能好用吧
46	3	款式可以，音色渣！
47	3	音质还行，包装不行
48	3	还可以 盒子好小
49	3	将就了，挺好用的
50	3	还可以，质量不错
51	3	不好用，质量还行
52	3	音质很好，送货也快
53	3	物流快，东西不错。
54	3	早知道米粉节买了
55	3	听诊器效应明显
56	3	声音大挺满意的
57	3	凑单买的也就那样子
58	3	感觉好渣的样子。
59	3	挺好的，声音还可以
60	3	不错，物有所值啦
61	3	容易坏，帮朋友买的
62	3	对得起这个价格。
63	3	耳机质量还行吧
64	3	还行，音质说得过去
65	3	还可以啦啦啦啦啦啦
66	3	音质一般，马马虎虎
67	3	有质量问题，己退款，服务很好
68	3	这个价位确实不错，凑活着用吧
69	3	快递很快，耳机造型不是很好。
70	3	感觉还不错，后面再追加
71	3	不错，有特色，物流挺快的
72	3	一分钱一分货，你们懂的。买小米耳机还是推荐*以上的。您T1固体UGG么咯会各位MM搜个
73	3	质量和音效还好，小米正品耳机
74	3	其实还算可以吧，给个三星最中肯
75	3	不算好，不过这价位也还算可以了
76	3	我也是米粉啊，音质还行，赠品嘛，
77	3	收到了，不知道质量怎么样。后面在来评价
78	3	不知道如何清理耳机孔里的东西
79	3	不错不错挺好的就是京东没有狗肉卖所以不给好评
80	3	不错不错挺好的就是京东没有狗肉卖所以不给好评
81	3	外观还行，音质实在垃圾
82	3	音质一般般，设计还可以
83	3	配戴不方便，其他的还好
84	3	刚用，不知道具体怎么样
85	3	耳机还在使用中，耳朵很痒
86	3	戴着耳朵不爽，音效可以
87	3	帮朋友买的，说是还可以
88	3	用这一般没大毛病，又很便宜。。。
89	3	一分钱一分货，使用起来还算可以
90	3	包装盒有缺损，东西还行。
91	3	外表看着美观大气上档次。一直信任京东。质量不错，送货很快，服务很好！ 太漂亮，大气，档次高，超喜欢。 货比三家，选的也好是辛苦啊?现在除了一碗热气腾腾的拉面，在强哥这里买不到其他的，只有你想不到没有买不到? 上午下单，下午到家速度啊！看着还行 货品不错，装了实用。质量可以。是值得购买 不错不错不错！！！！！！用了还可以，刚开始用有点涩。很干净，质感也不错，价位适中，性价比一般吧。 不错 物流一天就到了 整体感觉很不错，收到就用了，挺喜欢的，这个用的好，还要买多几个。 物美价廉，用着看看吧，免去市场购物之劳 ，推荐答案 我为什么喜欢在京东买东西，因为今天买明天就可以送到。我为什么每个商品的评价都一样，因为在京东买的东西太多太多了，导致积累了很多未评价的订单，所以我统一用段话作为评价内容。京东购物这么久，有买到很好的产品，也有外表看着美观大气上档次。一直信任京东。质量不错，送货很快，服务很好！ 太漂亮，大气，档次高，超喜欢。 货比三家，买到比较坑的产品，如果我用这段话来评价，说明这款产品没问题，至少85分以上， 宝贝收到了，非常喜欢，质量很好，卖家热情，物流给力，非常愉快的一次购物，好评！
92	3	电流声很明显，音效还可以。
93	3	我才买不久啊&hellip;&hellip;那么多划痕
94	3	马马虎虎吧 很一般吧这个东西
95	3	京准达就是个开完笑的服务而已
96	3	还行感觉和一代差不多
97	3	这是买的第三套le
98	3	挺好的，将就着用
99	3	替朋友代购，物流一如既往即时
100	3	比上一代没有名字提高。
101	3	商品本身不错，但是增值税发票什么时候到？
102	3	总体还不错，用着看看吧哈哈哈哈
103	3	万元以下听个响吧，戴着舒服
104	3	还可以的，就是耗电很快
105	3	做工质感：加利福尼亚厂货
106	3	质量还过的去，价格也还好。
107	3	这年头虚荣的人太多了，没办法。
108	3	还不错，暂时未发现任何问题
109	3	还好吧，加价买的，木有赠品。
110	3	查询了下是正品，只不过刚买就降价了，很好用
111	3	想知道这是什么操作
112	3	盒子上面有些划痕，其他都挺好的！！
113	3	我觉得各方面都一般般，没什么特色
114	3	音质还是可以接受，但包装袋装的，
115	3	好评吧，用电挺快的
116	3	还是半开放耳机舒服
117	3	总统还是可以吧，能接受
118	3	还行吧说的过去，比实体店贵点
119	3	评价大于*元的商品超过10个字就有机会获得京豆
120	3	刚才收到的，用了一下感觉还可以吧
121	3	还没用，买来又是积灰的
122	3	耳机很好，就是感觉制作的不精致
123	3	挺好用的就是有时候有杂音
124	3	好说歹说女神才收下，嘿嘿嘿
125	3	苹果手表和手机一起连会乱套的......
126	3	商品不错，收到的实物不行，没能体验到
127	3	感觉没那么好！很多要用到Siri！
128	3	音质还是不错的就是双击切歌的不是很灵敏
129	3	音质感觉就那么回事，但是确实很方便
130	3	做工真的一般，不用起来还是很方便的
131	3	东西不错，就是没赶上价格低的时候买。
132	3	整体感觉还可以
133	3	刚收到货 先用着看看 等过一段时间了再给评价！
134	3	听听看再说，官网激活了一下保修时间。
135	3	和安卓配合使用总会出问题！
136	3	客服都是机器人不会说话的，产品是正品全新
137	3	还行吧，有时候连接较慢。
138	3	耳机音质很好???快递服务非常差
139	3	买到这种，呵呵了
140	3	电量用的太快了
141	3	使用还可以，没有想象中的那么好
142	3	送货速度极快，价格也比从苹果官网买有小优势，推荐
143	3	自行体会，明天去实体店问问
144	3	很好我很喜欢，不过充电器壳外有点划痕
145	3	忘记比价 果真比官网贵
146	3	京东也丢包裹啊  砸成这样 不知道里面有没有问题。
147	3	感觉还行 但总觉得可能是翻新货
148	3	东西还可以，包装真的简陋
149	3	有待研究，中评给价格
150	3	里面有灰尘 ，音质不错，很好
151	3	做工一般主要是方便
152	3	帮同事买的是正品快递小哥服务态度好挺一个下次再来
153	3	刚收到充电盒掉电很快
154	3	还可以吧，孩子在用
155	3	还不错吧，跟官网一样的价，没说可以刻字
156	3	还可以吧 就是外盖有个小黑点
157	3	一千块钱只配用这个包装！
158	3	左耳机有噪音！右耳机正常，挺好
159	3	给女朋友买的，通话好像两个小时就没电了。。
160	3	还行吧 不知道是不是正品 经常不会自动连接
161	3	物流很快很满意，包装完好
162	3	不错，一星期降200，幅度有点夸张
163	3	音质一般吧，用着挺方便。
164	3	耳机一般吧性价比低连接还是挺快
165	3	东西很好，但是刚打开就有磕碰的痕迹
166	3	没有礼品，三星评价，东西还是可以的一分钱一分货嘛！
167	3	音质还可以， 缝隙太大了
168	3	做工质感：缝隙很大，确实很不开心。
169	3	用着可以，做工一般
170	3	商品可以  验证是正品  但耳机做工粗糙啊
171	3	使用痕迹还是挺明显的，功能暂时没问题
172	3	用来听歌还行吧 打游戏能延 卡卡的
173	3	哎
174	3	很不错，但是做工感觉很差，还有缝
175	3	电池用的很快！在用几天看看 不行就换！
176	3	总体还是不错的用了段时间才来评价 唯一就是盖子有点松动
177	3	目前没发现问题
178	3	不错&hellip;但是不知道为什么连不上iw3&hellip;
179	3	还行。
180	3	买的第三副了，每一副差不多用半年吧
181	3	物美价廉很好用外观不错很满意
182	3	质量款式音质一般般
183	3	还好吧，中规中矩
184	3	为啥是荣耀，我想要华为的，怪我没看清。
185	3	今天刚到试了一下感觉音质还可以。
186	3	音质还好，快递包装也完美。一切从简
187	3	商品还可以，物流蛮快的
188	3	除了品牌不一样，其他还好
189	3	音质还行吧，在这个价位还算可以
190	3	冬季使用静电很大，一分钱一分货
191	3	同时买了两套，一套送人，一套自己用
192	3	舒适度：还可以感觉   用起来
193	3	还好，到货快，就是经常滑落
194	3	我来看看我什么时候买的，因为坏掉了
195	3	一般，不知道好不好用，过阵子再来评价
196	3	除音质好外没什么特色。
197	3	音效音质：还是可以下次在次购买
198	3	物流很给力，就是快递小哥没有礼貌
199	3	音质非常好 就是很快就烂了，
200	3	很不错的哈。值得拥有，也不贵
201	3	耳机还是比较好用的
202	3	颜色外观：其他一般
203	3	线很细，担心坏得快
204	3	买的华为送的荣耀
205	3	音效音质：一般吧
206	3	舒适度：挺好的，不错
207	3	一般般吧，凑合着用
208	3	跟~*上批发的一样，亲试。
209	3	质量还可以吧，还不是很满意，给中评吧
210	3	一般吧，办公室凑合听歌
211	3	东西是不错，但是物流给我搞事情，弄坏了外包装，不爽！
212	3	耳机线明显比我之前在实体店买的细很多
213	3	漏音严重，其他还行，应该不是正品
214	3	线很细容易打结，低音很混着
215	3	给我的也是荣耀的，不过能用 试一试再说吧
216	3	可以很不错，音质也可以
217	3	希望商家可以分清华为和荣耀
218	3	做工质感：还可以建议加多10快买个铁的
219	3	还可以吧，反正都是耳机，用着都一样
220	3	东西不错，物有所值，比想象中的效果要好
221	3	使用还可以，不过材质摸着和原装有区别。先用着吧
222	3	荣耀算是华为的吗
223	3	库存耳机 感觉还行 音质一般般
224	3	一分钱一分货，不要太高要求！
225	3	看着质量还可以，我不知道为什么没有我手机原配的
226	3	用后再来评价它的好坏
227	3	邮寄很快，音质也不错，耳机线比原装线要细
228	3	一般吧  一分钱一分货
229	3	音质满满的都是安卓感 声音细节听不出来
230	3	刚开始用音质很好，后来就不行了
231	3	听了感觉还可以！但没想像中那么好！
232	3	多少还是有点瑕疵，总之还是不错的
233	3	商品到手拆开来看是荣耀的logo，不过听起来音质不错。
234	3	商家服务态度可以。东西就不算好
235	3	一句话，一分价钱一分货
236	3	这条买贵了，耳机还可以。
237	3	还行，一分钱一分货嘛！
238	3	一分钱一分货，嗯，就是这样
239	3	给家人买的-应该不错-现在还没有使用！！！！相信店家！？？
240	3	漏音严重，不过店家态度很好
241	3	8错，压都压8坏的那种
242	3	东西还不错
243	3	电话通话声音不大
244	3	颜色外观：还不错
245	3	刚到，还可以
246	3	音质一般
247	3	音质还行，一般，线比原装的细了好多，
248	3	一份钱一分货
249	3	快递小哥很给力，音质效果挺好的、物美价廉?
250	3	還行，，，，，
251	3	物流超级快!!
252	3	我挺喜欢这个耳机，但为什么我上面是honor字样，
253	3	商品还行
254	3	快递很快，音质还行。就是有一股味道。
255	3	还可以哦
256	3	挺好的，但不是华为nove2s的原装，功能也还行，客服也挺好的。
257	3	和活塞耳机比起来还是不太好，但是价格很合适，算是实惠
258	3	还行吧 用后再来追评
259	3	做工质感：也就那样吧，价钱摆在那里
260	3	给我的是荣耀的耳机，大家想清楚再下单。音质不错。
261	3	做工质感：还行还行
262	3	做工质感：还好 音效音质：还可以
263	3	可以不错
264	3	音质，外音，材质
265	3	就那样吧还好
266	3	快递服务好
267	3	质量还行
268	3	还行吧
269	3	还好吧
270	3	耳机一般，不过售后服务不错。
271	3	还不错，效果可以。
272	3	音质和价格匹配
273	3	随机发货我懵了
274	3	果然一分钱一分货
275	3	京东服务很好，耳机做工不太好
276	3	价格便宜我看名字误以为是日本的索尼了
277	3	做工质感：还是很简单 线好小，很容易折
278	3	凑和
279	3	线真的好细
280	3	用了几天右边耳机没声音了，不过确实挺便宜的
281	3	一分钱一分货 备用的 能有个响动就行了
282	3	在一起就不可能去听听她趟列车?！在
283	3	只要9块9，塑料质感，能用就行了。
284	3	音质音效：确实只值9.9。
285	3	不太好用   用手机语音时常常会有杂音  其他还可以
286	3	音质真的差，便宜我也认了。追求音质的朋友慎买。
287	3	一般吧
288	3	凑合着用吧
289	3	音质音效：60分
290	3	能响
291	3	一分钱，一分货
292	3	快递速度很快。
293	3	十年前卖3块吧
294	3	音质音效：差，一分钱一分货，不要有期待就是最好的期待。
295	3	音质音效：自己听着还行，玩游戏打电话对方听着有杂音
296	3	音质还是不错的，做工比较粗糙，没有加减声音的功能
297	3	用了二十多天坏了一个 不知道这个质量怎么样，希望没问题
298	3	京东物流超快，包装很好。产品不像是新品，耳塞外表有瑕疵、产品包装有折痕！不过好在还有声音能用。
299	3	做工质感：还可以 音质音效：听歌可以，吃鸡听脚步不怎么清晰 舒适度：戴久了会有点疼
300	3	跟预想中的有一些出入，不过对得起这个价位，先用两天应应急，过些日子在换一条吧
301	3	做工质感：高端大气 音质音效：也很立体 舒适度：也很舒适 续航能力：哈哈哈 唯一的缺点就是便宜难以有好货。
302	3	做工质感：比较差，割手， 音质音效：音效还可以，留着备用吧！ 其他特色：不能图便宜，一分价钱一分货，准备再买个好点的
303	3	音质可以，客服服务可以，给个三星。就是线不结实，坏了一个换的新的，又坏了！
304	3	音质音效：音质不错挺好，打游戏音质听起来也不错 舒适度：就是打电话还有打游戏开麦的时候会炸麦，有电流声发语音的时候也有
305	3	音质音效：音质还可以 舒适度：我带时间长了耳朵疼 做工质感：还行 其他特色：外音有点大。。开声音一大外音很大
306	3	质量一般吧，与卖家描述的完全一致，非常满意,真的很喜欢，发货速度非常快，包装非常仔细、严实，物流公司服务态度很好，运送速度很快，很满意的一次购物
307	3	京东的铁粉，喜欢在京东购物，东西总体来说都不错，送货快，售后好。尤其是京东自营的东西，买来可以放心使用。感谢京东的每一位员工，让我们的生活变得更便利。 希望可以多多的做活动，让我们的购买价格更加实惠。这次买的这个  ，做工不错，用料看上去也蛮好，非常适合家用，推荐大家购买。减2颗星，给客户的，专业知识太差，自己家东西支持什么设备都不知道。然后前后活法还不一致。
308	3	做工不错，与其他品牌差不多，舒适度还行，佩戴没有不适感，但是其音质** 甚至是含糊不清的  似乎想故意制造出一些特别的氛围，但我不喜欢，对耳机来说音质是最主要的指标，这里我不推荐购买。
309	3	做工质感：还可以 几块钱的音质 够用 不知道耐久度咋样 待观察 音质音效：只要不是特差 都还可以接受  有不是整啥特好高级了东东 就是跑步的时候听听歌 舒适度：这个舒适度 确实挺不错 大小也合适 跑步没有一点掉的感觉 续航能力：这个是插耳机了 不存在 续航能力 只有耐不耐用 其他特色：昨天刚收到货 今天8折卷冒出来了 一交易少了2块钱 虽然不多 也够我吃一个月盐了 为此少给两颗星
310	2	做工质感：线头露在外面
311	2	哈哈，这就是索爱
312	2	刚用没多久就坏了
313	2	撑的耳朵疼，带不了这种
314	2	音质一般，价格在那摆着
315	2	咋跟原图不一样，给是发错了
316	3	还没装上接头套子就掉了
317	2	没用几天一只耳机没声音了
318	3	音质一般，一分钱一分货
319	3	质量同价钱一样，容易坏
320	3	我只能说这个价格也就只有这样了
321	2	一个月不到就坏了一边了
322	3	音质音效：一般 匹配不好
323	2	音质音效：有杂音，效果不好
324	3	耳机有点接触不良
325	3	几天就坏了一只
326	3	麦克风有点不行。
327	2	没用几天就坏了
328	3	偶尔会有点电流声
329	3	耳机里有异响，一分钱一分货
330	2	左边耳机没声音
331	2	有一个没有声音
332	3	音质音效：不怎么样 做工质感：轻
333	2	做工质感：质量不行，很快坏。
334	2	用了两周就坏了
335	2	音质音效：音质一般
336	2	音质差比不上地堆这个价的！
337	3	音质一般，材料一般，这个价格就这种货
338	3	我常用左边，结果没几周隔绝棉就掉了
339	2	图片与实物不符
340	2	没用几天就坏了
341	2	用两天线就接触不良
342	2	一般，不值这个钱
343	2	音质音效：有电流声，用不了
344	3	音质很一般，一分价钱一分货嗯
345	2	音质音效：有噪音 做工质感：较差
346	3	耳机还行，线质不行太嫩了
347	3	音质什么的可以包装基本是没有的
348	3	质感不行，按键也不太好用
349	3	勉强吧 有电流音 不常用
350	2	刚用两天就不好使了 便宜没好货
351	2	用了两天坏了一只 一分钱一分货
352	3	一般般。但是这个价格也不能苛求了。
353	2	音质一般出音口在上面不怎么合理
354	2	买了两个,有一个声道是反的
355	3	感觉质量不怎么好，线很细。
356	2	一分钱一分货，不要抱太大希望就行
357	2	现在坏了，只有一边能听?
358	3	没用两天一个耳机听不到声音了??
359	3	用了没几次就有一边的耳塞没声音了
360	3	就那样吧
361	3	看着蓝牙连接后名字挺难受的，真的AirPods Pro
362	3	耳机还行
363	3	感觉拆封过
364	3	带了耳朵会痛
365	3	东西不错。就是加价400很不爽。还有带着耳朵疼
366	3	拆开后有灰尘，对品质有担忧，继续使用看看
367	3	送朋友孩子的，不知道和一代比较用一年后电池只能用半小时了
368	3	推荐去官网买
369	3	更新固件后降噪不如以前了，不过还是不错的整体来说
370	3	舒适度：戴的耳朵疼&hellip;
371	3	还可以还可以
372	3	收到了，上次买了一个一个星期坏了，看看这个会用多久，试用期中。
373	3	提价400买的，血亏。东西是不错。。外形和之前的有一定区别更加的点了
374	3	之前一直用Sony耳机，，这款降噪还可以，重音感觉比Sony差了
375	3	做工质感：一般 音质音效：还没有几百的音质好 续航能力：3小时左右
376	3	按钮时不时会失灵 音质音效：苹果水准 做工质感：不错 其他特色：一般
377	3	第一次用降噪效果非常好，后面就不行了，和正常耳机一样
378	3	做工质感：缝很大 音质音效：一般 舒适度：厉害 续航能力：不错 降噪效果一般
379	3	音质音效：可以 舒适度：可以 做工质感：有小小的划痕，毛刺，怎么说
380	3	都挺好！就是出现红色感叹号！不知道这个问题以后大不大！
381	3	说音质好的难为你们了、味道还大、戴着爱掉&hellip;&hellip;&hellip;买个乐吧
382	3	做工质感：还行 续航能力：OK 音质音效：OK 舒适度：耳朵不舒服 其他特色：降噪效果极佳
383	3	感觉没有一代好，一代轻轻敲两下就可以换歌，这个三代还得按两下??????
384	3	两边耳机都能明显看到缝。。虽然上一代也是这样。。。。希望下一代品控好点。。。
385	3	什麼都好，就沒事限夠，要買來送人的.每個張號就只能買一下.吃不消
386	3	音质还行，但是总感觉哪里不对，继续观察吧，希望别是高仿的吧！
387	3	还可以，还未用。。。。。。。。。。
388	3	买之前不知道这个数据线还是快充线，需要单独在买一个快冲头，挺不满意的，音效什么挺好的。
389	3	做工质感：可以 音质音效：一般般 舒适度：凑合 续航能力：差 其他特色：无它 电话声音对方听不清楚
390	3	东西是好东西，最匹配iphone的耳机，降噪功能还不错。但为啥我买完刚过一个月就降价200块，不开心
391	3	做工质感：比起其它产品算的上一般以上。 音质音效：H1芯片，与pods2相比，降噪是优点，其余都一样。 舒适度：还可以吧！ 续航能力：还没有长时间试用。 其他特色：味道太大了，感觉不像苹果产品原装正品，难以接受。
392	3	质量不错但建议大家去线下试试，点一段时间会痛是真的，降噪不是很强，但对比同行列产品算很强了
393	3	续航挺好，用了一段时间后链接不稳定，经常没声音。可能是因为我安卓机的原因，还是买华为的吧。。。
394	3	音质音效：大概是我手里有森海塞尔的那款无线耳机，所以一对比这个差太多。 做工质感：苹果的做工质感当然没的说，要颜值有颜值要交互有交互的。
395	3	618的时候1749，隔了20天现在1699。 如果是苹果手机就买这个，如果是其他的话还是Sony的降噪豆吧。
396	3	做工还不错，但是不够细，有几处小瑕疵，还有就是，音质真的很不好啊！！！
397	3	做工质感：精细 其他特色：入手的第一个降噪，技术确实惊艳 音质音效：一般，不是很值2000多 舒适度：还可以 续航能力：刚拿到
398	3	音质音效：一般吧，没有索尼好 舒适度：还行 做工质感：盖子松动太大，完全受不了 其他特色：盖子松动真的太大，强迫症甚买 续航能力：续航还可以
399	3	使用感觉跟大部分人感觉一样，降噪厉害，音质白开水。适合跑步，不掉！苹果品牌的加持。六一八减了二百五，还行吧
400	3	包装起来像正品，因为充电盒有点松，带上去可能还没适应，不算非常舒服，但音质是不错的！（希望真的正品，还凑合）
401	3	音质音效：音质很好 做工质感：很有质感 舒适度：非常不舒服，带一小时左右耳朵就受不了了，非常疼 续航能力：够用
402	3	做工质感：做工不行，上面盖子可以左右晃动 音质音效：真的白开水，只是听个响 舒适度：很不错，没有佩戴的感觉 续航能力：可以，用到后面肯定越来越经不住
403	3	音质音效：棒棒棒 舒适度：还可以比较不错 续航能力：可以的 其他特色：不可以触感切歌嘛。还是我姿势不对 做工质感：外壳连接处不是很紧。可有用手轻轻晃动一点。2300元。不是很值
404	3	音质音效：确实是白开水音效 舒适度：带上很稳不会掉 其他特色：降噪没话说，但是久了会很闷头晕 续航能力：续航感觉不理想
405	3	苹果正版耳机，带着还挺舒服的，送给男朋友的，个人不喜欢入耳式，不过我买完第二天，优惠券就从200变成250了，便宜了五十块钱，我表示十分的不开心，正在考虑要不要退货重新下单，也不知道618会不会更便宜
406	3	做工质感：一般，感觉没有一代二代那么精致 音质音效：还不错，对得起这个价格 舒适度：久戴不会痛 不得不吐槽这个耳塞味道真大，有种小时候乒乓球的味道，闻了时间长头疼
407	3	音质音效：还好 续航能力：挺不错 舒适度：舒适度是真的不行，戴一会没事，戴上一小时耳朵就不行了，涨着痛，完全没有二代舒服。 做工质感：一如既往的过得去没啥特色 其他特色：没有特色
408	3	apple做工没得说，特别是主动降噪，效果很好，但你京东囤积居奇，虽说符合商业规则，可能你们也为此付出了其他成本。但从道德情感上来说，不合适吧？
409	3	做钢化膜玻璃和做口罩开机的别买！遇超声波有杂音特别大那种！建议买二代 二代木有杂音！ 做工质感：还行 音质音效：勉强通过 舒适度：中等 续航能力：还行 其他特色：别到有超声波的地方戴
410	3	做工质感：不错 音质音效：还可以 舒适度：还将就 续航能力：可以 其他特色：那个硅胶味儿太重了，听了一会直接熏得我脑袋瓜子嗡嗡的，就这点完全不合格。
411	3	降噪效果很好，但音质就很一般了，完全没有高音，低音还可以，就是少了很多细节，跟苹果系的手机和平板都是无缝连接，挺方便的
412	3	做工质感：可能是最差劲的苹果产品，不知是批次问题还是为何。缝隙明显，剐蹭感明显，盖子还可以轻微的左右挪动。 耳机本体的粘合也很差 有轻微错位所造成的剐蹭感。 音质音效：还可以 舒适度：挺好 续航能力：一般
413	3	做工质感：充电盒翻盖有点松动 音质音效：还可以 感觉也不是白开水 低音方面不如有线耳机 舒适度：很舒服 没有耳朵里那种闷感 续航能力：很不错 挺耐用 其他特色：比**官网贵二百 我有点不爽 黄牛东
414	3	壳有点活，这个价位我觉得不该出现这种问题，我觉得没有网上传的那么神，带时间长了耳朵有点难受，理性消费，音质可以，无延迟。 做工质感：一般 音质音效：可以 舒适度：一般 续航能力：可以，比我40买的好多了 其他特色：降噪可以
415	3	音质不错，降噪效果不错，但是总是有断断续续的，还经常莫名停止放音乐，两边耳机都出现过很多次红色问号，客服只会让重置，烦死了。。。 另外就是，耗电比我想象的快多了。
416	3	做工质感：做工肯定一流，佩戴舒服，降噪效果不过，人声过滤很好 音质音效：苹果的音质也就那样吧，和大法肯定比不了，买苹果主要是因为匹配手表和手机 舒适度：佩戴舒服，整体不错 续航能力：还好，没用到过没电，基本听一会就放到充电的盒子里面了 其他特色：断联，断联，断联，体验一般
417	3	做工质感不错，有一股塑料味，音效我觉得耳机都差不多，和几百块耳机差别不大，戴久了或开降噪耳朵不舒服。续航能力挺不错。
418	3	做工质感：盒子缝大，还松动，苹果小日子是不是过得太滋润了 音质音效：高频刺耳，人身偏冷，低频还行 舒适度：开通透之后挺无感的，不过戴久还是会胀痛 续航能力：一般吧，4个小时满足我平日使用需求了 其他特色：无
419	3	耳机还不错，但是给了充电数据线，没有充电头，线还是小口的，之前买的手机和平板都配齐的，没想到这次这么失望，要想充电另外买充电头，这套路也是够够的
420	3	舒适度依旧很好，这点没得说了。音质一般吧，感觉声场还不如AirPods2宽广，其他和AirPods2差不多，可能入耳的原因，降噪可用，通透功能算是实用，出现过降噪通透不灵的情况。防水也是蛮实用的，运动下雨洗澡可带（洗澡非喷头直接浇）。性价比超级低，还加价太离谱。但舒适度确实无敌。 舒适度：无敌
421	3	使用半个月，碰见过几次拿出来左耳电量很低，右耳满电，充电图标也是异常。使用过程中左耳没摔过，平时用着也挺小心的，充电仓无异物。 耳机整体来说，降噪比qc20弱一些，主要是无线，确实比较香，外观也比较好看。
422	3	续航能力：比较差其他优秀
423	3	我不服，我的2代为什么没有这么好
424	2	搞不懂耳机壳怎么有点松？
425	3	一般般，性价比不高
426	3	音质音效：降噪不行啊
427	3	一般，就新鲜，不觉得很值
428	2	能说明啥，一分钱一分货
429	3	还得再买个充电器，也是醉了唉
430	3	做工质感：怎么这代品控这么差啊
431	2	耳机盖子有明显的松动
432	3	盖帽与盖身连接处松动
433	3	买回来就降价，其他还行
434	3	过了618降价了，还显示超保价期。
435	2	刚买完就掉价 什么意思啊
436	2	买完就降价呀，做工很一般！
437	3	为什么触摸不管用？
438	3	橡胶味太臭了，其他都好
439	2	才几天就电流声了
440	3	才多久就优惠这么多
441	2	自己没声音了 也不给我售后
442	2	还是去官网买靠谱
443	3	天啊 我买了之后就降价？ 救命
444	2	打开之后后面是脏的
445	3	就是有点脏 是正品
446	3	没有充电头这是最关键的弊端
447	3	才买几天就降价了？
448	3	不到两个月盖子已经开始松动
449	3	买了没多久就降价了，十分不爽。
450	3	好脆弱
451	3	音效音质：一般
452	3	音效音质：。。。。。。。。。。
453	3	使用一般般
454	3	做工质感：好！ 音效音质：好！ 舒适度：舒服！ 颜色外观：好！
455	3	做工质感：我只能说还可以 颜色外观：是我喜欢的，很好
456	3	音效音质：一般 舒适度：好 做工质感：好 颜色外观：好 其他特色：无
457	3	音效音质：还可以。 舒适度：基本上戴个一两小时耳朵就有点痛。 做工质感：有这么优秀。
458	3	音质不错，都但是用一个多月麦克风就有问题了。声音变小且有杂音。
459	3	做工质感：漂亮，美观，刚好合适耳朵 音效音质：有点沙哑 颜色外观：我喜欢的颜色
460	3	外观很好，质量不错  但是想要好的音质绝对是没有。只能凑合着听听。
461	3	舒适度：舒适度体验比较差，带时间稍微一长，耳朵就特别疼。 音效音质：音质和音效很不错，值得这个价位。
462	3	用起来还好，很容易进水，用这来跑步的话估计够呛，汗可能会让线控位置短路。
463	3	和预期的差不多，音质很好，比oppo原装的强多了，录歌音质清晰，就是外包装破的袋子损了一丢丢不知道是不是快递运输造成的，强迫症吧可能我给个中评吧
464	3	耳机好看，听歌通话都很清楚，效果很好，佩戴也舒适，K歌也很清楚，但是这个快递员不能忍所以给中评
465	3	颜色外观：外观颜色还是可以，黑色的 舒适度：舒适度也可以，很不错 音效音质：听歌之类的还不错，但是玩吃鸡的话就不行了 做工质感：可以可以可以可以可以 其他特色：主要是因为想玩吃鸡才买的 ，但是与预想的不符，唉
466	2	我反正感觉亏了，好不舒服
467	3	音效音质：用全民K歌的话有点杂音
468	3	音效音质：音质不行真的有电流麦
469	3	有一只耳朵有电流的声音，
470	3	和我几块钱的耳机听不出差别
471	2	做工质感：待着耳朵疼
472	3	颜色外观：我不是要的墨绿色耳机吗？
473	3	带久了，带的右耳有点痛
474	3	说句实话，真的就那样，声音小的离谱。
475	2	音质不好   带耳朵里容易掉
476	3	带着有点疼，可能是我耳朵太小了
477	3	一般般，就是个这价位耳机的音质~
478	2	插在笔记本电脑上只有一个耳机响，心态炸了
479	2	音效音质：音质是真的差！买了就后悔，不信自己买个试试
480	3	耳朵戴久会痛，不舒服
481	3	刚开始带，耳朵有点痛
482	2	耳机接触不良  客服让我剪了重新发一个    等待补发单号中
483	3	有杂音
484	2	音效音质：不好
485	2	不怎么样。。
486	3	音乐?效果一般
487	3	音质差，有杂音
488	2	第一次用，BYZ感觉好。
489	3	音效音质：声音放小到30就有点不清晰了！放大到60左右比较刺耳
490	3	款式确实可以，不过实际听觉效果不是很好。只能说一般
491	2	音效还行，质量不好，才用了多久，一边耳机就坏了
492	2	音质还可以，就是这质量不咋地，自己看，一边已经熬进去了。
493	3	特色鲜明，音量只能加不能减，是一般耳机达不到技术，建议购买。
494	2	耳机挺好看质感也可以，总之对的起这个价吧，但是我手机是mate30的用不了，服了自己。怪自己眼瞎吧，唉也不贵送朋友吧包装看起来很高档
495	2	音量小（&mdash;）这个开关经常按不了接触不良，调节器离耳机太近难按，不好用
496	3	舒适度：耳机太小。戴着戴着就会掉下来。耳机套保护套硅胶， 音效音质：一般挺好的。 但是这个价格我觉得有点贵了。
497	2	辣鸡，用了没几天一边就没声音了，还好没做太大期望 颜色外观：看着到还行，但是有边划耳朵
498	2	音效音质： 听个响就好了，还没手机配的耳机音质好特别是低音效果像假的一样，广告太夸张的。外观还行不过没那么圆润没那么舒适的佩戴效果。一分钱一分货啊。
499	3	做工质感：还行。 音效音质：一般。 舒适度：还行。 颜色外观：还行。 其他特色：话筒有点拾音不准，上次买过一个蓝牙运动的耳机，蓝牙接收距离太短，说心里话，不值这个钱。
500	2	买完，第二天降价20多，音效很一般。
501	3	佩戴舒适，无异物感。音效一般，没有很惊艳的感觉。毕竟一分钱一分货。
502	3	退回去了，耳机漏音太严重，宁愿花10块运费也不要，千元音质吹得太离谱了吧，一千日元级别差不多
503	2	怎么说呢，戴着耳机耳朵很痛，适应不了太大了，而且刚买回来一天就有噪音，过几天打游戏都有电流声，现在戴着直接炸麦，对面听到的都是电流声
504	3	音效音质：用全民K歌的话有点杂音
505	3	领券是套路，一般耳机而已。
506	3	外观漂亮电池不耐用
507	3	还好吧，没想象中好
508	3	耳机效果不错，麦克风好像不行
509	3	音质可以的就是价格高。没想象中那么给力
510	3	还行吧 有时候断断续续的
511	3	耳机样子不错但重低音不强
512	3	声音不怎么样，外观还行，三星吧
513	3	还行吧麦声音不大。
514	3	还是用线耳机吧！
515	3	跑起来左耳戴不稳，音质倒还可以
516	3	老公说好用，带着跑步也不会掉。
517	3	还不错吧～微信语音时会断断续续
518	3	音质好一般，物非所值，评价是100元内的耳机
519	3	第一次买就出现问题，还好售后处理还不错&hellip;&hellip;
520	3	物美价廉 值得拥有 望需者勿错过
521	3	音质音效：一般 舒适度：一般
522	3	音质没有想象的好，整体还可以！
523	3	一分钱一分货吧，没什么特点
524	3	音质比想象中要差很多，其他的还行
525	3	蓝牙连接，速度挺快，音效一般，总体一般
526	3	发货速度很快！感觉耳机两边声音不一样大
527	3	其他特色：有延时
528	3	音质还行，没有低音，
529	3	佩戴的舒适度还可以，音质真心很一般。
530	3	续航能力：实测听音乐三个小时
531	3	入耳的感觉有点别扭。别的还好，续航不错！
532	3	其他特色：外观挺好看的
533	3	音质还是不错的，但是戴眼镜的最好别买
534	3	音质一般。电池给力。
535	3	这耳机吧  没什么可以夸奖的
536	3	送货挺快的
537	3	就那样
538	3	还可以吧
539	3	音质一般
540	3	还行！挺实用的
541	3	电池
542	3	总的感觉还行。
543	3	还行。。。
544	3	音质一般
545	3	失望
546	3	还行还行还行
547	3	一般般～～
548	3	还行吧
549	3	物非所值
550	3	音质不错，但是偶尔有颤音
551	3	舒适度：戴上后耳朵总是疼！
552	3	携带方便，线程比较短，麦克都到脖子上去了
553	3	&epsilon;=(&acute;&omicron;｀*)))唉，无法上下首歌曲切换。太难了。。。。
554	3	很好  但是耳机待久了不舒服
555	3	佩戴舒适性还可以，音质渣，性价比不高。
556	3	音质音效：不错 舒适度：可以 续航能力：可以
557	3	买来送人的，他说音质还没我的ep52好
558	3	触摸功能**，其他都挺好
559	3	声音还可以，质量有待提高。
560	3	对付用把   只能说还行
561	3	音质不错，蓝牙信号不太好，电量不足
562	3	物流超快  质量一般
563	3	快递不错。很快就到了
564	3	帮朋友买的，应该不错，好评。。。。。。。。。。。。。。。。
565	3	物流，服务都很好，就是这耳机的音质感觉不行吧，对不起这价格
566	3	还行吧，音质不如入耳式的好
567	3	三星、低音可以高的不行?
568	3	还行，酬和着用吧&hellip;
569	3	都0202年了，接口怎么还是Micro USB?索尼这个价位都用的tpye&mdash;c
570	3	还可以吧，这个价格也就这样了，不能要求效果
571	3	其他特色：底噪声忒别大
572	3	暂时的，只听了一个钟。煲一段时间再看音质如何
573	3	音质音效：音质还可以
574	3	拿到快递的一瞬间心碎?
575	3	刚刚收到货，过几天再评价
576	3	耳机音质普通，电池耐用，包装还可以价格偏高
577	3	其他都非常好，只是购买后就发现同款又降价了...
578	3	音质音效：一般 有噪音 续航能力：还可以
579	3	京东快递放心迅速，相信京东自营！还是有听筒效应。音色一般。
580	3	第一次发货耳机质量就是有问题，叫京东重新换感觉还可以
581	3	客服态度特别好，换货速度快
582	3	音质不错就是带上好掉
583	3	除了运动时带不稳，其他音质、快递等方面基本满意&hellip;
584	3	听音乐能用五六个小时
585	3	音质一般，比较好的一点就是携带方便。
586	3	配带很松啊，感觉很容易带
587	3	音质音效：挺好的 语音控制功能不太好
588	3	右耳塞戴不牢，总掉！！！ 音质还行
589	3	跑步或剧烈运动会掉～不理想，音质还不错
590	3	还行吧，功能一般，音质还行
591	3	舒适度：带着耳朵疼，不舒服。
592	3	物流非常快速。音质一般
593	3	延迟高，体验一般，音质还好
594	3	音质一般般  一般般
595	3	舒适度：一般，打算加个挂钩，
596	3	还不错，听听歌音质还行。
597	3	一般般吧，对得起这个价格
598	3	音质不好，客服态度很好！
599	3	一分价钱一分货，还能接受
600	3	还好，预料之中的情况，勉强用
601	3	听歌声音小，别的声音又还可以
602	3	目前用着还可以，一分价钱一分货
603	3	还没使用。不确定好不好用
604	3	耳机线比较细，别的都可以吧
605	3	还行吧，音质一般般，毕竟是个这个价格
606	3	音效音质：一分钱一分货 细品
607	3	还行吧，目前还没发现有啥问题
608	3	物流很快，其他的还没试
609	3	耳机在快递途中被压到跟客服说了之后马上解决了  客服态度很好
610	3	一般般吧  不过包装还挺好  这样的价格已经不错了
611	3	发给我的这个耳机线折了！但声音不错的！
612	3	到手的时候包装下面就是打开的，具体耳机的音色还没试，希望不会让我失望 颜色外观：看起来还不错
613	3	发货速度很快，京东物流给力！
614	3	做工质感：还可以，算耐用的
615	3	东西还没有拿到！用了再来评价
616	3	将就用吧，一分钱一分货。大家都懂
617	3	音质还可以，刚买了两天就降价了，11块9??
618	3	一般般吧。毕竟价格实惠
619	3	音效音质：我觉得不行 颜色外观：不错 舒适度：可以
620	3	音效音质：我觉得听起来很舒服～
621	3	商品真的是好，真是个一个良心商家。*
622	3	商家服务很好，耳机我自己用的体验不是很棒
623	3	感觉还行吧，试试还不错管用
624	3	这个价位，只能说还行
625	3	音效音质：音质还不错
626	3	一分价钱一分货   看着买吧
627	3	做工质感：耳机脱落了
628	3	音效音质：音质不好，但这个价位买到有声音的就不错了
629	3	音效音质：一般 做工质感：一般
630	3	颜色外观：挺好哒
631	3	一分价钱一分货
632	3	价格和品质成正比
633	3	音效音质：还可以
634	3	还可以，不过麦的声音很小，而且麦有杂音
635	3	没有预期中的好，特别k歌时杂音好大！
636	3	舒适度：不错挺好用
637	3	音效音质：音效不错
638	3	音效音质：很一般那些评论的应该是托
639	3	颜色外观：外观还不错
640	3	音效音质：还可以 其他特色：材质一般
641	3	好用是好用，不过声音小
642	3	音效音质：一分钱一分货啦！本来就是买来听小说随便用的！
643	3	还可以吧。
644	3	客服需要提升
645	3	吃鸡就别用了，听歌还行
646	3	大概觉得还行
647	3	送到很快，较好
648	3	价格决定商品
649	3	音质一般
650	3	一般好
651	3	快递员服务态度极好。
652	3	还可以。
653	3	一般，可以购买
654	3	还好吧
655	3	挺好的，主要是便宜?
656	3	还行  到现在还在用吧
657	3	耳机一般 快递速度快
658	3	快递小哥直接送工地上  好评  但是这包装盒。。。
659	3	颜色外观：看着蛮好的，等用了再说吧
660	3	做工质感：一般 音效音质：一般 舒适度：可以
661	3	舒适度：戴到耳朵里有点疼 音效音质：可以
662	3	舒适度：带耳朵上总感觉要掉，不大舒适
663	3	这耳机用来唱歌不好吱吱声，听歌还可以。
664	3	耳机质量真不行，其他还好。&mdash;.&mdash;
665	3	还可以吧
666	3	有一点泛黄。。。。。。不过挺好用的
667	3	一般般吧
668	3	音质一般
669	3	舒适度：还行
670	3	还不错
671	3	这个耳机总体还能听，永远要相信一分钱一分货，不要期待这个价位有多么好的品质。
672	3	还行，一般
673	3	一般吧
674	3	华强北的货。。。
675	3	这个耳机的话还是蛮好的，蛮不错
676	3	音质很奇怪
677	3	还没有15块的好
678	3	音效音质：还行
679	3	颜色外观：相符
680	3	音效音质：还行 做工质感：还行 舒适度：还行
681	3	还行，物流很快
682	3	做工质感：不完美 音效音质：低音效果不明显
683	3	效果可以啊！
684	3	线细
685	3	一般般吧
686	3	简直没有什么#。
687	3	戴了觉得机朵会疼
688	3	总的来说中规中矩
689	3	还没用，音质一般
690	3	没意思买的咖啡色好
691	3	服务态度挺好，售后不错
692	3	比我原来的耳机应该好点
693	3	还好吧...就是送的包一下就坏了...
694	3	音质还不错，但是容易掉。
695	3	完美   还可以  等过几天评论
696	3	总统还说还可以就是耳塞很容易掉！
697	3	一分钱，一分货。只能说对得起这个价格。
698	3	还行吧！这个价听个响吧
699	3	目前没发现有什么用处
700	3	质量一般，很勉强，物流很快
701	3	还行复古风速回换个地方
702	3	吃鸡麦有回音音质挺好
703	3	其他特色：还行吧就那样
704	3	用起来不错，用起来不错。
705	3	音质一般但一分钱一分货还是值得的
706	3	这耳机特别的卡耳朵但是音质还不错
707	3	对得起重低音么？？？我就服了
708	3	赠品包有异味，耳机还可以
709	3	音质还行，就是戴久了耳朵疼。
710	3	音质很好但耳朵带的不是很舒服望加强
711	3	音质音效：音质可以就是有点露音
712	3	看着还行，还没用过
713	3	有点小漏音，还不错
714	3	耳机能够用来通话就完美了
715	3	还可以，但是耳朵疼
716	3	音质一般般吧！一分钱一分货
717	3	发货速度快 快递服务没话说
718	3	音质可以外观也好看
719	3	还不错音质也还行！
720	3	是个赠品，还好吧
721	3	哦里咯无咯预谋本田你跟USB偶然有人我肯提摩西啦姑爷酷我酷我哎呀法律monk巨魔EllyX5咯哦OK啦哦哦小@哦呜咯无咯女咯女科目磨具呢均码吃咯Dell群的now了null呢KKK破饿了我饿啦里咯单体哦我饿墨迹来咯最近去lock群的blow拖咯里咯来PK呢啊考虑咯哦哭咯法拉利回去魔法卡屋头URL末班的恶露小@么法
722	3	耳机的头不适合，整体看还不错
723	3	还行吧，感觉没什么
724	3	被60多万评论骗了
725	3	舒适度：戴着还可以
726	3	音质不错，但是戴着不怎么舒适
727	3	的点点滴滴多多多
728	3	刚到手低音不行人声还是可以
729	3	还可以，凑合用吧
730	3	音质音效：一般吧
731	3	音质音效：中等吧
732	3	还行。就录音不好。
733	3	不用的时候收纳袋
734	3	这个比较方便装耳机
735	3	音质一般 价格便宜
736	3	隔音一般吧，音质挺好的
737	3	舒适度：吃鸡耳痛
738	3	用了之后成盒子更快了
739	3	没有太高的使用价值
740	3	这个是送的，还行吧
741	3	除高低音质好其它没什么感觉
742	3	我就想说送的耳机包在哪里？半路飞了是吧
743	3	音效可以，就是跟图片一点都不一样
744	3	这个音质一般吧！与价格成正比。
745	3	东西只能说还可以吧，音质一般吧
746	3	性价比很高，使用起来比较舒服。
747	3	插电脑还行，插手机上用就有杂音
748	3	感觉音质没想象的那么好，不过物流挺快的
749	3	音效还可以，总体一般有时候漏电
750	3	重低音还行吧，没有宣传的那么好
751	3	耳机的插头是歪的 别的都还可以
752	3	音质还可以，可是耳机塑料感好重
753	3	耳机声音还好，也挺好看
754	3	还好吧  只是自己不太喜欢这种耳麦
755	3	握草，还没到手就被偷了，
756	3	物流超快，一分钱一分货，低音不明显。
757	3	舒适度：戴手机长了耳朵不舒服
758	3	质量不好，兼容性还可以。
759	3	低音不太好，其他的还行，
760	3	是我自己的原因吧，带着耳朵疼?
761	3	赠送的 物流非常好 六一八也很快
762	3	音质清晰不够，降噪不错。
763	3	音质音效：老实讲音质没我预期的那么好
764	3	戴的耳朵疼的很
765	3	不是很好用   用了一会就耳朵很痛
766	3	感觉还行吧   这个价位来说挺划算的
767	3	耳机还可以，就是这个小袋子华而不实
768	3	挺好的，不过没有介绍的那么好。
769	3	包里面很棉，可以的，装耳机挺不错的
770	3	送的东西还挺多的
771	3	看着还行，没用过
772	3	物流速度是挺快的快递员态度也很好就是耳机有点松
773	3	外观很好，但关键的音质一般。遗憾。
774	3	舒适度：小皮包不错，不过就是有些闻到，
775	3	质量不错 但是耳机戴在耳朵上很容易松
776	3	优点：价格便宜， 不足：耳机掉漆
777	3	支持下国产，支持国产，国产
778	3	京东的东西我现在只能给三颗星
779	3	整个音质如一锅粥一样
780	3	如果能送白色的就好了
781	3	目前还行就是戴着难受
782	3	买手机赠送的，音质很好
783	3	没有超乎想象，但还可以 ！
784	3	一直购买的，送货快，服务好。。
785	3	给老公买的，他说还凑合
786	3	耳机还不错，送货太慢了
787	3	性价比挺高，音质一般吧
788	3	看起来还不错，物流给力
789	3	送货很快，就是容易掉落
790	3	这个价位，支持下小米。给个三星。
791	3	感觉耳机还行音质还可以
792	3	速度不错，质量不怎么满意
793	3	还不错就是运动时不好用
794	3	还可以吧，反正这个价位。
795	3	音质一般，发货速度还可以
796	3	感觉还可以，不是小米原装
797	3	一分钱一分货 也就这样吧
798	3	挺提高动手能力的一次购物
799	3	手机充电的时候用，有电流声。听说评论大于十个字就有机会赢京豆
800	3	很不错，但是音控建没用用。
801	3	还可以，这个价格也就这样了
802	3	性价比还行，和其他品牌比线缆很细
803	3	一分钱一分货，性价比没高到哪儿去
804	3	用了一段才来评价，质量还可以
805	3	挺好的耳机，不过买完就降价
806	3	还行吧，包装可不可以认真点。
807	3	还好吧！这个价位
808	3	顶左我儿仔好痛
809	3	音效很一般 物流快
810	3	真的是问题多多
811	3	还没用，到时再说
812	3	买手机送的。一般般
813	3	音质*那些差不多吧
814	3	避实就虚那现在呢
815	3	送的东西，你懂的。
816	3	还行吧一分钱一分货
817	3	我为什么喜欢在京东买东西，因为今天买明天就可以送到。我为什么每个商品的评价都一样，因为在京东买的东西太多太多了，导致积累了很多未评价的订单，所以我统一用段话作为评价内容。京东购物这么久，有买到很好的产品，也有买到比较坑的产品，如果我用这段话来评价，说明这款产品没问题，至少85分以上，而比较垃圾的产品，我绝对不会偷懒到复制粘贴评价，我绝对会用心的差评，这样其他消费者在购买的时候会作为参考，会影响该商品销量，而商家也会因此改进商品质量
818	3	还行，一分钱一分货
819	3	还可以 值得购买
820	3	还可以配送及时
821	3	没用，希望能好用吧
822	3	款式可以，音色渣！
823	3	音质还行，包装不行
824	3	还可以 盒子好小
825	3	将就了，挺好用的
826	3	还可以，质量不错
827	3	不好用，质量还行
828	3	音质很好，送货也快
829	3	物流快，东西不错。
830	3	早知道米粉节买了
831	3	听诊器效应明显
832	3	声音大挺满意的
833	3	凑单买的也就那样子
834	3	感觉好渣的样子。
835	3	挺好的，声音还可以
836	3	不错，物有所值啦
837	3	容易坏，帮朋友买的
838	3	对得起这个价格。
839	3	耳机质量还行吧
840	3	还行，音质说得过去
841	3	还可以啦啦啦啦啦啦
842	3	音质一般，马马虎虎
843	3	有质量问题，己退款，服务很好
844	3	这个价位确实不错，凑活着用吧
845	3	快递很快，耳机造型不是很好。
846	3	感觉还不错，后面再追加
847	3	不错，有特色，物流挺快的
848	3	一分钱一分货，你们懂的。买小米耳机还是推荐*以上的。您T1固体UGG么咯会各位MM搜个
849	3	质量和音效还好，小米正品耳机
850	3	其实还算可以吧，给个三星最中肯
851	3	不算好，不过这价位也还算可以了
852	3	我也是米粉啊，音质还行，赠品嘛，
853	3	收到了，不知道质量怎么样。后面在来评价
854	3	不知道如何清理耳机孔里的东西
855	3	不错不错挺好的就是京东没有狗肉卖所以不给好评
856	3	不错不错挺好的就是京东没有狗肉卖所以不给好评
857	3	外观还行，音质实在垃圾
858	3	音质一般般，设计还可以
859	3	配戴不方便，其他的还好
860	3	刚用，不知道具体怎么样
861	3	耳机还在使用中，耳朵很痒
862	3	戴着耳朵不爽，音效可以
863	3	帮朋友买的，说是还可以
864	3	用这一般没大毛病，又很便宜。。。
865	3	一分钱一分货，使用起来还算可以
866	3	感觉这个价位的耳机还算好的了
867	3	一般般吧，也就这个价位
868	3	用个四五十分钟耳朵疼。
869	3	携带步行有很大的杂音
870	3	音效音质：音效真的不错 颜色外观：外观也好看
871	3	颜色外观：太细啦
872	3	一分价钱一分货
873	3	挺不错的，速度快。
874	3	还可以，希望能耐用些，最满意京东快递。
875	3	音效音质：一般般 颜色外观：不错
876	3	一分钱一分货一般
877	3	做工质感：拿来打开满满的廉价感
878	3	除了音质其他都好说
879	3	舒适度：戴着不舒服
880	3	颜色外观：好看 音效音质：便宜不好
881	3	质量不错，就是塞耳朵里老掉，音质不错。
882	3	耳机很好
883	3	世界第三
884	3	商品还行，这个价格还可以，很奇怪一直没有联系到客服。客服差评
885	3	锤子超重低音，全损音质
886	3	吃鸡开麦与队友交流，队友会听到电流声
887	3	做工质感：接口歪了一点 音效音质：还行
888	3	还行，就是左右耳声音不一样大
889	3	音效音质：音效音质真的没有我上个耳机好，凑合着听吧
890	3	还行吧
891	3	还不错
892	3	舒适度：阔以吧
893	3	颜色外观：好！
894	3	音质是真的差，别的，质量送货速度都挺好。 音效音质：不咋滴
895	3	舒适度：????
896	3	音效音质：一般
897	3	一般吧
898	3	音效音质：、|
899	3	音效音质：一般
900	3	还算凑合
901	3	做工质感：好
902	3	一大一小，做工一般，其它还不错
903	3	少了一个耳冒，音质可以，期待耐用?
904	3	还行吧，包装的太low了，其他现在还没感觉有什么
905	3	快递是真的快。 做工也不错，就是有异味。
906	3	呵呵
907	3	东西也不错，差不多，用起来也还行，物流速度也还可以
908	3	做工质感：线太细，就怕容易断，外观设计很好
909	3	音效音质：一般 颜色外观：还可以 做工质感：还可以
910	3	快递比较快，快递员也很有责任心，耳机嘛，一分钱一分货
911	3	做工质感：做工感觉还将就 音效音质：一般般 颜色外观：外观还不错
912	3	做工质感：还好 音效音质：不好 舒适度：可以 颜色外观：好看
913	3	送货速度挺快，颜色为什么其他的比黑色的都贵不明白
914	3	用了没多久，感觉还行
915	3	舒适度：带在耳朵里有点不舒服 颜色外观：不过外观还可以
916	3	颜色外观：很好看 音效音质：一般 舒适度：入耳略戴不牢
917	3	颜色外观：好看
918	3	可以嘛
919	3	音质不错
920	3	还没用
921	3	性价比不错
922	3	还好吧。就是容易掉嗯
923	3	耳机还可以吧，戴上挺舒适的，不过会漏电
924	3	一般！
925	3	还行吧！！！
926	3	还行吧
927	3	音效音质：一般
928	3	还不错
929	3	音效音质：一般
930	3	耳机颜色很不错，但是戴不牢，而且会疼╯▂╰
931	3	感觉一般般
932	3	emm，还行吧。
933	3	颜色外观：好看
934	3	音效音质：一般
935	3	挺好的
936	3	包装很脏，很脏。
937	3	音效音质：一般
938	3	音效音质：一般
939	3	音效音质：一般
940	3	做工质感：一般
941	3	响一个
942	3	音效音质：一般
943	3	还行，能用
944	3	音质不错
945	3	做工质感：还行 音效音质：还行 舒适度：还行 颜色外观：还行
946	3	做工质感：不错 颜色外观：可以 音效音质：还是不如原装耳机
947	3	音效音质：第二次买了，但说话的时候麦里伴有滋滋声。没第一次买的体验感好
948	3	快递很快态度也很好！美中不足就是右边橡胶耳帽上面有个洞&hellip;
949	3	音效音质：音效一般吧 舒适度：戴上耳朵疼 颜色外观：外观好看
950	3	就那样。。。。。扔了
951	3	还行吧~不过吃鸡的脚步声听起来有点难，总体还行
952	3	做工质感：过得去吧 音效音质：还行 舒适度：耳朵疼 颜色外观：有点暗淡 其他特色：暂无
953	3	音效音质：还好 舒适度：太差 做工质感：还好 颜色外观：可以 其他特色：没有
954	3	做工质感：普通 音效音质：一般 舒适度：难受 颜色外观：一般 其他特色：便宜
955	3	音效音质：音效感觉还可以 舒适度：戴久了耳朵有点疼 做工质感：刚开始收到的时候耳机有怪味比较刺鼻
956	3	续航能力：还可以 做工质感：不错 舒适度：可以可以啊
957	3	耳机不可以切歌，只能叫小爱同学或者用手机
958	3	舒适度：很好 其他特色：这个再大点就是跟点饭煲没有区别了
959	3	续航能力：够用
960	3	东西不错，就是配的数据线不可以用，要自备一条。
961	3	延迟很明显
962	3	图一乐
963	3	还不错，挺好的，触摸不灵，不是太舒适
964	3	做工质感：优秀 音质音效：一般 舒适度：一般 续航能力：还可以
965	3	我还没有摸清楚咋用hh
966	3	音质音效：音质可以的 舒适度：也很舒服 但是不降噪，有延迟?
967	3	喜欢小米，各种设计。但这个音质确实太渣。硬伤
968	3	做工质感：一般 音质音效：一般 舒适度：容易掉 续航能力：一般 其他特色：一般
969	3	性价比还是可以的，1000一下的耳机听个响，还是不错的
970	3	磨砂的手感很舒服，音质的话一般，但是这个价格实惠，总体而言挺好的。
971	3	还行吧，就听个响，但是手机放裤兜里，信号都会时断时续
972	3	做工质感：挺不错， 舒适度：不压耳，可以尝试佩戴。 音质音效：还可以，一个价位都差不多
973	3	做工质感：做工不错，很有质感！ 音质音效：音效真垃圾，还不如99的红米蓝牙耳机呢?
974	3	音质音效：音质效果很好，声音很棒 舒适度：戴着耳机非常不错，喜欢，爱了爱了
975	3	音质音效：就这价钱听个响挺好的 其他特色：连接稳定性还好，居然没有下一首的按键，对听歌来说差评
976	3	音质音效：音质在室内还可以，但是到室外非常大的噪音，车子，地铁的声音一清二楚，之前买过air2也这样，没想到新出的还是这样
977	3	外观音质还是可以的，物流也很快，，但是耳朵戴的是真的挺痛的，戴不了很久，，，，中评吧
978	3	做工质感：很好 音质音效：还行 舒适度：还行 续航能力：很差，经常连接不上！！！！！
979	3	舒适度：带久了，耳朵好痛。不舒服，难受。声音还行，就是耳朵痛。嗷嗷嗷嗷嗷嗷嗷嗷嗷嗷嗷嗷嗷
980	3	做工质感：一般见图 音质音效：一般 舒适度：一般有点大 续航能力：还在试 其他特色：性价比一般，一定要买保修！
981	3	音质还不错，但是听音乐只支持暂停播放，且触控不灵敏，影响使用体验。带久了耳朵疼！
982	3	对耳机预算有限，一百多到八百多的都听过，这款se别的科技功能放一边，音质相当于十年前买手机赠的有线耳机
983	3	还可以，连手机还行，但是戴尔的笔记本连着耳机容易一下有声音一下没声音，问了客服，客服说这个耳机主要是配手机，电脑不保证兼容
984	3	做工质感：手感不错，百搭，白色的好看，，， 舒适度：比较满意，手感也不错 音质音效：音质有点尿崩，希望后期更新固件版本能改善！！！！！
985	3	做工质感：非常好，拿起来比较舒服 音质音效：好，没的说 其他特色：按键不灵敏 舒适度：好，戴着非常舒适 续航能力：强
986	3	音质音效：百元还行 舒适度：不沉，习惯基本可以忽略 续航能力：不用充电仓5听网课5小时没问题 唯一的缺点应该就是：按键了，对于我来说，需要重重的敲击才有用
987	3	做工质感：质感还可以 摸起来挺舒服的 音质音效：一般 我听不大出来 舒适度：挺舒服的 续航能力：还可以 充起来也挺快 其他特色：会断连
988	3	做工质感：还行。这个价位 音质音效：一般，追求音质的就不要买这款了 舒适度：戴久耳朵疼 续航能力：跟宣传一样 其他：在火车站候车室等车时，老是出现断断续续的。不知道什么原因。其他地方还行。 其他特色：小米9有弹窗
989	3	做工质感：做工不错，手感舒适 音质音效：这个不得不说，真是low，不知道是不是调教的问题，低音基本没有，失望 舒适度：还可以，没什么感觉 续航能力：不错！ 其他特色：粉笔头造型，看个人喜好吧
990	3	做工质感：感觉一般，戴耳机容易掉，吃饭做事走路的时候都掉过，盒子的开启方式不太喜欢 音质音效：和同事的99块钱的对比一下，发现他的音质较好 舒适度：还行，第一次买，略有不满意 续航能力：感觉和数据不符合 其他特色：唯一好处，感觉小米的附加功能还不错，买了感觉略亏吧
991	3	第一，这个耳机音质还行，续航也很给力，充电仓能用好久。 为什么给三星？因为断联了得有十次了 看着看着视频，按一下暂停回来就没声，我还得重新连
992	3	做工质感：材质不错，挺好 音质音效：我对音质要求不好，完全可以满足 续航能力：续航也够我用 舒适度：半入耳，相当舒服 就是质量一般，有一次左耳机掉到地上，之后时常会断线，等个几分钟会在连上，变得就不稳定。就感觉质量一般。
993	3	做工质感：做工精细 音质音效：相当一般，凑合听，不知道是不是我不会调整 舒适度：半入耳式很舒服 续航能力：很强！！！ 其他特色：白色，我喜欢的颜色，优点是续航，缺点就是音质音效很一般
994	3	总体来说音质不错，续航一般但充电挺快，佩戴也挺贴耳不易掉，通话音效也不错，但最主要的问题是连接有时候并不稳定，有时候连接半天都连接不上，很麻烦，而且很容易连接到别人手机上，几乎只要周围有小米手机开着蓝牙，一打开就会连接上别人的，
995	2	做工质感：用两天就坏了
996	3	感觉完全没有降噪效果
997	3	有时候还是会断开链接
998	3	耳机有断音现象音质一般
999	2	会有经常性的断连情况出现
1000	2	快递没有打电话
1001	2	戴耳朵上容易掉下来
1002	2	一只耳机都没声音
1003	3	有时候蓝牙连不上
1004	3	双击时不够灵敏
1005	3	第一次买就是坏的
1006	3	音质音效：音效一般
1007	3	为什么左耳连不上
1008	2	左耳有沙沙的声音
1009	3	音质音效：一般般
1010	2	做工质感：用了两周 坏了一个
1011	3	说实话打王者声音有一点点延迟
1012	2	不好 可能是期望太高了
1013	3	一般般，没有突出得感觉
1014	2	没有防仿标志。没有防仿码。
1015	3	一般，感觉声音总是慢一点
1016	2	用了一个星期后卡卡的
1017	3	音质音效：一般，没华为自带耳机好
1018	3	太大了，有点，带着不舒服
1019	3	触摸不灵  按不动
1020	2	毫无音质可言，听个响，关键不让退
1021	2	右边耳机回来就不能用，听不见
1022	2	舒适度：带着耳朵不舒服 音质音效：音质差
1023	3	各方面都比较一般，戴久点耳朵痛。
1024	3	买回来左边无音，包装盒被扔掉所以不退货。
1025	3	感觉尺寸有点大，带耳朵上老是掉
1026	3	多少有点不满意，延迟有点严重?
1027	3	不知道是不是真品，搜索出来的不是小米2ES
1028	3	续航能力：没有描述的那么长时间，顶多8小时
1029	3	买来跑步的，结果跑几步就掉了，退货吧
1030	2	带上耳朵老是掉 音质音效：一般 舒适度：差
1031	2	还是有点算了不换了，还有这个是不是新的我想问
1032	3	谁能告诉我，耳机放到充电盒里为什么盖不上盖子？
1033	3	做工质感：一般 音质音效：比较差 舒适度：比较差
1034	3	连接 经常会断 还有触摸式不灵敏感
1035	3	为啥刚买回来三天右边的耳机就连不上了只是在闪烁
1036	2	音质音效：音质一般 延迟很高，一百多还行
1037	2	看似智能，实则难用。还有漏音。
1038	3	充电仓设计不合理，正反面调过来就更好了。
1039	2	音质音效：可以 舒适度：不好，头太大戴了耳朵痛。
1040	2	被拆过，，，我看出来了
1041	3	不适合跑步，跑步总是掉，而且入耳不牢固
1042	3	连不了电脑，只能连一个耳机，不能分开用
1043	3	发错货，郁闷?
1044	2	经常蓝牙掉线
1045	3	不匹配耳形
1046	3	还行吧，电量耗的快
1047	3	声音还行，送别人的
1048	3	很不错 非常好用
1049	3	带久了耳朵很疼。
1050	3	一般般吧一般般
1051	3	还可以，不算太好
1052	3	还行，用用才知道。
1053	3	还可以，性价比不错
1054	3	比想象中大多了
1055	3	还行，没官网买的好
1056	3	还没用，感觉还不错
1057	3	操作挺方便的，小巧
1058	3	还没来得及评论就已经找不到了
1059	3	小米蓝牙耳机青春版，还不错吧，
1060	3	性价比很高！缺点就是很容易掉
1061	3	在体会中不知道具体情况先给三颗星
1062	3	不错，就是操作时好时坏
1063	3	买了好几个 不错不错不错
1064	3	发货速度快，服务态度好，
1065	3	我是来混京豆的。。。。我是来混京豆的。。。。我是来混京豆的。。。。我是来混京豆的。。。。我是来混京豆的。。。。
1066	3	感觉还不错，同价位至少比杂牌强?
1067	3	买完就降价，糟心。东西还可以吧
1068	3	物流快就是带上不得劲
1069	3	这价钱能听清楚就好了
1070	3	价格便宜，也就便宜了。其他都点差
1071	3	功能比较好，但是老掉下来
1072	3	就是有杂音，其他的还可以
1073	3	听歌还行，玩游戏杂音吵死你
1074	3	通话中老是突然扬声器，吓哭
1075	3	玩游戏时有杂音，听音乐不错
1076	3	这个价位的用着不错了
1077	3	一般般吧，一分钱一分货
1078	3	赠品就赠品了，能想要多好了
1079	3	东西以前买过。挺好 。这次又买了四个
1080	3	东西还不错价廉物美值得拥有
1081	3	一般吧！买给老爸开车用的，
1082	3	价格实惠，但是声音偏小。
1083	3	挺不错的商品 值得购买哦
1084	3	感觉比我想象中的脆弱，还可以
1085	3	没用不知道呢用了追加
1086	3	续航能力：还行 舒适度：不怎么样
1087	3	这个价格算一般般吧！你没有感觉到特别
1088	3	用着还可以，应该是正品
1089	3	一般了，凑合用着
1090	3	还可以，下次再来！
1091	3	还可以，下次再来！
1092	3	东西到了都不知道
1093	3	音响效果还可以吧
1094	3	佩戴舒适度一般
1095	3	暂时还没有发现任何问题
1096	3	对的起这个价格，其它很一般。
1097	3	东西不错就是音质有时差
1098	3	东西还好切记不能碰水
1099	3	反正看不出是小米的品质
1100	3	这款耳机还可以用的很方便，值得购买。
1101	3	性价比高，但是带在耳朵不是特别舒服！
1102	3	还行，充一次电用不了多长时间
1103	3	还可以，小米的一直质量都很好
1104	3	还不错，就是看上去不像全新的
1105	3	耳机一般吧，毕竟是送的！
1106	3	包装简单，试用后再评判
1107	3	请问可以不充电用多长时间
1108	3	给爸爸买的，没见用不知道好不好
1109	3	耳机一般，送货速度很快，
1110	3	用着还可以的了，可以的
1111	3	音质不清晰，变音很明显
1112	3	用了1个多月坏了 待维修 谢谢
1113	3	比较一般的，价格便宜，清晰一般
1114	3	还行用段时间看看不需多说
1115	3	还行。戴着容易掉。音质一般
1116	3	还行，不是特别好，戴着不稳
1117	3	还好吧一般般呢媳妇儿在用
1118	3	买手机送的，通话不太清楚。
1119	3	还可以吧，一分价钱一分货，还可以。
1120	3	昨晚下的单，今天中午就收到了，物流给力！
1121	3	蓝牙耳机总体不错
1122	3	很满意，一天就到了
1123	3	电量美想象得耐用
1124	3	带着很松，其他还行
1125	3	东西很好还没用，京东物流很快。
1126	3	还可以，不是太好用
1127	3	都觉得就不想那些那些年想
1128	3	现在流行把乞丐版叫青春版。
1129	3	没用过，看起来一反
1130	3	我只能说，就这价还能指望啥
1131	3	第一次买小米的产品，产品性能还是不错的
1132	3	手机赠品哦，小米是值得信赖。
1133	3	可能了蒙了能了能
1134	3	质量不错，一直光顾你家店。
1135	3	用电快，其他还好
1136	3	外观漂亮电池不耐用
1137	3	还好吧，没想象中好
1138	3	耳机效果不错，麦克风好像不行
1139	3	音质可以的就是价格高。没想象中那么给力
1140	3	还行吧 有时候断断续续的
1141	3	耳机样子不错但重低音不强
1142	3	声音不怎么样，外观还行，三星吧
1143	3	还行吧麦声音不大。
1144	3	还是用线耳机吧！
1145	3	跑起来左耳戴不稳，音质倒还可以
1146	3	老公说好用，带着跑步也不会掉。
1147	3	还不错吧～微信语音时会断断续续
1148	3	音质好一般，物非所值，评价是100元内的耳机
1149	3	第一次买就出现问题，还好售后处理还不错&hellip;&hellip;
1150	3	物美价廉 值得拥有 望需者勿错过
1151	3	音质音效：一般 舒适度：一般
1152	3	音质没有想象的好，整体还可以！
1153	3	一分钱一分货吧，没什么特点
1154	3	音质比想象中要差很多，其他的还行
1155	3	蓝牙连接，速度挺快，音效一般，总体一般
1156	3	发货速度很快！感觉耳机两边声音不一样大
1157	3	其他特色：有延时
1158	3	音质还行，没有低音，
1159	3	佩戴的舒适度还可以，音质真心很一般。
1160	3	续航能力：实测听音乐三个小时
1161	3	入耳的感觉有点别扭。别的还好，续航不错！
1162	3	其他特色：外观挺好看的
1163	3	音质还是不错的，但是戴眼镜的最好别买
1164	3	音质一般。电池给力。
1165	3	这耳机吧  没什么可以夸奖的
1166	3	送货挺快的
1167	3	就那样
1168	3	还可以吧
1169	3	音质一般
1170	3	还行！挺实用的
1171	3	电池
1172	3	总的感觉还行。
1173	3	还行。。。
1174	3	音质一般
1175	3	失望
1176	3	还行还行还行
1177	3	一般般～～
1178	3	还行吧
1179	3	物非所值
1180	3	音质不错，但是偶尔有颤音
1181	3	舒适度：戴上后耳朵总是疼！
1182	3	携带方便，线程比较短，麦克都到脖子上去了
1183	3	&epsilon;=(&acute;&omicron;｀*)))唉，无法上下首歌曲切换。太难了。。。。
1184	3	很好  但是耳机待久了不舒服
1185	3	佩戴舒适性还可以，音质渣，性价比不高。
1186	3	音质音效：不错 舒适度：可以 续航能力：可以
1187	3	买来送人的，他说音质还没我的ep52好
1188	3	触摸功能**，其他都挺好
1189	3	声音还可以，质量有待提高。
1190	3	对付用把   只能说还行
1191	3	音质不错，蓝牙信号不太好，电量不足
1192	3	物流超快  质量一般
1193	3	快递不错。很快就到了
1194	3	帮朋友买的，应该不错，好评。。。。。。。。。。。。。。。。
1195	3	物流，服务都很好，就是这耳机的音质感觉不行吧，对不起这价格
1196	3	还行吧，音质不如入耳式的好
1197	3	三星、低音可以高的不行?
1198	3	还行，酬和着用吧&hellip;
1199	3	都0202年了，接口怎么还是Micro USB?索尼这个价位都用的tpye&mdash;c
1200	3	还可以吧，这个价格也就这样了，不能要求效果
1201	3	其他特色：底噪声忒别大
1202	3	暂时的，只听了一个钟。煲一段时间再看音质如何
1203	3	音质音效：音质还可以
1204	3	拿到快递的一瞬间心碎?
1205	3	刚刚收到货，过几天再评价
1206	3	耳机音质普通，电池耐用，包装还可以价格偏高
1207	3	其他都非常好，只是购买后就发现同款又降价了...
1208	3	音质音效：一般 有噪音 续航能力：还可以
1209	3	京东快递放心迅速，相信京东自营！还是有听筒效应。音色一般。
1210	3	第一次发货耳机质量就是有问题，叫京东重新换感觉还可以
1211	3	客服态度特别好，换货速度快
1212	3	音质不错就是带上好掉
1213	3	除了运动时带不稳，其他音质、快递等方面基本满意&hellip;
1214	3	听音乐能用五六个小时
1215	3	音质一般，比较好的一点就是携带方便。
1216	3	配带很松啊，感觉很容易带
1217	3	音质音效：挺好的 语音控制功能不太好
1218	3	右耳塞戴不牢，总掉！！！ 音质还行
1219	3	跑步或剧烈运动会掉～不理想，音质还不错
1220	3	还行吧，功能一般，音质还行
1221	3	舒适度：带着耳朵疼，不舒服。
1222	3	物流非常快速。音质一般
1223	3	延迟高，体验一般，音质还好
1224	3	音质一般般  一般般
1225	3	舒适度：一般，打算加个挂钩，
1226	3	音质音效：感觉一般般 做工质感：有点劣质 感觉和华为官方耳机有点差别，手感和听觉都不太一样，耳机放在收纳盒里绑得太紧了有点损坏
1227	3	首先这个质量还算不错，但是还是存在漏音严重，而且如果不是之前就戴这种耳机那么买的时候还是仔细斟酌一下，毕竟戴一会儿耳朵就疼?
1228	3	舒适度：货品已经收到了   配送速度快  上一次购买了一个掉了 现在又买了一个  还好
1229	3	颜色发错了，不是银色，发的金色
1230	3	有杂音
1231	2	音质音效：用了第三天，就发现耳机偶尔有那种滋滋的杂音，过一会就又没了
1232	3	音质音效：比想象中的差一点点！感觉左耳音量重，不太平衡的感觉
1233	2	做工质感：跟普通耳机一样 音质音效：这我得说说了，太垃圾了吧，为什么让我遇到这个情况，左耳嗡嗡的，什么垃圾质量，不做质检的吗？真让人生气 舒适度：都一样 音质不是一般的让我生气这左边耳机 本来满心欢喜地拿快递，拆开包装，准备试试音效，是信任你们荣耀才买两个的，结果给我整这出呵呵垃圾
1234	3	做工质感：很容易坏，这是我买的第三条了，平均三个月坏一条，刚好过保修期，我真是服了，如果不是音质好又穷真不想买 音质音效：音质在百元以下最好的半入耳耳机
1235	3	这个是被什么咬了，还是什么鬼! 其它都挺好，这个不痛不痒的瑕疵心里是有点膈应! 看着挺有品质的，希望把这些细节做好!!
1236	3	音质量一般
1237	3	耳机线进入耳机的入口处比较松，有缝隙，线慌的时候耳机里会有声音，几十块钱的玩意就那样吧，也不能要求太多
1238	3	线太细了，看着是不咋滴
1239	3	没有原装的好，吃鸡脚步声很微小，声音调最大
1240	3	右耳的耳机回来就坏了，我也是服了！简直惊呆
1241	2	音质一般，带着不怎么舒服
1242	3	说好的铃兰白。。。。耳机壳体是金色的。。。。。
1243	2	耳机效果比起同等价位的oppo和vivo来说太差！稍微开大了吧刺耳，开小一点吧就和外放一样！无语
1244	3	音量下键用不了
1245	3	还可以正在用，加油吧
1246	2	做工质感：外观可，可以看不好用 音质音效：音质差到不行，我一点也不喜欢差评，这个真的是差，音质声音刺耳尖锐 舒适度：戴一会就会疼，毕竟耳帽挺大的 其他特色：很有特色，一边耳机声音大一边耳机声音小，我的还是华为手机，客服让我在通风环境下听，挺好的，没有时间去搞这种了，快递员很好
1247	2	听歌音质还行，全民K歌录歌的话不建议购买
1248	3	音质还行   感觉声音太大了   我不戴隔了十米都能听见   这点不是很爽
1249	3	就包装好一点 漏音特别严重 可能是买错型号了
1250	2	做工质感：感觉快断了 音质音效：音效还行 其他特色：买了就降价
1251	3	做工还挺好看的，音质还行
1252	3	还可以，这个耳机，听起来还行。
1253	3	声音很闷，个头大，不用戴久耳朵就疼
1254	2	没有几天一边耳机孔没有声音了
1255	3	听起来不太行呢？歌声音小，哄哄声大，听起来，像没什么力气一样，不带劲，不舒服，可能也是价格摆在这了?_?
1256	3	一般般吧，没什么特别
1257	3	带起来耳朵痛
1258	3	没用，还不知道
1259	3	包装非常的好，音质还凑合，声音开到一半的时候漏音非常的严重(这好像这是国产手机耳机的通病!!!)这和华为的an116是一样的只是换了一个牌子 要想买这款耳机的建议还是买华为的am116
1260	2	不是很好用，一般般和9.9包邮的差不多。
1261	2	两颗星是给京东物流的。耳机线褶皱明显，耳机插上去没反应，手机通知栏也没显示耳机的图标，我的手机是荣耀8X Max，刚买一个月，不是手机的问题。用别的耳机就没问题
1262	3	做工质感：待着挺舒服的 音质音效：一般，一分钱一分货 舒适度：喜欢半入耳式的耳机，个人觉得很不错 3颗星是给音质的，别的都还好，毕竟便宜
1263	2	音质音效：还不错 舒适度：还行 音量键调小是坏的，不管是加号还是减号都是增大音量
1264	2	做工质感：一般 音质音效：比较差，不过不能要求太高，毕竟才四十九 舒适度：较好 小米铁圈坏了，图便宜买了这款，音质确实不好，跟之前的小米没法比杂音有点明显
1265	3	做工质感：一般 音质音效：一般 舒适度：一般 续航能力：无 其他特色：收到的耳机：耳机线有折损，申请换货，换了新的，耐用性不知如何，后期有时间再追评。
1266	3	买了好几次了，一直用这个，至于音质嘛，这个价位，根本就没有音质可言，能响就行，不过不知道是我耳朵升级还是这耳机降级了，我以前用的同款好像没有这么大的底噪（电流声），现在这个底噪超大，耳机稍微一响，比如响一下通知铃声的时候，那底噪，超明显，一直响的时候但是听不太出来？
1267	3	音质音效：没去年买的好，一个型号也有这么大差距 做工质感：差
1268	3	舒适度：较差，没原装好，线控纯圆，让人难以捕捉按键所在方向，比华为原装稍逊
1269	3	音效音质一般，感觉没有专门做耳机的漫步者好用
1270	2	第二次买了，但是没想到线细了一半，不期望能好点，没想到比原来还差
1271	3	不知是不是原装，线都快折断了，这样的线不知能听几天？
1272	3	一般
1273	2	一般般吧，想着用苹果的耳机不匹配才买的，但是音质差苹果一条街，后来就没用了，
1274	2	刚买就降价，不想吭了
1275	3	做工质感：做工不错。 音质音效：有点漏音，
1276	3	按键有点晃荡啊，怎么说也几十块钱了，不应该吧&hellip;&hellip;
1277	3	收纳盒收纳不方便！
1278	3	舒适度：不好用，易脱落，设计不合理。声控操作不好用，
1279	3	没有入耳式耳机那种明显的听诊器效应； 线材有挤压变形的情况； 其他一般
1280	3	音效不好，有电流声，而且漏电
1281	2	音质一般，还有再也不会买半入耳式耳机了，不舒服，而且不隔音！还不如以前的传统耳机！
1282	2	其他特色：和原装的不一样，插电脑上接收不到声音了。只能用手机上，差评
1283	3	耳机里有根头发是什么鬼，懒得换了&hellip;
1284	2	右耳耳机金属外壳脱落下来了，才没用多久。。
1285	3	耳机头太大了，戴的耳朵疼
1286	3	第一次买的音质各方面都非常不错，结果二次回购音质差的跟街边货一样！就只还剩点低音覆盖过去！非常差的体验！慎买！为什么同样的产品会相差这么大呢？华为做大了真的是越做越差！！！
1287	2	怎么说呢不太满意，这价格不值得，不太喜欢，或许卖的是这个品牌吧，买都买了将就用，退货还麻烦
1288	2	一只耳朵声音大一只耳朵声音小，不值这个价吧，还没有我从~上买的10多元的耳机质量好
1289	3	音质音效：一般
1290	3	音质音效：电流声音很大，一直滋滋滋的
1291	3	质量非常地一般，音质非常地一般，不推荐
1292	2	做工质感：才用几天就这样了。没摔没砸。就这样了。
1293	2	做工质感：品控很差劲啊 音质音效：听响够用 其他特色：特色就是线都是折痕，不像新的
1294	3	还行，就是有点难拆
1295	3	音质不是很好，有点沙哑的声音
1296	3	音质音效：一言难尽啊。。。。。
1297	3	还行
1298	2	一般
1299	2	用来k歌音质好差，其他一般，关键有噪音，人声不逼真，之后还是去官网买吧
1300	3	音质音效：耳机漏音，漏音，漏音，重要事情说三遍。。
1301	3	音质音效：一般
1302	2	音质音效：音质很鸡肋，打电话语音的时候特别刺耳，耳朵真的受不了&hellip;&hellip;之前也是用华为AM116，怎么两款区别那么大&hellip;&hellip;用东西本身就是用一段时间再评论才有效果&hellip;&hellip;我适用了一周&hellip;&hellip;这次买的听歌可以，打电话真的会要了你的命。
1303	3	减声量的按键不行，按减音量就给我加音量。
1304	2	刚收到第一天音质还是可以的。就是接触不良，一会儿有声音一会儿没声音。
1305	2	一般
1306	3	买了几个了，容易坏。。。。
1307	2	这次购物体验是真的差，才买几天就坏了，上次也买了一条一模一样的就比这个好很多，摔了很多次都没坏，也不知道是不是因为疫情以此充好
1308	3	都一般
1309	3	不错
1310	2	不怎么好
1311	2	音质音效：音效不怎么好，带着也不是很舒服。
1312	2	音质没买华为手机自带的好做工材料也是！唉！荣耀跟华为就是有差别。
1313	2	感觉被骗了    说的打白条有满减    结果也没有    问客服答非所问，胡搅蛮缠  强词夺理  把该商品参与活动的证据都提供了    还故意刁难   最后说自己处理不了    反馈单上一级部门 有专人处理    大约需要一两天，最让人气愤的是证据都提供给你了    还有啥可以胡搅蛮缠的    搞不懂
1314	2	用了没两个月出问题了，问客服，客服不搭理我，呃呃呃呃呃呃
1315	3	做工质感：好 音质音效：可以，不过要漏音 舒适度：好 续航能力：还不知道
1316	2	质量不行，刚买一个星期线就断了
1317	3	做工不错，但声音稍大时杂音比较明显
1318	3	看是挺好看的，就是带久一点会耳朵疼，体质原因？不晓得。
1319	2	做工质感：真的很好，性价比也很高，质量也很好，物流也快啊！一天就到 音质音效：音质还行吧！对得起这个价格。 舒适度：舒适度非常差。耳机非常的大把耳朵顶的非常不舒服。 续航能力：续航能力还行，上课听一晚上没问题。 其他特色：就是深圳那边二三十的价格的货。因为这个耳机调整音量很垃圾。
1320	2	刚买两天，就有噪音了
1321	3	音质音效：有电流声
1322	3	用了几天，电池时间有点短。今天充电的时候冒了一股烟，吓了一跳，闻一下，有焦糊味儿，打开还能听，再观察一阵子吧。
1323	3	做工质感：还不错 音质音效：凑合 舒适度：很好 续航能力：还可以 其他特色：动不动就有电但是没有声音用充电器顶一下就又好使了
1324	3	续航挺高的，做工挺精致的。
1325	3	音质音效：播放时有杂音，一般。
1326	2	做工质感：还可以 音质音效：也行 我买来用了六天走在路上听着听着莫名其妙就没声音了，正常连接的，断开蓝牙或者连接蓝牙都有声音提示，但是放音乐就是没有声音，本来是打算退货的，结果后面又恢复正常了，虽然我知道我这个是次品，但是我上班没时间只能先将就一下算了。而且这个蓝牙隔了五到六米就开始卡卡卡卡卡。
1327	3	音质音效：有杂音 舒适度：可以 续航能力：可以 做工质感：一般 其他特色：通话声音小
1328	3	耳机里面有东西一摇会响，不放音乐会有电流音 音质音效：效还不错
1329	3	充电口防尘塞设计不好，太松老是掉开来，送的充电线无法充电，疑似接触不良，而且插线比较费劲，防尘塞挡住充电口，其他目前还好，毕竟便宜不是，性价比在那，先用着，等它坏了再来追评
1330	2	才隔两米远，都听不清，断断续续，太垃圾了
1331	2	为什么两星  用了一个下午  其他没啥  说好分开就开机    合一起就关机呢  关锤锤  还要手动关机  开机
1332	3	配的耳机的耳帽有一个是坏的，配的数据线无法充电，商品质量暂且不谈，就配件而言，我不是很满意?
1333	3	做工质感：差
1334	3	只能说一分价钱一分货，质量太有问题了，杂音很大，音质不好
1335	3	买的这就不咋的了，上次买的还是挺好的，这个耳机有点粗糙啊。
1336	3	音质音效：不咋地
1337	2	这耳机电流好大。。 一听歌一个有电流一个么电流。听的难受很不建议买。。。。
1338	3	没有想象的那么牢靠，质量没的说，但是戴着，即使是跑步也会慢慢的从一边脱掉下来，一下破坏了我购买的初衷，很不方便，不如买个单边无线蓝牙耳机了。唉&hellip;&hellip;
1339	3	音质可以，经常断流，按使用说明操作，可以调整音量大小，但切不了歌。
1340	2	延迟有点大其他还行
1341	3	音质不是很好，声音有点沙
1342	2	戴着不舒服，有噪音，还没以前买的59元的耳机好，坑了！
1343	2	有噪音还影响网络
1344	2	电都充不起，
1345	3	刚开始用还蛮好，不过才一段时间两边陆续都没声音了，现在只能用有线耳机了。
1346	2	不咋地，还浪费我的钱，我上网课的时候，只要一连接，网立马卡，断开链接又好了。这个音质也是不好，比如，你听完一句语音，或者一首歌，停止的时候，耳机里面就有微电流的声音
1347	3	竟然有低音炮的效果，音效还行，有一点硬伤，充电的口子没设计好，充电的时候口子插不进去。
1348	3	有斯斯的声音，打吃鸡声音延迟很重。
1349	3	耳机没预想的好，链接手机很慢，耳机线也太细了吧，感觉一下就拉断了，买来听书的对音质没要求，偶尔听听歌有电流声。不是很满意，期待耐用一点。
1350	3	还行吧。音量大声，就是麦不行
1351	3	按键松动，造工粗糙，戴着舒适度还可以，满满的廉价感，地摊货无疑，音质刺耳，续航怎么样还不知道
1352	2	做工质感：线不好，太容易皱了，皱了以后就弄不回来了。
1353	3	感觉一般，最大音量提示感觉耳朵要聋了
1354	2	连着手机一会不听小说就自动关机心情很不爽
1355	3	从耳朵掏出来的时候散架了，真尴尬啊。音质不错，真不结实
1356	3	连上不使用时，有丝丝声，按键不是很稳
1357	3	音质音效：一般，有杂音 做工质感：一般 舒适度：一般
1358	3	一分价钱一分货，音质听音乐不行，当个普通蓝牙打电话不错
1359	3	舒适度：一般， 音质音效：一般
1360	2	耳机经常死机，按键没响应，必须给它插一下电源线才可以重启
1361	3	有明显的延迟，追求音质好的尽量买好一点的
1362	3	音质一般，还不如苹果耳机
1363	3	音质一般，一个订单两个耳机'包装还不一样！
1364	2	上下跳动的太历害，戴着不方便
1365	2	音质还可以，就是充电接口合不了
1366	3	音质音效：容易受到干扰，我在拿来背单词时，手环抬起靠近，声音就听不清了。
1367	3	续航能力：不错能用蛮长时间的 音质音效：耳机音量键调大后播放音乐时会有沙沙声 舒适度：舒适度还好
1368	2	也就听个响，音质就不提了。做工差劲?
1369	2	我想问一下你们带着爱掉吗？反正我带老是掉出来
1370	3	做工质感：做工一般，符合这个价位，但是比山水99那个强 音质音效：低音感觉还有点，但是人生发闷，特别闷，包括那个调音量最大提醒的声音，不亮，打电话有时候回音很大， 舒适度：有点订的耳朵疼 续航能力：正在试，后续还会再来追加评论， 其他特色：包装感觉不是一次性完好的，心理有点过不去，先用几天看看吧
1371	2	做工比较差，最关键是麦克风收音效果太差，需要大声喊才行
1372	3	玩游戏不建议入手  一秒间隔
1373	3	充电口的帽不太好盖严，整体有些沉，音质一般
1374	3	用了两天应该有发言权了，首先做工还算可以，音质音效这块是没有线耳机来的舒服，有点闷，音量也闹心，带上以后如果嘴里再吃点东西，那感觉，相当的酸爽了。使用的时候有呲呲的电流声，游戏也好，看视频也罢都能当背景声，全民k歌是K不了了，没声音录入，玩吃鸡有延迟，而且游戏声音还是断断续续的。不过，两天了还有一半的电，续航不错。且买且思量吧
1375	3	一般，一分价钱一分收获
1376	3	一般般
1377	3	做工质感：感觉戴的时候会被电到一样 音质音效：还可以 舒适度：一般 续航能力：很容易断开连接
1378	3	音质音效：??? 舒适度：?? 做工质感：????
1379	2	信号一般，手机放了兜里就断连了。一般般了
1380	2	跑步带上总是要掉
1381	3	刚链接上和没有播放之前会有一下颤音！
1382	3	有时候会嘟嘟嘟的卡一下还有电流声我不知道是我手机的问题还是我耳朵的问题
1383	2	舒适度：跑步挂不稳
1384	3	做工粗糙，佩戴极不舒服
1385	3	续航能力：续航也就是充满电三个小时左右吧。 舒适度： 舒适度还可以。
1386	2	音质音效：音质效果很差，打不到这个价位的音质
1387	2	音质音效：有杂音，音质也不咋地，什么价钱什么货
1388	2	多一星给jd售后 第一个刚买十几天一边就不响了，JD免费给换了一个，用了一阵后经常死机，经常听着听着就莫名其妙的断开连接。哎~69块钱的就是垃圾啊，再也不贪便宜了。
1389	3	做工质感：塑料感太强，音质一般
1390	3	东西还行，就是声音有点小，一般吧。
1391	3	耳机收到了，打开双声道音乐两边耳机都没问题，给个一搬因为耳机在使用的时候总是有沙沙的声音，音乐大声的时候听不见但是稍微弱一点就很明显，这个耳机是买来听ASMR的，沙沙声很影响使用，如果买来是为了跑步锻炼或者打游戏的朋友还是可以买一手的
1392	3	一般般吧，在开机不运作的情况下时不时的就有电流麦的声音，凑合用了
1393	3	有微弱的电流声。。。
1394	3	总的来说值这个价钱吧，毕竟一分价钱一分货
1395	2	音质音效：丝丝拉拉的声音特别大
1396	3	耳塞不太牢固，老是掉，挂脖子的是硬的，没有软的好，做工质感舒适度都不太好，音质还可以，远距离也不会中断，
1397	2	耳机喇叭一会儿有声音，一会儿没声音的。这怎么用。有点垃圾呀。不能贪图便宜呀！！！
1398	3	有延迟，不能同步。
1399	3	还是右耳机有问题，我是服了，估计再换还是这样，点子太背。对付用吧！这个续航能力超级强，平时运动时戴，有点异音也听不出来，睡觉听音乐还是换我的旧耳机。产品质量是企业的生命线，重视起来吧！
1400	3	反应迟钝提示音太响了
1401	3	做工质感：挺好 音质音效：一般 舒适度：可以 续航能力：一般
1402	2	用了一个月不到，每首歌播放不到10秒就自动播放下一首，我一气之下就给它整了个型！
1403	3	一分价钱一分货！
1404	3	音质音效：耳机打电话的话不建议了，因为有电流声，有时候还会失声戴上去也不是很舒服，毕竟这个价位的蓝牙耳机还算不错吧。
1405	2	续航能力：太差，充满电最多听8小时就没电了，老是提示断开连接，连接成功，不懂是哪里出了问题。总体来说不值这个钱。 音质音效：一般 舒适度：一般 做工质感：一般 其他特色：别人家四五十的都比这个好
1406	3	奇妙的开口方向和形状
1407	3	兼容性还行，但没达到我的预期！
1408	3	如果给米8用最好买降噪的
1409	3	舒适度：就戴一会，就耳痛
1410	3	体验一般，物流倒是挺快的。
1411	3	物流快，服务好，东西棒棒的，哦?
1412	3	连接小米10Pro有&ldquo;正在通过USB...&rdquo;,碍眼啊
1413	3	一分钱一分货吧，大家看着办
1414	3	还可以吧，但也没说很好
1415	3	其他特色：要是有黑色的就好了
1416	3	感觉一般，对得起这个价格吧...
1417	3	好不錯，馬馬虎虎可以接受吧
1418	3	物流速度很快，戴着不太舒服
1419	3	地摊货啊，也不想退了，不过京东物流还是一如既往的快。
1420	3	还行，喜欢它的插口处不易折坏
1421	3	音质一般凑合着用吧
1422	3	音质音效：较 一般
1423	3	有时候会自己暂停
1424	3	还行吧，没预期好，但也不耐
1425	3	搭配米9，有很明显很明显的电音
1426	3	低音不错，但有杂音
1427	3	反正我神舟笔记本识别不了这玩意。
1428	3	还行，100块的耳机也不能要求什么
1429	3	做工质感：还可以呀，海里明星定义域随心所欲
1430	3	做工真是不怎么样，音质还行吧
1431	3	还没用耳机，但是看起来还不错
1432	3	主要是为了懒得接转换器，耳机性能与地摊货无异
1433	3	使用有杂音，但是物流好评，很快
1434	3	其他特色：物流给力，性价比高推荐。
1435	3	感觉还行吧，就是充电没得听音乐
1436	3	音质音效：万元以下听个响
1437	3	音质音效：很快，右耳出问题了。
1438	3	效果一般，容易掉。 十个字十个字十个字
1439	3	一分钱一分货，看着买吧
1440	3	这个价钱的耳机听个声就行了，本来没多高期待
1441	3	还咳咳咳咳咳咳咳咳咳以
1442	3	还行吧，听着也就那么回事，要什么自行车
1443	3	就那样，应急用用
1444	3	音质一般般
1445	3	你知道我是不会评价的，这辈子都不会评价的，用上去一般般啦
1446	3	包装真简陋，质量感觉还好吧，这个价钱的，差不多吧
1447	3	我等了七天
1448	3	还行，耳机还算可以吧
1449	3	小米的东西
1450	3	一搬搬
1451	3	廉价感十足！
1452	3	一般吧
1453	3	很容易脱落 音质符合这个价位
1454	3	送货速度很快，包装得很好，试用了一下感觉没有想像中的好，
1455	3	音质不错，但价格相比于同音质的耳机来说贵了不少。
1456	3	听歌可以，玩游戏声音不行
1457	3	网上推荐说的很高大上，用起来感觉很一般。
1458	3	没开启用呢！
1459	3	音质普通
1460	3	耳朵痛
1461	3	还行吧的
1462	3	白买了，得有解码芯片才行
1463	3	耳机好脏
1464	3	音质一般
1465	3	一般。
1466	3	勉勉强强吧，能听个响就行了，别要求太高
1467	3	做工质感：还是不错的 舒适度：不太好
1468	3	还行吧 一分钱一分货 挂在耳朵上会经常掉
1469	3	音质音效：一般吧 舒适度：还行，，，，，
1470	3	东西一般般，正常使用。
1471	3	嗯，这个质量对不起这个价格，看着非常廉价????
1472	3	音质音效：一般 舒适度：一般 续航能力：一般
1473	3	看起来还不错，但是带着耳朵疼，耳机头太大了
1474	3	耳机还行，就是连手机看斗鱼tv有电流声。
1475	3	音质还不错，就是耳机设计不好戴着耳朵疼
1476	3	刚刚开就掉了，客服不错，快递也快
1477	3	音质还行，但不适合睡觉听，会耳朵痛！凑合用
1478	3	质量不错，可以使用！！！
1479	3	做工质感：一般 并没有什么惊艳之处
1480	3	还行吧，凑合，不太舒服
1481	3	音质还不错，做工真差像地摊货一样&hellip;&hellip;
1482	3	带着有点耳朵痛，音效还可以
1483	3	除了typc接口方便，音质上面没有任何体验。
1484	3	用了一段时间，电脑和手机都可以用，线材比较一般
1485	3	做工质感：廉价 音质音效：闷 舒适度：舒适
1486	3	戴上不怎么舒服，但音质还可以
1487	3	耳机带着不舒服，其他的都可以
1488	3	外形不是这个价，，听起来还行，马马虎虎
1489	3	快递好快，手机刚拿到手，至于质量好不好以后用了在追评
1490	3	音质还可以。就是戴一会耳朵疼，挺不舒服
1491	3	挺好的。
1492	3	音质还可以
1493	3	音质还不错，就是做工有点次了！而且音量键不好用！
1494	3	品质可以  音效也不错  就是插口太紧了
1495	3	带着耳朵疼。。。
1496	3	质量很一般，快递速度可以
1497	3	耳机效果一般吧 包装不错
1498	3	一般吧，这个价位就算可以吧
1499	3	只能说凑合，送的东西你懂的
1500	3	音质还好吧，快递速度挺快的
1501	3	给公司买的，东西好不好不知道
1502	3	扫二维码显示的价格便宜很多，心理不爽
1503	3	怎么无法进行线控华为荣耀6
1504	3	很好就是声音底
1505	3	哗啦啦啦啦啦啦啦
1506	3	还好吧一斤般吧。
1507	3	还没有来的急用
1508	3	一般般，毕竟是送的
1509	3	还行吧，音质可以
1510	3	一般般，隔音还行
1511	3	目前感觉好不错
1512	3	一般一般还可以
1513	3	对于产品定价过高
1514	3	还可以音质还不错
1515	3	要求不高，还可以
1516	3	哈哈哈还好还好
1517	3	一分价钱一分货。
1518	3	没什么特殊感觉
1519	3	还行，毕竟这个价格
1520	3	一般般。对得起价格
1521	3	还行，低音重一点
1522	3	还可以，重低音不错
1523	3	很不错，用的很很
1524	3	耳机还可以，这个价位也就它了
1525	3	物有所值  不错。喜欢这个牌子
1526	3	通话有杂音，听音乐还行
1527	3	感觉很low 音质也对不起这价格。
1528	3	还没用过，快递非常快，包装看起来像正品。
1529	3	希望是正品吧，第二次来买了，二手
1530	3	这个价位的耳机就不错了
1531	3	还行吧，和预想的有些出入。
1532	3	音质感觉还好吧，听不出来。
1533	3	耳机外形好看，质量对得起这个价了
1534	3	快递很给力，耳机音质只能说一般。
1535	3	这个我还没有用 明天用用在给你评价
1536	3	快递很快，服务好。东西还没试过
1537	3	低档耳机中性价比比较高的耳机了。
1538	3	还不错，就是耳塞带时间稍长了耳朵疼
1539	3	还可以吧，还不习惯这种耳塞
1540	3	小米专用手机，整体勉勉强强
1541	3	还凑合吧 毕竟花的钱也不多
1542	3	音质不错，就是质感差点。。。
1543	3	说实在试听效果一般般
1544	3	说实话原来这个价位，这个品牌我买过音质更好的
1545	3	还不错，音质很好
1546	3	耳机音效没评论说的好
1547	3	用着一般般，没什么特别的体验
1548	3	音质还可以，性价比很高。
1549	3	普普通通一般一般就那样
1550	3	轻，声音一般。低音还可以。
1551	3	快递超快，但音质不怎么样
1552	3	算了。这个价位。没有更高的期待
1553	3	老爸说还没小米同价位耳机声音和线材好
1554	3	使用了之后感觉真吵，很多杂音。
1555	3	一般般吧  一分价钱一分货
1556	3	感觉是第一次买那个好一点。
1557	3	音效还可以！快递挺快的！就是包装太差了！
1558	3	凑合着用吧这个价
1559	3	听起来效果还行！
1560	3	样式还行，但有杂音
1561	3	一般般吧，这个价位算不错了
1562	3	音质还可以，线太长
1563	3	还行吧，音质就那样
1564	3	音质一般吧，在办公室用就足够了
1565	3	用着感觉还没原先*的小米耳机高
1566	3	并没有给我很棒的感觉，价格较高用的还行
1567	3	音质不错，就是总会跳歌跳来跳去
1568	3	一般般吧，外观挺丑音质也就那样
1569	3	耳机还行，不过带上去手机会失控
1570	3	目前用的还不错
1571	3	不怎么好用，还可以
1572	3	挺好看的，还可以！
1573	3	一分钱一分货，给三颗星是看在国产的份上
1574	3	外观精美但音质不行
1575	3	还没用几天就丢了，不想做评价
1576	3	声音不是我喜欢的类型
1577	3	不错的  音质不错
1578	3	没评价里说的好用
1579	3	个人觉得舒适度一般
1580	3	一般吧，对得起这个价格嫩嗯嗯呢
1581	3	耳机还行吧，这个价位也就这样了
1582	3	感觉一般般，值这个价钱吧，漫步者。
1583	3	一分钱一分货，作为备用
1584	3	感觉不错，就是包装好丑，
1585	3	声音听起来很舒服，还是可以接受的
1586	3	外观和音质都很廉价
1587	3	还行 不太懂这个
1588	3	看起来还不错用一段时间再看看
1589	3	颜色不一样，音质还可以
1590	3	东西一般般，凑合用着吧。
1591	3	低音很给力 价格不太好
1592	3	总体来说还可以，但是这噪音大的烦人
1593	3	这个耳机还行吧最小音量还是很大
1594	3	还没我以前120的好唉
1595	3	还行吧，哈哈，都是听个响
1596	3	选的黑色送个灰色，音质还行吧
1597	3	还行，没有想象中好
1598	3	没感到有什么特别
1599	3	你妹我买的黑你给我邮的黑色
1600	3	说实话杂音确实挺大的
1601	3	感觉很挫，带着也不舒服
1602	3	颜色不正，音质还行
1603	3	还没有三星送的AKG音质好。
1604	3	音质不错，就是带着耳朵不舒服
1605	3	还行吧。就是带一会儿耳朵会有点难受
1606	3	去实验室把这耳机拆了和原装区别相似度70%
1607	3	今天才收到L接口不错，可惜没有线控
1608	3	舒适度：戴上后很嗨 但是这个太吸灰了
1609	3	音质不错，但是听诊器效应严重?
1610	3	低音效果还可以，中高音不行。
1611	3	音效不错，就是戴上时间没多久耳朵疼
1612	3	外觀看著挺簡約大方，質量還是說一分價錢一分貨吧
1613	3	和185元的差不多，早知买185的那种！
1614	3	放耳朵会痛，久了不舒服，音质还可以！
1615	3	人才啊买的黑色跟我配的灰色
1616	3	做工质感：还行 音质音效：一般 舒适度：好
1617	3	音质不错，但右耳线和耳塞的连接处有松动，
1618	3	帮朋友买的，好像不太满意，品质保证还是到位
1619	3	还行，一般般，戴久了耳朵会痛
1620	3	低音可以：：：人声不好
1621	3	音质倒是很不错，就是戴时间长了耳朵眼疼
1622	3	音质音效：还行吧，包装不好。
1623	3	不错的耳机&hellip;就是低噪声有一些
1624	3	舒适度：佩戴不舒服，耳朵会痛。
1625	3	还可以吧，没什么亮点
1626	3	还在摸索阶段
1627	3	3213213213213
1628	3	还好吧
1629	3	整体还行吧
1630	3	還行，還行??
1631	3	音效不错 就是时间久了戴的耳朵疼
1632	3	很不错，适用！
1633	3	音质一般吧
1634	3	还算可以吧！
1635	3	一般般啦
1636	3	还行吧
1637	3	音质还行
1638	3	有电流音，其他还好
1639	3	耳机一般
1640	3	一般般吧
1641	3	195的耳机，就那样吧
1642	3	低音可以
1643	3	音质还行吧，感觉没有铁三角的音质和做工好，
1644	3	感觉还可以吧，有些沙沙的声音，低音还可以。
1645	3	音质还可以，价格也算公道，但是没有送耳机收纳盒
1646	3	发错颜色了不过还行耳机差不多
1647	3	恕我直言，在座的各位都是托。耳机一般
1648	3	要黑色却送来灰色。
1649	3	电流声还是比较明显的，带上隔绝感还不错
1650	3	还不错，音质也可以 低音效果也挺棒，一个价格一个货。
1651	3	听起来还不错，但是在qq音乐中找不到这种耳机类型
1652	3	我要的是黑色怎么给了灰色...但耳机还是挺给力的
1653	3	就这个样子吧
1654	3	还可以吧
1655	3	一般吧
1656	3	一般吧
1657	3	#
1658	3	不错 已经退货 音质就100元的音质
1659	3	音质很棒 但是 带的时间长了 耳朵隔着疼
1660	3	隔音效果不错，音质就一般般吧，毕竟这个价
1661	3	期待有点高   就那样吧  还没步步高音质好！
1662	3	低音还行，人声不理想。
1663	3	包装很简单哦
1664	3	快递便捷，，，，，，，快递便捷，，。。。，！
1665	3	不错，挺方便的。比实体店好。
1666	3	耳朵好疼啊，物色下件ing
1667	3	音质还好，
1668	3	还是有杂音，也不错了
1669	3	189的耳机 一般般吧 音质给个6  7分吧
1670	3	东西到货了，，还算满意，，就是快递不按时，，说好的当天，，第二天才到。
1671	3	店家，买了保修的服务，没找到什么凭据
1672	3	其他特色：2017年产的音质和华为80多块钱的一样
1673	3	舒适度：还不错，音质也不错，这个价位也就这样了
1674	3	东西还行，有点低噪，对音质没有较高要求的可以用用
1675	3	还行吧总体来说这个价位，就是这个盒子真的是一贯风格?
1676	3	价钱超值，一分钱一分货啊
1677	3	一分价钱一分货就是这样的啊！
1678	3	第二次买了，主要是价格便宜。
1679	3	相比较那个黑色的还行
1680	3	还不错，东西和照片一样
1681	3	还可以，包装太过于简单
1682	3	也就这样，一分钱一分货
1683	3	还行，比超市稍微便宜一些
1684	3	基本上能用，毕竟价钱低
1685	3	还行，这个价位已经可以了
1686	3	速度很快，不过质量挺差的
1687	3	一分价钱一分货，不评论。
1688	3	快递速度可以，音质一般。
1689	3	一般般，毕竟价格放在这里
1690	3	还不错 就是有时候会失灵
1691	3	一般般吧 毕竟就这个价格
1692	3	一分钱一分货，音质一般般
1693	3	质量还可以，服务态度不错
1694	3	耳机还可以，值得这个价格
1695	3	声音听起来好遥远的感觉?
1696	3	产品不错，京东购买比较放心。
1697	3	还可以吧，，，一分钱一分货
1698	3	除了包装不好之外，还不错。
1699	3	质量一般，价格实惠，速度快
1700	3	时好时坏，快递也实在是快。
1701	3	其实质量好！是我没有保护好！
1702	3	还可以，，毕竟价格这么低，，
1703	3	音质可以用了好久才来评论
1704	3	还行，价格在这别有太高要求。
1705	3	其他特色：就是没有特色。
1706	3	音质一般般，一分钱一分货。
1707	3	音质一般般 一份钱一分货吧
1708	3	价格实惠，使用不错，蛮好的。
1709	3	一分价钱一分货，能出音就行
1710	3	一般般吧用用价钱在哪里呢。
1711	3	反正挺偏宜的。价格还可以了
1712	3	还不错吧，希望能考谱些吧。。。
1713	3	帮同学买的，还不错
1714	3	相比之下，线比较细
1715	3	总的来说还可以
1716	3	这是我复制过来的，我自己懒得写了，但这也是我想表达的意思。我为什么喜欢在京东买东西，因为今天买明天就可以送到。我为什么每个商品的评价都一样，因为在京东买的东西太多太多了，导致积累了很多未评价的订单，所以我统一用段话作为评价内容。京东购物这么久，有买到很好的产品，也有买到比较坑的产品，如果我用这段话来评价，说明这款产品没问题，至少85分以上，而比较垃圾的产品，我绝对不会偷懒到复制粘贴评价，我绝对会用心的差评，这样其他消费者在购买的时候会作为参考，会影响该商品销量，而商家也会因此改进商品质量
1717	3	用着还行吧，一般般
1718	3	基本等合商品介绍
1719	3	耳机不错  挺喜欢
1720	3	只能说一分钱一分货
1721	3	以前从来不去评价，不知道浪费多少京东豆，自从知道京东豆可以抵现金的时候，才知道京东豆的重要。后来我就把这段话复制了，走到哪，复制到哪，即能赚京东豆，还非常省事；当看到这些评论的时候，表示我对此商品还算满意。。。
1722	3	还好吧，一般般了。
1723	3	好评好评好评好评好评好评好评好评好评好评好评好评好评好评好评好评好评好评好评好评好评好评好评好评好评好评好评好评好评好评好评好评好评好评好评好评好评好评好评好评好评好评好评好评好评好评好评好评好评好评好评好评好评好评好评好评好评好评好评好评好评好评好评好评好评好评好评好评好评好评好评好评好评好评好评好评好评好评好评好评好评好评好评好评好评好评好评好评好评好评好评好评好评好评好评好评好评好评好评好评好评
1724	3	还可以也是很的
1725	3	音质还行，送货很快
1726	3	物流快！产品太次
1727	3	还行，一分钱一分货
1728	3	价钱和品质一样
1729	3	不错不错哦哦哦
1730	3	耳机便宜很好用
1731	3	不错，和图片一样?
1732	3	这个价位也就这样啦
1733	3	音质挺好，还可以
1734	3	一分价钱一分货
1735	3	还行，很便宜就买了
1736	3	听半小时耳朵会痛
1737	3	可以用，效果一般
1738	3	还可以  音质不错
1739	3	质量不错，物流给力
1740	3	价格便宜,音质一般
1741	3	我朋友非常喜欢。
1742	3	音质不错，这个价值
1743	3	总的来说还可以
1744	3	还可以，耳机有裂痕
1745	3	还行，音质还可以
1746	3	还不错，性价比高
1747	3	总体来说还算可以
1748	3	*钱的，也就这样了
1749	3	很好，下次还会购买
1750	3	一分价钱一分货，
1751	3	京东物流很快，产品也挺好的 
1752	3	总体来说还行吧！
1753	3	，一分价钱一分货
1754	3	非常满意音质也好听
1755	3	唉！一分钱一分货
1756	3	还可以，音质不错
1757	3	还好用，音质还好
1758	3	唯一的优点是便宜
1759	3	一分钱一分货啊
1760	3	一分价钱一分货
1761	3	还是可以的  不错
1762	3	这个机挺好用的
1763	3	可以，下一次在买
1764	3	一分价钱一分货。
1765	3	线控有毛病凑合用吧
1766	3	有个耳机声音很小，有个大
1767	3	快递慢
1768	3	感觉和图片有点不一样
1769	3	怎么有种似曾相识的感觉，哦，原来和我的AirPods pro长得很像。
1770	3	做工质感：还行 音质音效：一般 舒适度：还行 续航能力：不错 其他特色：便宜，连接快
1771	3	音质音效：音质还行。 舒适度：一般，跑步会掉，不推荐。 续航能力：续航还可以？。
1772	3	其他特色：没什么想说的，冲着荣耀买的，没想到只是个代工的产品
1773	3	就好像网上约了个帅哥美女，见面发现是个二百斤的胖子。
1774	3	音质音效：刚到手，音质干瘪，耳机做工还行，跟去年花两百多买的华强北相比音质差好多啊！
1775	3	用第二次直接没声音，手机外放声音。实在看不懂啥子操作？音质还不错
1776	3	做工质感：还可以 音质音效：一般 舒适度：有点大 续航能力：还没用多久 一分钱一分货，对得起这个价位。
1777	3	东西一般吧，没有音效啊 做工质感：一般 音质音效：一般 舒适度：挺好的 续航能力：挺好的
1778	3	音质音效：没要求 还可以 舒适度：一般 放深了胀 放浅了容易掉落
1779	3	其他都挺好，就是老是断信号，歌听着正舒服给你断一下真的难受，同事的也是一样的情况
1780	3	跟ios连很完美，各方面很满意 就是最低音量听歌声音还是很大，太伤耳朵了
1781	3	做工质感：做工质感都很好 音质音效：值这个价 其他特色：延迟有点高，玩儿吃鸡感觉够呛
1782	3	一般把，连接速度挺快的，但是音质听不出来特别来，而且双击暂停开始总是失效
1783	3	音质音效：音效还可以 做工质感：做工精致 有个小缺点  听着听着没声音了  需要重新连接
1784	3	做工质感：塑料质感 音质音效：一般 舒适度：带了一会耳疼 续航能力：不晓得 其他特色：暂未发现
1785	3	物流很快，产品也能达到预期要求，就有一点不舒服。预售和售价一毛一样，所以我为啥要在上班时候躲厕所买呢
1786	3	音质音效：毫无音质可言，声音干涩，也就听个响，还不如几十块的耳机音质好 做工质感：做工比较满意
1787	3	音质音效：还可以，低音有点 做工质感：还以 续航能力：可以 双耳通话出现不一致
1788	3	做工质感：华强北工艺 音质音效：听个响 舒适度：还ok，不难受 续航能力：不错 其他特色：一分价钱一分货了，华为荣耀小米化的历程的开始
1789	3	耳机戴上后，挤得耳朵疼，而且也容易滑脱，续航能力超强，单耳五小时没问题
1790	3	做工质感：差不多 音质音效：差不多 舒适度：不行，戴一小时耳朵疼 续航能力：棒棒的 其他特色：没有特色
1791	3	做工质感：就挺塑料感的 音质音效：还行 舒适度：挺好的，带着不会掉 续航能力：目前就连续用4个小时还有半格电
1792	3	盒子开关很松，关不紧。 做工质感：一般 音质音效：听起来不怎么样 舒适度：还行吧 续航能力：一般使用还可以，不长时间用 其他特色：～～
1793	3	做工质感：一般吧 音质音效：没啥惊喜 舒适度：耳朵有点痛，换了最小号的了 续航能力：感觉还行 其他特色：没啥
1794	3	音质音效：音质可以。 舒适度：还行 做工质感：可以，就是不是华为荣耀的品牌 不能接受的是，预定的价格和现在卖的价格还一样，呵呵！
1795	3	做工一般吧，音质也还行，一分钱一分货，目前感觉的缺点就是耳朵戴的疼，算了将就吧，以后还是要买好的
1796	3	不黑 感觉还可以 这个价格这个品质还不错 就是预售太坑了 没意思 也没人来解决
1797	3	150的耳机，也就凑合着用，因为充电口歪的问题换新了，还是歪的，绝了。其他方面我觉得还行吧
1798	3	一分钱一分货~连接速度确实快~但是这个带起来耳朵不舒服~我平常其他耳机也是入耳式的~耳机充电盒做工真心挺差的~耳机颜值还可以~
1799	3	预约入的，盒子特别容易粘轻东西，音质一般，毕竟价格低，听个响就好了，蓝牙连接很快，续航也还行
1800	3	延迟很明显，能看到人物口型出来了，声音才有，不同步。 舒适度：舒适度还是很可以的 音质音效：百元里面算是不错的 续航能力：官方6小时的续航是很给力的
1801	3	音质音效：低音效果还行，但是还差点震感，高音有点刺耳，客观来说这个价钱凑合吧 舒适度：佩戴舒服不容易滑落 续航能力：续航是比较不错的
1802	3	做工质感：一般 音质音效：跟买手机送的差不多，声音时大时小 舒适度：还可以，跑步的时候不会掉 续航能力：蛮久的 其他特色：一分钱一分货，听个响挺好的，预算充足就肯定买好的啦
1803	3	不推荐买来听歌，有底噪。但是日常听歌我觉得还行～适合打电话声音很清晰，性价比不错 续航能力：优秀 音质音效：一般 做工质感：一般 舒适度：一般 其他特色：续航，防汗，不掉
1804	3	做工质感：这个做的很不错了，很值 音质音效：这个需要说一下，音质凑合吧，低音很重，但是高音比较糊和破，整体比较闷，追求音质不要选这款 舒适度：还是不错的，不太习惯入耳式，但有大中小可以选择
1805	3	做工质感：质感还不错。 音质音效：还不错，音质可以。 舒适度：不太舒服，比预想的要大。 续航能力：还可以，不错。 其他特色：降噪不行，在外边有风打电话对方听不清。 隔音不行。
1806	3	音质音效：音质一般，特别是延迟十分严重，有游戏需求的慎入，普通听音乐还可以 舒适度：外观完全仿照airpods2 舒适度还可以 续航能力：一亮点是 续航出色 其他特色：特别提醒：此款耳机是贴牌的，实际为一家叫声氏的厂生产，只是贴个荣耀亲选的牌，懂得都懂
1807	3	做工质感：对于这个价位来说能接受。 音质音效：还可以，跟上千的肯定没法比.这个价位很不错了 舒适度：舒适度真一般般，戴习惯了我的cks1100，戴这个时间长了有些痛感 其他特色：蓝牙与续航，通话都还不错，这个价格入手入门玩玩还可以
1808	3	做工质感：有点塑料感 不过就这价格还可以  第一次打开发现有灰尘 但是不影响使用 音质音效：还可以 对得起这个价格  听歌音质可以 触碰功能没有延时 舒适度：比较舒适  配备了各种型号耳塞  两只都带的话很隔音 续航能力：还没试用 其他特色：就是第一眼看到有点脏感觉不舒服 其他还好
1809	3	蓝牙连接速度很快，也很稳定。续航不错。音质不行，这耳机电话语音、听听相声评书或者学习英语之类的很好，声音很清晰。但是。。。如果是听歌那还是算了吧，音质差点一塌糊涂。不过想想这个价格也就没啥好说的。
1810	3	续航能力：续航强大，可以听4小时左右 音质音效：音质还可以，塞的很紧会有降噪功能 舒适度：带着不是很舒服，耳塞都换了带上也很松，因为电池部分太大，只有耳塞在耳朵里很滑，容易掉，运动不适合戴。 做工质感：外观还可以，但是带上运动跑步会听到里面异响，内部零件没有固定牢靠。
1811	3	做工质感：做工手感还不错，比较细致。 音质音效：音质就一般般了嗯，比我之前用的小米耳机有线的就有点差距，特别是低重音，这里不是很明显。 舒适度：嗯，戴着还是挺舒服的嗯，大小合适。 续航能力：嗯，续航的也还可以，可以用两四个小时，没问题吧？在没有使用电池和前提下。 其他特色：怎么就没有什么特别特色？可以单独使用，这一点是比较合适的，比较方便。
1812	3	外观还行，佩戴舒适度还行，续航还行，携带方便，隔一个房间也能用。玩游戏延迟有点高，音质差，用来听音乐毫无感动可言，音量放大一点会很刺耳，小一点还能接受，通话声音有点小。被坑1元预约费。综合评价分4.1
1813	3	做工质感：一百来块的耳机也谈不上什么质感，耳机充电盒有点松 音质音效：以前一直用的苹果原装耳机，感觉这个人声挺通透，但是不如以前的耳机声音饱满，也不是到那种不能听的感觉 舒适度：不如半入耳舒服，每次从充电盒拿出耳机都有种油腻的感觉 续航能力：还行吧，耳机用得不多，电够用 其他特色：最好笑的就是一块钱预订，结果开售跟预订价一个价格，策划跟个蠢比一样，耳机总体还可以，毕竟才一百五，也算是能用，连接稳定，速度也快。
1814	3	做工接缝处有些不平刮耳朵，建议改进，音效人声可以，其他的不咋地，想听纯音乐的放弃吧，延迟倒是不错，舒适度个人感觉带的超过半小时耳朵疼我，不过这好像是入耳式的通病，不知道是不是我耳朵的问题老掉放在耳朵里不牢固，续航能力倒是不错，不过149的耳机，只能说还可以吧
1815	3	物流还是很给力的，第二天就能到，包装也还不错，挺结实的。 做工质感：做工质感还行吧，毕竟有大牌撑着，还是有底线的。 音质音效：音质音效只能说一般般，我这种对耳机没啥研究，也能分得出这耳质比我手机原配有线耳机的音质要差得多，只能说听个响吧。 舒适度：行吧，佩戴了两三天，我单次佩戴时间也不是很久，没啥特别感觉。 续航能力：因为我使用频率不高，续航还是可以，加上充电盒还是够用，充电盒的充电速度也还行。 总体来说，百来块的无线耳机，玩玩就好，凑个热闹，真是有需求有追求的，不推荐这个。
1816	3	做工很一般，申请退货了。
1817	3	舒适度：带了两个小时了耳朵不舒服
1818	2	音质音效：音质差，有电流音
1819	2	玩吃鸡滋啦滋啦的电流声音
1820	3	离远一点就信号不好
1821	3	音质音效：不怎么好
1822	3	音质音效：音质一般般，听个响
1823	3	舒适度：有些卡耳朵，卡的耳朵疼
1824	2	听着听着经常会断音，不值得买
1825	3	音质音效：一般，连接不太稳定
1826	3	音质音效：音质很一般，这个价贵了点。
1827	3	一般般，没有惊艳的感觉
1828	3	声音时常有间断，就听个响
1829	3	音质音效：比较单薄，没有浑厚感
1830	3	东西一般，主要触屏不太灵
1831	2	戴着总是掉，感觉不怎么合适
1832	3	带浅了容易掉  带深了耳朵疼
1833	2	音质比较差，拆包就不给退了
1834	3	舒适度：戴久了耳朵会痛，而且也戴不稳
1835	2	买亏了，反正能响没有什么别的
1836	2	音质音效：通话效果差，其他暂时良好。
1837	3	效果总感觉有点别扭，触控不是很好用
1838	3	音质音效：没有，只听个响。 做工质感：一般
1839	3	不适合户外，走路的时候有沙沙的声音
1840	3	耳机会自动断开，连接上了突然没有声音
1841	2	已退，戴的耳朵疼，手机放口袋里面一直卡
1842	3	音质真不咋的，以为是荣耀品牌的，怪我瞎咯
1843	3	有点脏，像是被使用过
1844	3	一般般，带久了耳机疼 舒适性不是很好
1845	3	带着耳朵?疼。刚用的前几天脑子嗡嗡的响。
1846	2	音质不咋好，舒适度也不咋好。续航还好
1847	3	有点杂音还能接受，但这耳机戴着容易掉
1848	3	破玩意儿，跑步断音。
1849	3	音质音效：不好
1850	2	不咋样
1851	3	老是掉
1852	3	做工有待提高
1853	2	别买，快逃
1854	3	续航差
1855	2	入耳差，音质差，就是一个最基本的蓝牙耳机
1856	3	质量不是很好，一个耳机充不进去电，已经找售后。
1857	3	看视频听音乐有卡顿，每个一段时间就有几秒的忙音
1858	2	其他还行，触摸根本没用，换货还是一样！！自己的退货！
1859	3	这盒子有点&hellip;&hellip;&hellip;&hellip;&hellip;&hellip;&hellip;&hellip;&hellip;&hellip;????一般般吧
1860	3	是给朋友买的，听说用着还可以
1861	3	看上去是不错的，还没用
1862	3	盒子的质感不错，耳机还可以，值得购买。！！
1863	3	还是觉得一分钱一分货吧。希望之后多赚钱。
1864	3	还好，与描述也一样，毕竟价格在这里
1865	3	音质还不错，配对有些麻烦
1866	3	左耳不太好使。。。。。。总体不错
1867	3	挺好的，就是刚用了几个月有一个坏了。
1868	3	音质音效：就是希望发货之前店员测试一下
1869	3	东西瑕疵很多，退换货很快
1870	3	这么给你们说吧，一分钱一分货。懂了吧
1871	3	音质不错五星好评
1872	3	单个还好，两个一起用连接不畅
1873	3	用了一段时间还不错
1874	3	外形还可以，音质一般，无非价格便宜点。
1875	3	京东的品质于物流一级棒
1876	3	三星吧，看电影打游戏有延时其他还可以
1877	3	东西听歌还可以，通话的话有杂音
1878	3	一般吧听歌一卡一卡的
1879	3	电池表面不好，起苍发白，耳机很好
1880	3	物流快，过年期间购买产，服务不错，但耳机音质一般
1881	3	舒适度：还好就是带久了耳朵疼
1882	3	通话对方说有卡顿，其他的都还好
1883	3	还行吧两只耳朵都有杂音
1884	3	一分价钱一分货，你懂的
1885	3	还行吧，听的时间没有那么长。。。。
1886	3	音质音效：音效还行 其他特色：实物与图片不符
1887	3	应该还是有点可以的啦，哈哈
1888	3	产品质量就属于一般了，毕竟价格摆在这里呢
1889	3	续航能力：满电一次能用很长时间。
1890	3	整体感觉不错但在玩游戏时会出现些许延迟。
1891	3	舒适度：容易掉 音质音效：还可以
1892	3	音质音效：符合20元地摊货音质
1893	3	一开始还好，但是后面经常一卡一卡的
1894	3	电量不足 其他还好
1895	3	音质音效：右耳有杂音别的还好。
1896	3	一般般吧，还可以。
1897	3	用了一次，电不耐用！其他可以
1898	3	隔俩三米就卡了
1899	3	挺满意的，就是打电话和~都是一边有声音
1900	3	舒适度：很舒适 音质音效：有噪音
1901	3	有时一卡一卡的
1902	3	换过货的不用评价
1903	3	其他特色：不能充电
1904	3	舒适度：待时间久了疼。
1905	3	换了N多次，期间各种问题，不过价格便宜
1906	3	还可以吧，音质一般
1907	3	只能说物有所值
1908	3	舒适度：可以 音质音效：不怎么好
1909	3	打电话对方听不清楚
1910	3	音质音效：一般吧
1911	3	音质音效：一卡一卡的
1912	3	换货很快很给力，但是产品质量真的一般。
1913	3	续航能力：续航够用。会无意间关机
1914	3	还行吧，这个价位就能听听歌了，
1915	3	音质音效：一卡一卡的
1916	3	确认过眼神后，发现他不是我想要的东西，所以我通了，具休不予多评
1917	3	一分钱一分货，简单用用还可以。
1918	3	挺好的，不过音质，什么的不太好
1919	3	音质音效一般，功能挺强
1920	3	音质可以，吃鸡延迟一秒
1921	3	打游戏有延迟，其他还好
1922	3	续航能力：音质可以 ，耳机有点大了
1923	3	做工质感：一般 舒适度：一般 续航能力：一般
1924	3	续航能力：不是很长 音质音效：还可以
1925	3	音质还是不错，就是受环境干扰容易掉线再连接
1926	3	耳机挺好，声音之类的都还可以，但快递真的很慢！！！
1927	3	一分钱一分货吧，大家自己把握
1928	3	做工质感：low 音质音效：杂 舒适度：一般
1929	3	戴久很不舒服，音质还行
1930	3	外观还好，就是开箱的时候就70度电了。
1931	3	声音比较大，链接方便
1932	3	只要不听纯音乐总体来说都不错。
1933	3	看图
1934	3	续航能力：续航还不错就是链接不太稳定，
1935	3	音质音效：有电流声 做工质感：可以
1936	3	挺好的
1937	3	还行还行吧
1938	3	一般般，刚戴上就刺啦刺啦
1939	3	音质挺好，就是说话声音小。
1940	3	其他特色：有大中小三种套头，很人性
1941	3	刚拆快递还没有使用，不知道好不好。
1942	3	包装旧。客服态度好！
1943	3	京东的速度很快，感觉耳机音效一般
1944	3	电量从80到0只用了13分钟  真棒
1945	3	延迟很高，游戏党算了吧！
1946	3	做工质感：做工方面可以，看上去很好
1947	3	有时候有一点卡顿，还可以吧
1948	3	用起来还可以 音质不大好
1949	3	其实挺好的，就是声音放大一点旁边的人能听的很清楚
1950	3	还可以吧
1951	3	音质一般
1952	3	买手机免费送的耳机太差，重新买了一副配套耳机，还送了一个耳机包，挺好的。
1953	3	声音很小，音量要很开大才听到！音质还可以吧！
1954	3	感觉一般
1955	3	价格合理
1956	3	用着瞧吧
1957	3	还可以吧，是原装的，但质量一般。
1958	3	一般般吧
1959	3	手机音量调大以后，外面能听见，其他还好
1960	3	还行吧。就是在普通耳机里价格略贵。
1961	3	一般般 音效音质：一般般 舒适度：好
1962	3	线控的音量键好像不支持电脑连接&hellip;&hellip;其他还挺好的嗯
1963	3	支持好东西
1964	3	还可以?
1965	3	看着还可以，用起来一般般  主要漏音
1966	3	就是好像有点不稳定     总体不错
1967	3	舒适度：没有我之前原配好，但是也还不错，音质一半
1968	3	可以用，外环看着一般。但毕竟价格也不贵，先用着看
1969	3	感觉还是没原装的那个音效吧。不过这个价格性价比还好了
1970	3	还行吧
1971	3	目前用的还可以，但是，线太细了感觉， 就不知道能用多长时间。
1972	3	一般般吧
1973	3	很耐用，比较好，还可以
1974	3	还行吧，用着还可以的。
1975	3	还可以吧
1976	3	买的时候38，现在34
1977	3	包装挺完整的，有点杂音，质量不算很好。凑合用。
1978	3	耳机线比较细，感觉不结实，建议买58的，耳机包不错。
1979	3	物流没得说，挺快的，一天时间就到货了，这个钢制也只是接口处那里，耳塞还是塑料，建议买经典款，其实也没差。还便宜。其他的还好
1980	3	做工质感：一般 颜色外观：一般 舒适度：一般 其他特色：一般 音效音质：一般
1981	3	音效音质：普通 舒适度：还行 颜色外观：还行 做工质感：还行 其他特色：未发现
1982	3	做工质感：一般 音效音质：一般 舒适度：一般 颜色外观：一般 其他特色：没有
1983	3	一分钱一分货，这个耳机到了高频的时候就有杂音，用听音乐不太适合，打电话勉强可以接受。 配送了一个小包包，方便携带耳机，赞一个！
1984	3	用了之后音质外形都还不错，就是线比原装的要细一圈，一下子落差感就出来了，不过一分钱一分货只能凑活用了。
1985	3	音效音质：插上去有点沙沙的声音。 做工质感：线比较细，也比较软，感觉不是很牢固。 颜色外观：颜色很好。
1986	3	舒适度：差，太细，轻了，戴着容易掉 音效音质：可以 做工质感：可以 颜色外观：白色 其他特色：没啥吧
1987	3	线比原配的细一些，而且转动插头会听见呲呲的响，声音也较大，原配没有声音，音质还行，可以听
1988	3	音质弱于苹果耳机，不过毕竟价格在这，听钢琴曲和轻音乐还行，试听了烟火里的尘埃，明显体会不到低音，。总体来说音质听起来轻飘飘的。学生用不错，声音清晰，听歌曲不行。
1989	3	线是真的细。感觉一般。就这价钱，也就这效果。咱也就这评价。想想也知道买不到好东西。反正一分价钱一分货，这个钱也就买这个货。
1990	3	物流很快在这个期间算是惊喜，耳机质量还行。外观真的太丑了而且感觉被拆过或者被压过 颜色外观：还不错 舒适度：一般 音效音质：还行 做工质感：还可以
1991	3	舒适度：总体来说还行，漏音效果是真不错，歌儿开大点几乎跟不带耳机就没啥区别了，我带耳机就是为了想听点自己的东西不让别人听见不让别人打扰，这耳机，完美的与我的想法背道而驰。总之，颜值 三颗星 质量，三颗星，音感，三星半，使用后的心里感觉，感觉交了智商税，心情的话三颗星吧。
1992	3	做工质感：运气不好，碰到了问题产品，音量键松动，一晃就响 音效音质：音效还可以，标准的音质效果，普通听歌使用没问题 舒适度：个人还是比较喜欢这种半入耳式的耳机，佩戴舒适，不闷 颜色外观：白色是经典颜色，耐看 其他特色：送了一个耳机袋，这点很贴心。但是做工品质还是很糟心。
1993	3	音效音质：音效有点杂音
1994	2	商品介绍不符，荣耀v8根本用不上
1995	3	评价什么，根本没收到袋
1996	3	勉勉强强，规格质量一般般
1997	3	降价的产品质量就靠运气的了！
1998	3	不值得 这个价格
1999	3	隔音效果不咋样，
2000	2	新拿到手的音量键是坏的
2001	3	音质不好，有杂音
2002	2	什么神奇的音质
2003	2	质量不好听歌声音有杂音
2004	3	为什么会有logo，我都以为没有的(&gt;﹏&lt;)
2005	2	舒适度：耳机音质不怎么样
2006	3	根本不是华为的，是荣耀的，也不是原装
2007	3	耳机也插口结合不紧，懒得换了
2008	3	耳机上的按钮不能减声音的
2009	2	这耳机有点待不住，口太园了
2010	3	这个价格算这样了，比起苹果原装差距明显
2011	3	左耳漏电，不推荐
2012	3	包装有破损，耳机盒小的可爱?
2013	2	没用多久耳机就一边大声一边小声了
2014	3	插头莫名其妙的歪了，凑合用
2015	3	带一下耳朵就痛，而且音质一般
2016	3	加减音量键是松的
2017	2	带上以后不放音乐有些滋滋叫的声音
2018	3	耳机一般，一份价一份货，有杂音
2019	3	这个耳机价格也不便宜，音质不咋地啊
2020	2	假的原装耳机且接触不好
2021	3	应该不是正品，录音有电流声
2022	3	一般，声音有点小，有杂音
2023	2	左右声音不一样高
2024	3	东西不贵，音质不好
2025	3	刚送来就有损坏
2026	3	跟10块买的山寨耳机差不多。
2027	3	线有点细，还漏音，一分钱一分货吧
2028	3	这次买的耳机的线比之前的细了一圈，质感不太好
2029	3	耳机音质还是不错的。但是收纳盒怎么没送？
2030	3	感觉和上次买的不一样，质量变差了。
2031	3	不是正宗华为的耳机，明显线要细些
2032	2	还可以，就是客服不怎么样，在京东最差的一次体验
2033	2	音质还可以，就是隔音太差不敢出街戴着听
2034	2	能听见电流声，没想象中的好
2035	3	试听了下感觉还凑合，不是特别的满意
2036	2	比原装的音质差  凑合着用吧
2037	3	耳机在小音量状态下，一直有沙沙声，不知道是什么原因。
2038	3	音量键没用，调高调低都是一样
2039	3	音质音效：2 舒适度：2 做工质感：3
2040	3	一般般！
2041	3	音质音效：一般吧
2042	3	其他特色：感觉一般吧
2043	3	做工质感：听诊器？
2044	3	耳机确实不错，但客服服务确实糟心。
2045	3	有点尖锐音质，总体还行吧
2046	3	听音乐挺好的，就是打游戏的时候麦有杂音，特别吵
2047	3	真的漏电，时不时电一下耳朵。。。。 颜值还行吧。
2048	3	一般吧
2049	3	送的红色，还没用呢，准备拿来送人好了?总比**送&ldquo;绿色&rdquo;的更让人开心?
2050	3	包装有颜值，但是，这音质实在不敢恭维&hellip;&hellip;&hellip;&hellip;&hellip;&hellip;&hellip;&hellip;&hellip;&hellip;要不是急着要用就退货了&hellip;&hellip;&hellip;
2051	3	耳机容易滑落，不好戴啊，音质还可以
2052	3	音质没有荣耀引擎2好
2053	3	音质还好，就是我觉得戴着转头会有斯斯的声音
2054	3	颜色还可以，音质谈不上好，这个价位算可以的了
2055	3	物有所值吧，低音不太好，听摇滚乐比较悲剧，不过做工和设计还不错，总体一般般。
2056	3	音质一般
2057	3	马马虎虎
2058	3	音质一般
2059	3	带到耳朵上容易掉，太好掉了，不过带的舒服
2060	3	音质还可以，就是没想到竟然不兼容小米8，真的服气。
2061	3	舒适度：一般 音质音效：一般 做工质感：一般 续航能力：还未尝试
2062	3	京东自营不错，京东的配送服务很好，物美价廉，发货迅速，很不错。书本的品质总体不错，至于更多细节，等阅读一段时间后再追加评论。在京东购物很愉快！降价太快！！！！
2063	3	做工质感：一般吧 音质音效：还不错 舒适度：这个我的感受是不太舒服
2064	3	做工质感：不错 音质音效：不错 但是连接电脑无法调节音量大小
2065	3	听的时候，线晃动时有噪音，介意的人甚选&hellip;&hellip;
2066	3	音质不太好，带起来不太舒服，但是包装特别特别帅，物流也特别快
2067	3	音质音效：低音最多给两分 舒适度：较好 其他特色：线长略短 做工质感：较好
2068	3	用了几天，出问题了一个声音大一个声音小。 音质音效：不错
2069	3	做工质感：做工挺舒服的 音质音效：一般 舒适度：戴着挺舒服，但是容易掉
2070	3	包装比较精美，但是感觉买的除了这包装，没有任何亮点可言，音质也非常一般
2071	3	做工还行~音质还不如我买手机送的耳机好~听个响还是可以的~
2072	3	刚买降价10元&hellip;&hellip;
2073	3	东西我是挺喜欢的，可惜不能兼容我的电脑，希望可以跟进一下，适配多一点型号。
2074	3	做工质感：一般 音质音效：一般 舒适度：一般 续航能力：一般 其他特色：包装好看 做工全在包装上
2075	3	舒适度：很好 音质音效：不好 做工质感：可以 其他特色：总体来说佩戴舒适，音质挺失望
2076	3	其他特色：买这个都不就图个包装好看嘛，快递比我想象中快，另外确实不会打结这点还蛮不错，其他都就比起索尼的就不太行了。
2077	3	带时间长了耳朵难受的，没有苹果耳机那样舒服。买错了。但是音质还可以。
2078	3	续航能力：还行，又不是充电的！ 做工质感：可以吧 音质音效：杂音较重 舒适度：入耳不是很舒服
2079	3	音质音效：音效不错隔音也挺好 舒适度：舒适度比较差，带时间长了耳朵疼 做工质感：做工挺好的没有瑕疵 其他特色：我感觉降价挺有特色的，过了十来天便宜了20多，还不能申请保价
2080	3	舒适度：几个皮塞都带不住，轻轻一碰就掉了 音质音效：没感觉和三十几块的酷狗耳机好 做工质感：看起来质感不错
2081	3	做工质感：金属质感，但是并不重，质感很棒 其他特色：这个氧气耳机不但能运输氧气，还可以运输电量，主要是耳机部分和音量调节部分，听一首歌能电两三次，而且电过后漏电的部分的漆还会掉。 音质音效：挺好的，主要是人声部分，无论高音还是低音都很棒 舒适度：除了老漏电也没有其他的毛病，不过真的电的我受不了。
2082	3	做工质感：般  舒适度：好，在有线耳机中舒适度还是可以的 音质音效：说实话，音质还没小米29块钱的耳机音质好，真的。 其他特色：舒适度还是可以的
2083	3	包装方面看着还是很高大上的，做工方面也不错，从包装到耳机本身外观都不错，音质的话，符合这个价格，就是k歌的话麦不是很好，相对同价位小米耳机来说还是要差很多，建议纯听歌的朋友可以考虑入手，k歌的话个人更推荐小米同价位耳机。
2084	3	感觉不行，没有煲机的音质也不至于差到这样子，麦的声音杂音严重，打电话，对面一直说我这边杂音重十分嘈杂，不过外观的确漂亮，手感不错，颜值可以。
2085	3	音质音效：音效硬伤，不知道我买到次品了还是怎么着，感觉我这个音效不行，还没有我以前三十多买的耳机音质好。 做工质感：做工感觉不错，耳机线不容易缠绕，包装也很精美，可以说很用心了 舒适度：舒适度不错，就算戴几个小时耳朵也不会难受
2086	3	没有象促销活动写得那样发赠品。
2087	3	莫名其耳机麦克风坏了
2088	3	不是有赠品的么，我的怎么没有赠品
2089	3	颜色跟照片不一样
2090	2	耳机音质真的很一般
2091	2	说真的耳机一般般
2092	3	耳机有点漏电，音质还行
2093	3	没送耳机收纳包?
2094	3	低音降噪超一般
2095	3	挺一般的感觉还不如小米感觉亏了。
2096	2	买Pro送的，听诊效应爆炸根本不能动
2097	2	音质还行，话筒是真的次！！！！！
2098	2	材质不是不太好
2099	3	有点漏电，现在线控失控
2100	2	有一个总是往下掉，音质也一般
2101	3	音质不好，，，，其他不想说了。。。。
2102	2	音质不好，容易掉
2103	2	来京东上买的都是富人吗？
2104	2	这耳机唱歌录起来不行呀&hellip;唉?
2105	3	然而我的耳机并没有送耳机袋&hellip;&hellip;
2106	2	不是说好有个收纳包吗？？？为什么啥都没有了
2107	3	耳机声音一个大一个小
2108	3	没用多久左耳声音就变小了，买了两次都这样
2109	2	不值这个价，即使换货也没差别
2110	2	用了半个月一个就没声了
2111	2	带上之后不能说话了，麦克风不录音
2112	3	没用多长时间一边就不响了
2113	3	一般，快递服务感觉不太行！
2114	2	耳麦都用不了，和别人说话嗡嗡嗡的。
2115	3	不咋地 有哒哒的杂音
2116	2	我能说什么?
2117	3	个人觉得和普通耳机没啥区别
2118	2	刚买完就降价了
2119	3	音质音效：真不怎样
2120	3	音质一般，不是太好
2121	2	辣鸡   小米8麦没法用
2122	3	质量不行，不建议买
2123	3	耳机还是挺漂亮的，就是不兼容小米让人有点难受
2124	2	有时候一边声音变小
2125	3	一般般有点后悔买了
2126	2	我只能说客服很菜，物流很菜，服务很菜，而且还不送耳机包。。。。。。
2127	3	质量不是很好
2128	2	漏音挺严重的，其他还好
2129	3	感觉是半成品，很多细节没做好，希望华为赶紧更新完善
2130	3	音质音效：很好 舒适度：不如苹果的舒服
2131	3	挺出乎我意料老卡顿
2132	3	你们自己感受一下这个漏音
2133	3	我的耳机为啥在听对方说话的时候有沙沙声呢
2134	3	续航能力：挺差的 音质音效：还行 舒适度：不错
2135	3	舒适度：挺不错 音质音效：蛮好 续航能力：还在试
2136	3	做工质感：一般 舒适度：可以 续航能力：- 3个小时
2137	3	其他还好，为啥接电话是音质时断时续的
2138	3	音质一般
2139	3	新品还不错
2140	3	续航能力：续航能力一般，我觉得人心好一点就好了
2141	3	感觉降噪开了没啥用！不过还是挺漂亮的！
2142	3	音质音效：一般，还没有音量控制键 舒适度：很好
2143	3	音质音效：偶尔的电流杂音 续航能力：耗电还是挺快的
2144	3	音质还可以   打游戏不推荐  有延迟
2145	3	降噪，认真的吗？ 宣传视频，看看就好了&hellip;&hellip;&hellip;
2146	3	做工精细，物流很快，戴半小时后，耳朵疼
2147	3	还可以?
2148	3	只能说还可以。
2149	3	音质音效：一般
2150	3	还好吧
2151	3	支持下华为
2152	3	就那样吧
2153	3	音质一般
2154	3	音质一般
2155	3	舒适度：带着耳朵?疼， 音质音效：很好！ 没有东西送，还贵了100
2156	3	做工质感：打开后耳机里有灰 音质音效：有电流声 舒适度：满分
2157	3	续航能力：一般 舒适度：健身时会松动 瑜伽垫上平躺会没有声音
2158	3	音质音效：不错 做工质感：不错 续航能力：好像没有说的那么长
2159	3	做工质感：很好 音质音效：很好 舒适度：好 续航能力：不行
2160	3	续航能力：还行， 音质音效：还行 舒适度：还行 做工质感：还行 其他特色：没有
2161	3	整体效果不错，不过无线充电功能缺失，已经安排换货。
2162	3	第一个连接不稳  问题很多  不过换货了 售后服务很好
2163	3	做工质感：还行 舒适度：中还行 续航能力：还行 音质音效：高音破音严重
2164	3	音质音效：它都还好，就是听音乐的时候，经常会出现沙沙的异响
2165	3	音质还可以，就是声音很不稳定，喜欢运动的建议购买别的，物流快
2166	3	音质还行，佩戴舒适度没有苹果好！希望下一代改进！
2167	3	外观可以，音质也还行，蓝牙连接切换体验不好～
2168	3	第一次使用蓝牙耳机 感觉还是可以 但是感觉很容易脱落
2169	3	做工质感：好 音质音效：好 舒适度：不太好，总感觉要掉下来
2170	3	续航能力：凑合吧 做工质感：做工精细 音质音效：音质还可以 舒适度：不错
2171	3	东西挺好的音质也特别好 缺的俩颗星是既然快递要那么慢为啥要赶在双十一发布凑这个热闹呢  京东应该当天到的 等的很闹心
2172	3	还可以就是华为的产品不管手机还是耳机都是容易粘毛毛，其他的还好。
2173	3	刚打开的耳机里有毛毛咱也不知道咋回事，商品不错，就这样。
2174	3	做工质感：做工挺好。 音质音效：音效不错，底噪太大。 舒适度：大小合适。 续航能力：续航能力强。
2175	3	用还是很好用的，不过价格比别的店更高并且没有无线充等赠品，所以不是很满意
2176	3	一分价钱一分货吧 手感舒适度没啥问题，降噪吧，感人 还有这六期免息吧还要服务费&hellip;&hellip;
2177	3	做工质感：一般 音质音效：尚可 舒适度：跟2代相当 其他特色：降噪效果实在。。。想降噪还是算了吧
2178	3	外观好看 链接挺快的 停方便的 音质啥的也就听个响了
2179	3	经历了两次有瑕疵的换货，第三次才好，用了一个月左右，还可以吧
2180	3	自己的是两部vivo的手机，购买之后听歌一直存在卡顿现象，哎。。，闹心。
2181	3	音质音效：还可以， 续航能力：好像电池没那么耐用 做工质感：还好 其他特色：工能少了一点
2182	3	音质很好  功能也很好  就是电不经用  后面的电都是虚电
2183	3	做工质感：质感很好 音质音效：降噪不好打开，开了也不好用 续航能力：续航确实没话说
2184	3	续航能力：续航跟苹果比较还是有较大差距。 连接跟取下没有苹果顺畅。 外观蛮好看的。
2185	3	音质音效：一般  感觉还没有freelace音质好 续航能力：大概4个小时左右 舒适度：还可以轻便
2186	3	音质音效：可以 舒适度：稍微欠点 续航能力：还可以 做工质感：耳机接缝处会有点小瑕疵
2187	3	音质音效：音质不错，降噪质量一般般 舒适度：佩戴牢固程度一般，出门要注意
2188	3	总有噪音，不能暂停，未收到50元花币卡， 但音效还是不错的， 价钱过高。
2189	3	续航能力：其他都好，待机时间说实话，真是短，电量刷刷下掉。 做工质感：可以 音质音效：降噪功能一般 舒适度：可以
2190	3	做工质感：挺好 音质音效：说实话一般吧 舒适度：大小刚好 续航能力：三四个小时充电挺快
2191	3	降噪不明显 触控不灵敏 续航能力：强 音质音效：还可以 做工质感：不错 舒适度：可以
2192	3	说实话，音色一般般，感觉还没第一代好，低于我的期望值。给个三星吧，希望华为能继续优化吧
2193	3	挺小巧，还是可以，小贵，打电话朋友总听不清我说啥，总体还是可以！
2194	3	音质音效：这个价位凑合 舒适度：戴着耳朵有点疼，入口比较硬不适合久戴 做工质感：还可以
2195	3	做工质感：这个我就要吐槽了，呆久了耳朵疼，疙耳朵 音质音效：音质不错 续航能力：打刺激战场延迟没有，可以双耳听4-5个小时不错
2196	3	做工质感：质感非常好。 音质音效：还行， 舒适度：戴着非常舒服，久戴耳朵不疼。 续航能力：很一般。
2197	3	音质音效：音质很好 做工质感：做工精致 续航能力：还可以吧，够用了 舒适度：戴久了耳朵就像来大姨妈一样的痛
2198	3	音质音效：音质平常，降噪可忽略，和索尼音质有差距 做工质感：做工还行，价位也到了 舒适度：没苹果舒服 续航能力：续航可以 其他特色：对低版本华为手机不友好 总体不如预期。
2199	3	做工质感：质感很好。 音质音效：音质不错，至少我听起来不错。 但是，让人很不爽的是，充电盒边上竟然有很大的划痕，虽然可以擦掉，但是这质检品控实在让人担忧。
2200	3	要10.1版本才可以用骨声纹，我是p30pro还要等版本更新，买的时候也不说清楚，说是可以用，唉
2201	3	续航能力：华为这个续航能力还是强 音质音效：音效感觉都差不多 舒适度：怪怪的，老是感觉会掉下来哈哈 做工质感：感觉这个盒子的盖子摇摇晃晃的
2202	3	做工质感：很好 音质音效：一般 舒适度：很好 续航能力：左右耳续航不一致，右耳比左耳续航差一个小时
2203	3	做工质感：很棒 音质音效：一般吧，降噪确实没感觉，但是通话还是不错的 舒适度：不太舒服，超过10分钟就不舒服了
2204	3	音质还可以，打游戏延迟有0.5到1秒，语音通话也可以，耳机触摸感应不行，时间戴久耳朵痛，
2205	3	音质音效：非常好 做工质感：好 舒适度：好 唯一缺点，不赠送无线充电盒，我买无线的有啥用，问客服客服一直没解决
2206	3	做工质感：很精美，看上去很高大上 舒适度：戴上耳机感觉耳朵里面嗡嗡的，耳压升高。不是很舒服
2207	3	音质音效：个人感觉还是挺棒的 舒适度：个人感觉贴合度不错，不过戴时间久了会有点不舒服 续航能力：带盒两天一充，感觉续航一般
2208	3	音质音效：效果不是很好，对于我来说电流声敏感，电话效果还不错 舒适度：我是适应不了全入耳耳机，耳朵疼，这个刚刚好
2209	3	带着会头晕，左耳声音比右耳小一点，降噪效果不明显，久待耳朵不会疼，音质还可以吧！不值这个价格五百到六百之间合适！
2210	3	非常好吧，我觉得就是在风大的时候开降噪有嗡嗡嗡的声音，不太能接受，音质啥的是没有的。不过半入耳的能做到这样的效果真的很胖，希望越来越好吧，戴着比入耳式的舒服多了。做工也不错~
2211	3	做工质感：可以 音质音效：一般，蓝牙不行，走远了连接断断续续，没有苹果的好。 舒适度：戴久了会痛 续航能力：可以
2212	3	连接很快，半入耳的降噪约等于没有，调了也就降一点点噪音，办公室那种声音用还行，地铁公交什么的就免了。 可以对标airpods，跟pro就没得比了
2213	3	做工质感：挺圆润的 音质音效：音质很好，就是打游戏有延迟，还出现卡顿现象，而且收到货机仓有油性污渍，快递有破损。感觉并不值千元机的价格，不满意此次购物。一直挺支持华为的，手机华为，手表华为，耳机并并不满意。
2214	3	做工质感：做工不错！ 音质音效：音质一般！ 舒适度：可以，无不适感！ 续航能力：太短，满电听歌2小时就没电了。 其他特色：降噪效果太一般！
2215	3	音质音效：右耳有杂音，开了降噪也有滋滋声，左耳就没事 舒适度：带上挺好 做工质感：质感不错，摸着很舒服 其他特色：我买的白色哇，上面有污点
2216	3	做工质感：蛮好的 音质音效：一般人听着也就这样 舒适度：还行 续航能力：充电特别快 其他特色：左耳耳机在开起媒体音量是有沙沙的电流声！！！！！！！！！！
2217	3	舒适度：一般，并不是很无感 音质音效：音效还不错 用在的小米手机上，所以仅供参考。盒子挺小，外观还可以，但是耳机很大，很丑，带久了挺难受。缺点很多，不能暂停音乐，降噪完全没用。打开包装，打开一大股鞋盒味道。延迟很高，并不能音画同步玩儿游戏
2218	3	音质音效：实话实说音质没有二代好 舒适度：很舒服，没有那种耳塞戴久了之后的酸 续航能力：还过得去吧 做工质感：但是不得不说，有溢胶，而且不止我一个买家有，有很多 双击希望功能再多点，可以向上下切换音乐，而且双击太单调了，没有其他任何特色，希望得到改善，所以只能给个三星，但是京东的客服售后特别好，基本上只要有问题，不是买家制造的麻烦基本上可以换新，这点挺不错
2219	3	还行。就是偏小了一丢丢
2220	3	耳机不错，就是麦克风用不起
2221	3	戴着不是很舒服，音质很好
2222	3	麦有时可以有时不可以，好奇怪
2223	3	除了电流麦和耳机嗡嗡响之外还可以
2224	3	说话感觉和开了变声一样，物流倒是挺快。
2225	3	还行。就是说话有延迟
2226	3	完美
2227	3	舒适度：耳朵疼
2228	3	音质效果很不错，就是戴久了耳朵痛。
2229	3	舒适度：戴一会还行，戴久了会压着耳朵有点疼。
2230	3	做工质感：还可以，比较符合描述 舒适度：较好
2231	3	麦克风说话跟山顶洞人似的。。。
2232	3	还行吧，没有太惊艳了，这价位也差不多了
2233	3	我搜耳机笔记本给我首推了这个台式电脑用的耳机
2234	3	感觉还不错，就是我觉得这声音好像小了点
2235	3	价格便宜，很差的耳机
2236	3	感觉还行，隔音效果差
2237	3	凑活吧，还能用
2238	3	舒适度：还可以. 音质音效：很好 做工质感：有点儿粗糙。
2239	3	带着耳朵热
2240	3	包装完整。
2241	3	音质音效：还行吧 舒适度：不怎么好夹耳朵带长了耳朵不舒服
2242	3	其他特色：还行
2243	3	舒适度：太擂了
2244	3	耳机一般。
2245	3	外放严重
2246	3	流痞
2247	3	感觉一般般！
2248	3	舒适度：一般
2249	3	舒适度：太紧
2250	3	还好吧一般般
2251	3	电流麦
2252	3	舒适度：一般
2253	3	还可以  但音质怪怪的p
2254	3	舒适度：还可以，就是快递包装简陋，好待也用气泡袋裹一下啊
2255	3	做工质感：还行。 音质音效：也差不多 舒适度：还行。 续航能力：还行。
2256	3	待久了耳朵会非常不舒服细节也不上很好但这个价位也差不多这样
2257	3	舒适度：一般 音质音效：一般 做工质感：一般 续航能力：一般 其他特色：一般
2258	3	还行，就是麦太靠近嘴了，拿开之后还会自己回来。
2259	3	用着还可以，就是隔音效果不太好，这个价格还算可以了，
2260	3	舒适度：带上后容易流汗耳机圈全是汗水。 其他特色：他方面还是挺好的
2261	3	音质音效：戴一会之后就有滋滋电流声音 舒适度：舒适度不错
2262	3	声音可以，戴着也蛮舒服，但我这个麦克风是炸的
2263	3	音质音效：音量非常大，很清晰 舒适度：一般般 做工质感：很好
2264	3	买错了。小白想要能听声辩位的耳机。 却买了个。。。。
2265	3	做工质感：还行 音质音效：一般 舒适度：一般 其他特色：线感觉粗糙
2266	3	音质还好，就是戴久了，耳朵发热，其余的都还好
2267	3	舒适度：不错戴着可以罩住耳朵 但是音质高低音效果一般。不适合竞技。
2268	3	音质音效：好 做工质感：好 舒适度：不可伸缩 有点夹头 带带的晕了
2269	3	音质音效：音量调整灵敏，音质清晰。 舒适度：使用了10分钟耳朵有生痛的感觉。
2270	3	音质音效：质感觉还不错  舒适度：戴着太紧了，没半个小时耳朵就疼得要死
2271	3	首先要感谢快递小哥冒着疫情风险及时将货物送到，但商品输入音频较差，输出音频还好！
2272	3	一般吧！这个价格性价比也算高了。7.1声道听不出来。不过声音很清楚很大
2273	3	玩游戏还行&hellip;
2274	3	音质音效：还可以 舒适度：夹耳朵，时间超过10分钟就开始疼了 做工质感：舒适
2275	3	快递小哥哥的态度超级好，而且也很耐心，非常棒，耳机感觉设计有问题，明明是后面的接口但是却有一个usb的灯。。。。。
2276	3	音质音效：一般般，声音大点会漏音 其他特色：我喜欢它的闪光灯 做工质感：质量很好
2277	3	刚收到货，拆开包装很简陋，没有精致，使用还可以，音质音效一般，总结很一般的感觉。
2278	3	还可以，戴了超过一个小时，耳朵明显不舒服。平时还是要注意使用，游戏用户不推荐
2279	3	做工质感：质量不错 音质音效：音效很多，听音乐很好 其他特色：不好的就是包装，就一个纸盒，里面都没点保护
2280	3	舒适度：戴久的话耳朵会很疼，不推荐 音质音效：音质在这个价格里还好，算是中上了吧 其他特色：麦克风的话可能会有电流声
2281	3	做工质感：还行 音质音效：还行 舒适度：还行 续航能力：不知道 其他特色：一个耳朵不响，你看着买吧
2282	3	还行吧待久了耳朵疼，关机了那个灯还是亮的，声音还行，有一边耳机声音有一点点声音小我有点用不习惯，其他都还可以
2283	3	总体感觉还是不错的，买了的时候不论外观还是做工都非常不错，就是用了一个月以后有一点连接不良，容易断，算是一个瑕疵吧
2284	3	做工质感：还行，中规中矩 音质音效：感觉略差，相对于入耳式耳机还是差了点，缺少那种身临其境的感觉 舒适度：还行 其他特色：rgb灯效果挺炫酷。但是无法弥补在音质方面的缺陷。但整体上还是对得起这个价位，只能说一分钱一分货
2285	3	东西收到了，用起来感觉一般般，毕竟这个价格在这，性价比的话还不错，说一下真实体验吧。戴起来略有一些紧，可能是新耳机，戴久了也许会有改观。耳包做的不是特别好，宣传上说12个小时**佩戴，我戴了3个小时，当我摘下耳机的那一刻，那种酸爽你们懂得。音质听起来还不错，麦克风也没有别的差评中说的电流麦的问题。整体体验下来100分满分，我评价60分吧，中规中矩，价格亲民是优点，但是宣传夸大，头戴舒适性是缺点。
2286	3	其他特色：客服态度不好
2287	2	舒适度：差，带久了特别疼
2288	3	有点小，耳朵有点挤
2289	3	音质音效：一般般
2290	2	一直电流麦我也是醉了 虽然客服挺好的
2291	2	音质音效：不如自己手机耳机
2292	3	耳机经常只有一边有声
2293	2	做工质感：戴得我耳朵都过敏了
2294	3	吃鸡的时候有点不清洗
2295	2	还没用两天就成这样了。
2296	2	别人经常会听不到声音
2297	3	带久了耳朵还是有点疼
2298	3	我觉得戴着不是很舒适。
2299	2	插在笔记本上说话有噪音
2300	2	音质音效：听声辩位还不如扩音
2301	2	一般有电流音质也一般
2302	3	隔音不咋样，还是便宜了
2303	2	?麦那么不稳定还都是噪音
2304	3	舒适度：一般，带久了有点点痛
2305	3	一般，有电流麦芽
2306	2	绝地求生根本听不见左右。
2307	3	不推荐 便宜是营销手段罢了
2308	2	音质音效：音质差
2309	3	东西还可以发货速度也行
2310	3	快递速度还不错，质量可以！
2311	3	声音比较小，但麦挺清晰
2312	3	建议买好的耳机
2313	3	音质还好，但听得怪怪的，
2314	3	只能说对的起价格
2315	3	还可以，质量有保证
2316	3	包装low，其他还没试，就这样
2317	3	只能说对得起这个价格吧
2318	3	不怎么样，还可以
2319	3	还可以吧，很普通的耳机
2320	3	一般！还可以吧！三分吧！一分钱一分货的。那个
2321	3	还是很可以的，用起来感觉很好
2322	3	还可以吧，这样的价格也就那样的品质
2323	3	音质是还可以，但是一分钱一分货
2324	3	音质还不错，期待后面更好的体验
2325	3	做工粗糙，功能还行
2326	3	很不错，音质很好
2327	3	耳机有杂音，但客服态度挺好
2328	3	这个耳机还可以
2329	3	耳机不错，物流太慢
2330	3	商品很好，物流一般
2331	3	还可以吧 音质一般   符合这个价格
2332	3	音效音质：音效不错，
2333	3	音效音质：还可以吧
2334	3	效果还不错，音质挺清晰的
2335	3	音效音质：还可以 颜色外观：有点旧
2336	3	音质不错，但是没有装耳机的盒子
2337	3	一分价钱一分货，音质一般&hellip;&hellip;
2338	3	接听声音还可以，对方说音质有点杂
2339	3	音色还可以，一般般的产品
2340	3	效果还可以，第二次买了～～第一个用了不到3个月
2341	3	快递员丢件了，原价赔了，也罢，再下一次单好了
2342	3	一二十元的东西还可以，听歌录音也不错！
2343	3	音效一般吧，但相对于这个价格来说性价比还不错
2344	3	还行吧，用了段时间打电话对方听不见
2345	3	音效音质：一般 做工质感：9.9包邮品质
2346	3	耳机还可以！就是送到了！能告诉一声吗？
2347	3	这个价钱的耳机，急用的话可以上手
2348	3	物流挺快的&hellip;&hellip;但我没用多久就坏了
2349	3	卖家和快递工作人员服务态度很好，不过商品质量不如预期想象
2350	3	物流不行，别的还可以
2351	3	质感不好，音质还可以，样子和原图不符
2352	3	还可以吧，毕竟便宜的
2353	3	用了一俩天，还可以，但声音没的好大声的
2354	3	一般般，也明白没出那么多钱，此物也不错了！
2355	3	还可以，不错，能用，声音挺大的
2356	3	产品质量很好，没得说的，快递小哥服务好
2357	3	还阔以吧，声音挺大的，也没有杂音
2358	3	音质不错，不过带着的感觉不是更舒服。
2359	3	用了其中一个，中评吧
2360	3	这个价格的东西，也就那样了吧，一般。
2361	3	还没有用呢？不知道怎么样
2362	3	还行 勉强过得去 反正价格低 比较实用吧&hellip;&hellip;
2363	3	真心一般。。。。。。。。。
2364	3	音效音质：还行吧
2365	3	差不多吧
2366	3	还不错
2367	3	音质可以
2368	3	可以 能用
2369	3	还行，可以用?
2370	3	一般般！
2371	3	实用
2372	3	还行吧
2373	3	还可以吧
2374	3	很好便宜
2375	3	勉强还可以吧
2376	3	还行吧
2377	3	一般般吧
2378	3	音质还行
2379	3	包装有点随意，效果还行，打了电话能用
2380	3	音效音质：待评论
2381	3	将就用用，鉴于价格，不挑更多了。
2382	3	一分钱一分货，真是没说的，自己图便宜。
2383	3	一般般吧，也就对得起这个价格
2384	3	看还可以吧，我刚拿到
2385	3	个人感觉还可以 ，就是不要摔，磕几下就有杂音了
2386	3	一般般吧
2387	3	怎么说的,物有所值吧
2388	3	还可以吧
2389	3	没用 不知道
2390	3	音质一般般
2391	3	还行吧。用了几次就换手机了就没用了。不过还是好用的。
2392	3	音质不错，
2393	3	還好
2394	3	快递很快俩天就到，包装不太满意，用几天再来追评
2395	3	还不错
2396	3	还可以 物流快
2397	3	音质还行，也挺好看的
2398	3	挺好的
2399	3	音质音效：一般很 舒适度：还行 做工质感：话说系统提示音真得难听
2400	3	耳机已收到，物流快！按说明书操作试听了，我只能说一分钱一分货。
2401	3	音质音效：不 续航能力：等待 音质说实话，一般般般， 其他特色：等待发现
2402	3	做工质感：差强人意 音质音效：还行 舒适度：还行 续航能力：还行 我知道这个耳机才60买来临时用的真的airpods我也有不是说拿60去对比1200只是这个耳机确实不值60
2403	3	做工质感：般，刚拿到会有点脏 音质音效：差，能听，但是音质很差 舒适度：好，戴上没有不适感 续航能力：还没有用多久 其他特色：感觉还好，这个价格感觉应该已经不错的了，目前除了音质差些别的暂时没有很大问题。如果想买便宜点的，这个应该还行
2404	2	音质音效：一般 续航能力：一般
2405	2	音质音效：不好 做工质感：差
2406	2	发过来数据线都是坏的
2407	2	有一只耳机声音断断续续的
2408	3	音质音效：一般 舒适度：不太舒服
2409	2	不好，声音断断续续
2410	2	音质音效：不出声音
2411	3	音质音效：有磁音
2412	3	没有想象中那么好
2413	3	续航不是很理想
2414	3	玩游戏声音有延迟
2415	2	音质不好，声音杂
2416	2	总自己断开，链接也不好
2417	3	电量管不了好久，音质一般
2418	3	突然不知道为什么不支持小米手机了
2419	2	产品质量不好，出现漏电现象
2420	3	刚用3次右耳那个就直接开不了机了???
2421	2	耳机只有一个能听
2422	2	可能是便宜的耳机，感觉老是有杂音
2423	3	只能说有声，完全比不上手机原配耳机
2424	2	不错，就是左耳机能充进电就更好了?
2425	2	只有一个能出声音。一个出不了声音
2426	3	不怎样样 经常断 带着也没不舒服
2427	2	音质音效：补发的耳机音质还没有之前那一副音质好&hellip;&hellip;
2428	2	耳机使用不到三小时。
2429	3	其他没啥，就是不降嘈
2430	2	不想说什么，亏大了，
2431	2	信号差，老是断线重连，
2432	3	怎么连接？
2433	3	音质音效：差
2434	3	没有自动连接
2435	2	不错?
2436	3	漏音
2437	3	连接不稳定
2438	3	有一个不会响
2439	2	耳机盒用了三天左右就充不上电了&hellip;&hellip;嫌麻烦就懒得退了
2440	2	一个能听四个小时蓝牙   一个只能听两个多小时
2441	3	音质音效：音质不太好，左耳声音小右耳大。 续航能力：过后评价
2442	2	音质音效：不求音质音效多好，但左耳机完好右耳机一卡一卡算怎么回事？
2443	2	音质音效：一个耳机没声音，另外一个会有电流 续航能力：最多就是只有一上午
2444	3	操作不太方便，不小心碰到就关机，声音也不稳定，时大时小
2445	2	左耳长期不能用，不知道是充不进电，还是怎样，一直开不了机
2446	2	音质还可以，但好容易断线，一动就断线，又要重新连接。 音质音效：差。
2447	2	我昨天下的单，今天就到了，但是左边耳机他总是不响，而且包装还是脏的，我有点怀疑是不是提前用过了？专门拿了个坏的给我
2448	2	换了一次   第二次到的耳机还是坏的  而且问题都是右耳不能用  问商家商家还让寄回   问第三次如果寄过来还是坏的怎么办  结果商家说七天可以无理由退款 ?
2449	3	漏音的情况有点严重，打电话声音听不是很好，包装好评，外观还可以
2450	2	做工质感：还行 音质音效：不错 舒适度：时间长耳朵疼   续航能力：时间长耳朵疼，没用到没电的时候
2451	2	音质音效：五米之外接收不到信号，自动断开。高配五米，低配是什么样的
2452	3	音质音效：不是我想要的声音 舒适度：一般般 续航能力：三个小时我觉得有点短了但是还可以 做工质感：一般般
2453	2	做工质感：做工小巧，但是耳机盒内部有油污 音质音效：还可以 舒适度：中等 续航能力：不咋地
2454	3	整体感觉在这个价位也就一般，关键是包装简陋，说明书，质保卡，什么都没有，而且耳机有丝丝电流声
2455	2	音质音效：有声 做工质感：地摊货 舒适度：不会掉 有时候一直耳机会突然没声 等会又好了 不是很推荐
2456	2	做工质感：做工粗糙 音质音效：音质音效很不好，声音时大时小 舒适度：耳机有点偏大不够舒适 续航能力：未知 其他特色：不知道那么多好评怎么来的。。
2457	2	用了很久过来评价  第一点：语音和看电视会有冲突，会退出蓝牙模式，但是蓝牙还连着  第二点：续航时间只有三个小时，不算高，而且电池的电量只有60-100才有用，后面的电量瞬间没了  第三：同样的产品，京东价格真贵！！！
2458	3	音质还可以，耳朵也不痛，让人不舒服的是，来电提示音这些居然全是英文，不能改，奇葩，这不是国外产的撒，我们是中国人，不要忘了
2459	3	耳机下方配件容易掉，其他还好，带久了耳朵痛，不适合久带，两只耳机不能同时充电，只能一只一只的充，充电仓只能单只充3次，不是很理想。做工一般，舒适一般，音质一般，毕竟50几的东西，凑合能用
2460	3	感觉没有评论写的那么好，音质一般，不是所有苹果手机都能自动弹出窗口来，而且明明连好蓝牙了，手机离耳机也在一米以内，会自己断掉，冲电口连接不好，不能完全cha进去，电量好像也挺快耗没的，听一个小时的歌差不多没电了，不过客服还不错，会耐心回复问题。
2461	3	耳机下方配件容易掉，其他还好，带久了耳朵痛，不适合久带，两只耳机不能同时充电，只能一只一只的充，充电仓只能单只充3次，不是很理想。做工一般，舒适一般，音质一般，毕竟50几的东西，凑合能用
2462	3	左边耳机声音太小
2463	2	垃圾到爆了，左耳没声音
2464	2	什么破烂玩意的东西，只用一边，妈的个B
2465	2	很一般，做工有点粗糙，音质也很一般。
2466	2	音质音效：音质太差，一分钱一分货嘛，现在可以连上但是完全没有声音了。
2467	2	戴着很不舒服，时间稍微长一些就会很疼&hellip;经常自动断开&hellip;
2468	3	太无语了，我都没收到快递。京东送货员送错了然后快递丢失。也不给本人打电话确认，快递差评。
2469	3	音质音效：会有哒哒哒的电流声音，特别烦。再用几天再来追评。
2470	2	垃圾玩意儿老是自动断开 需要重新塞进盒子里再拿出来才能连接上 是有电
2471	3	拿到手，打开发现里面有垃圾，听了两次，感觉音质还是可以，毕竟价格在这里
2472	2	音质音效：差 做工质感：发的坏耳机，换耳机还要自己掏钱，发货的时候也不检验检验，活该差评 续航能力：一般般
2473	3	感觉真的很一般，当然价格在这，我只能说很失望，没有我上个好，翻盖很松，感觉很容易坏！音质。。。不提了
2474	3	我就很无语总断开连接  就不明白了  很奇怪  为什么总是连不上 这么近都连不上 声音也很不好
2475	2	不得不说音质真的差，一直用的线控的，第一次买蓝牙耳机准备运动的时候用，是很便宜，建议注重音质的别买，这个简直就是路边摊15块的线控音质，要买买贵一点的&hellip;反正我现在很后悔&hellip;???
2476	2	续航能力：差 舒适度：不想说了  买一个充一次电 一个小时都没用到就没电了  还左右耳声音大小不一样 第一次在京东差评 送给你们了  差劲的耳机 体验感极差
2477	2	一次比较差的购物体验了吧！和下面宣传的完全不一致，苹果手机并没有出现相对应的连接画面，产品很轻，塑料感跟强，手感很差。链接后只有一个耳机能发声，另一个没有动静，弄了很久幸运的都有声音了。音质一般，声音大了有撕裂感。能控制暂停下一曲，能呼叫Siri。只能说这个价钱也就这样了吧，三星不足，一星太过分，就二星。
2478	3	还行，就是感觉对我来说是个鸡肋
2479	3	还可以，就是有杂音，不太好
2480	3	感觉还不错，就是副耳机声音太小了
2481	2	音质音效：音质比我自己的小米9还差其他特色：1游戏延迟高2拿来刷~感觉特别不舒服。续航能力：大概能听音乐3小时左右。
2482	2	外观这些也还是合格的，蓝牙连接也没问题。就是这个音质只能跟10几块的有线耳机媲美。首先是没有低音的，有些音比如S这样的发音会刺耳，像汪峰和阿杜这种沙沙的声音，在公交上完全无法听。可能~30块的耳机也就这样吧。
2483	2	音质音效：有声 做工质感：地摊货 舒适度：不会掉 有时候一直耳机会突然没声 等会又好了 不是很推荐
2484	3	音质音效：不是我想要的声音 舒适度：一般般 续航能力：三个小时我觉得有点短了但是还可以 做工质感：一般般
2485	2	耳机只有一个能听
2486	2	音质音效：五米之外接收不到信号，自动断开。高配五米，低配是什么样的
2487	3	音质方面一般好！
2488	3	还可以吧 看着一般
2489	3	一般般毕竟这个价格
2490	3	还行吧，买了两次了
2491	3	音质不错，挺好看。
2492	3	音质确实也就那样了吧便宜毕竟
2493	3	还可以把，就是带的耳朵疼了
2494	3	还可以啊，音频很好
2495	3	还行，这个价可以
2496	3	一分钱一分货  没什么好说的
2497	3	一分价钱一分货
2498	3	不是全新的包装，耳机还可以。
2499	3	感觉还不错，先这样，日后再评价。。
2500	3	一般般啦，一分钱一分货
2501	3	调音键有点坏了 其他的挺不错的
2502	3	音质还行，但麦克风杂音太多
2503	3	还没用   看起来还可以吧
2504	3	耳机音质就那样吧 反正很便宜
2505	3	一般般吧 这个价钱就是这样的了
2506	3	自身感觉良好，有钱就买吧，
2507	3	好可以吧，大家可以使用一下。
2508	3	看着外表不错，质量还不知道
2509	3	好长时间了吧？我都忘了我买过这个东西?
2510	3	偶尔有断音，总体效果还行
2511	3	做工质感：音质自我感觉一般
2512	3	用了三天起身拽坏了，算自己倒霉咯
2513	3	还可以，要是有蓝色就好
2514	3	做工质感：好 音效音质：好
2515	3	耳机收到了，正在体验中！
2516	3	还好吧，没有试过，但愿品质有保障。
2517	3	不知道是质量问题还是什么，但音效还不错
2518	3	送货速度快，配送员态度好！产品质量一般！
2519	3	刚用还好，一段时间后就走杂音
2520	3	物流够快好评！耳机还不错吧！
2521	3	耳机戴上有点松，其余的都挺好
2522	3	哪有催人好评的喔
2523	3	看着还不错吧！不知道音效怎么了
2524	3	还行吧音质不错就是那个耳机调音键坏了
2525	3	音效音质：音效还行，但是容易坏
2526	3	舒适度：舒适度挺一般的 不是很舒服
2527	3	吃鸡脚步根本听不到又小声！其他的都还可以！
2528	3	明明是黑色的，***还蓝色
2529	3	耳机用坏的很快，买个一般的对付一下
2530	3	做工质感：挺好 舒适度：耳朵有点不舒服
2531	3	耳机过了好几天才收到，价廉物美，没毛病
2532	3	还可以，毕竟便宜，就是带时间长耳朵疼
2533	3	一模一样的耳机~上只要29.8.......
2534	3	也就一般吧?，音质也算凑活吧?。（中评）
2535	3	音质还可以   感觉耳机和图片上的差别很大
2536	3	耳机还行，但是充电的时候耳机里有滋滋声
2537	3	客服会用私人手机发短信要好评，这个行为就得扣两星
2538	3	分不了左右&hellip;&hellip;玩游戏就别买了
2539	3	看评价说不错，可是用来接听电话噪音好大，一分钱一分货。
2540	3	就这个价位来说还不错。音质什么的一般，偏向低音。
2541	3	无有
2542	3	服务可以
2543	3	包装盒开了，耳机还行。
2544	3	一般光好看。
2545	3	就那样吧
2546	3	无感。
2547	3	目测我这个是别人用过的吧
2548	3	还算可以能用
2549	3	还可以，
2550	3	音效音质：很好 舒适度：时间久了耳朵会痛
2551	3	还过得去吧
2552	3	还可以吧
2553	3	音质一般
2554	3	一般化啊
2555	3	还可以吧
2556	3	很冷，很冰
2557	3	不错！
2558	3	可以，挺好的！
2559	3	音质基本可以
2560	3	音质一般
2561	3	总体还不错
2562	3	还不错
2563	3	舒适度：刚刚好，就是好像容易掉
2564	3	还可以，满意
2565	3	还不错
2566	3	还可以，
2567	3	还行，送朋友的。
2568	3	一般般啦！
2569	3	还没用
2570	3	还行吧
2571	3	照片炫
2572	3	比较可以 舒适度：可以
2573	3	一般般吧还可以
2574	3	质量一般，音质还不错！
2575	3	音效音质：还是可以的。
2576	3	一分钱一分货吧，没什么好说的
