0	1	才用了多久线头就有断口？？？？？
1	1	快递小哥都不送货上门，解释一下
2	1	不好用,耳朵痛,,,活塞的不行,
3	1	按键全都是失灵的，求解释
4	1	不怎么样，质量继续努力
5	1	什么音质 还不如路边摊
6	1	服气，戴起竟然有杂音。。我也是服
7	1	东西都被压坏了，耳机一边有杂音??
8	1	一般般 一般般一般般一般般一般般一般般一般般
9	1	买的货到现在还没到，评D价
10	1	有杂音，不好，不推荐购买！
11	1	我想知道，这是怎么回事呢？是保修呢，还是换货呢？
12	1	能股份合格和广泛的回复该回复的*的哈
13	1	不满意。地址给我送错。我没收到货。
14	1	套装中并没有收到这东东
15	1	不到3个月就怪，越整越次
16	1	一天后就降价*了，郁闷呀。。。
17	1	快递慢的不行客服没人理
18	1	漏电，一周就只有一侧响了
19	1	京东黑号领不了卷 呵呵哒
20	1	有时会有吱吱的电流声
21	1	耳机按键无法接挂电话
22	1	耳机漏电电的我耳朵疼
23	1	拿回来耳机就坏了一只
24	1	前面买个用一个月坏了
25	1	放在耳朵了老师掉出来，郁闷
26	1	货到的时候右边已经怀了
27	1	农村的！快递员不送上门
28	1	货不咋样，而且运费浪贵
29	1	听了没2天就一个声音大一个声音小
30	1	买完不到2个星期就掉漆
31	1	放在耳朵里的不是很舒服
32	1	用一天就有一个耳塞坏了
33	1	来就有质量问题话筒不行
34	1	一个月外面的包线就坏了
35	1	难用死了，一带就掉，想退货
36	1	麦坏了都不知道咋回事了
37	1	东西质量一般，就是快递太慢了
38	1	除了线长，找不到任何亮点。
39	1	第一次用竟然就卡，质量不好。
40	1	音质一般买之前慎重考虑不适合听歌
41	1	这次买的商品满意吗？留点心得给其他顾客参考吧。长度在5-100字之间
42	1	音量一般般，赠送没好东西
43	1	第二次买这个耳机，还不错
44	1	不值，这种货色也就是小白鼠产品。
45	1	果然20几块的耳机就不是什么好东西
46	1	有电流次啦啦的 耳朵都麻了
47	1	不好用，话筒时不时没有声音
48	1	这个耳机特别的不好，不能用
49	1	音质音效：不好他麦不好
50	1	玛德一个耳机孔是坏的
51	1	两个月多十天，已经坏了
52	1	感觉耳朵带不下老是掉
53	1	到手就是坏的，一只不响
54	1	耳朵里老出来感觉不好。
55	1	炒个菜天妒英才发现GV他吃呀的TV有发芽高压烦他高压对于体恤v他吃呀从他吃呀等他高压发芽
56	1	屏幕边缘触控经常失灵
57	1	第一次买的是坏的，然后给换个好的回来
58	1	一般般，居然不能线控小米5。
59	1	小米售后差，只能给一分
60	1	看着包装运输过程中鬼知道经历了什么
61	1	刚买的就便宜一元，懒得退货！
62	1	谁买谁就是图片的那种，
63	1	东西很满意，就是快递比预定的慢了一天
64	1	前面的橡皮头是胶上去的
65	1	被用过的，麦呢里有黑色污渍。
66	1	有杂音。还没超市20块的好
67	1	京东的秒杀套路越来越让人反感
68	1	右耳耳机有电流声
69	1	买了一个月就坏了
70	1	不好、低音效果不好
71	1	还好没有第一次买的时候那个包装好看
72	1	耳机不好，太渣了
73	1	新买的手机 刚用2天充不满电
74	1	一个耳麦没有声
75	1	用了不到一个月又脱胶了
76	1	质量差，有电流声
77	1	不好用声音不好
78	1	耳机真差老掉出来。
79	1	太细了还那么贵
80	1	没有发票请马上补发
81	1	当天线控就坏了
82	1	一个饷一个不响
83	1	为什么不可以K歌
84	1	收到了，东西不错，质量很扎实
85	1	送的耳机是坏的
86	1	一个响一个不响。
87	1	但愿换货的会好
88	1	耳朵要被电死了?
89	1	是不是有电流声
90	1	包装直接一个塑料袋过来的，盒子都压变形了，不想拆
91	1	买完之后咨询客服消息都不回了？
92	1	京东现在基本都不送货上门了，
93	1	音质音效：外音大的一匹
94	1	烂东西还不可以退
95	1	才买了不到一个星期就无法连接了？
96	1	买回来没多久连接就不行
97	1	AirPods没话说。但是居然比官网贵好多
98	1	居然连个包装盒都没有？
99	1	刚买后就降价，一点保障都没有
100	1	买完就降价 心情好不了。
101	1	懵逼刚买20天就降价亏大了
102	1	说明不清&hellip;浪费钱、没必要买无线充
103	1	刚买就降价 还不给退差价 C
104	1	做工质感：不好，品控翻车
105	1	买的礼盒为什么不给带哪
106	1	买了十天降了100，我觉得我亏了
107	1	卖完就降价，还不能申请价保
108	1	单个耳机躺下就会不灵敏
109	1	苹果的品控越来越差
110	1	一次不愉快购物
111	1	1468买的收到第三天就降了200元，也不补给差价
112	1	东西都是翻新的打开包装耳机下面还有灰尘擦不掉
113	1	京东配送但是三天都没配送到
114	1	买了不到一个月就降价 ***** 京东
115	1	居然别官网还要贵一两百块钱不推荐
116	1	右耳冲不进去电而且总出红色感叹号
117	1	第一次回来左耳都没声音！
118	1	买了几天就降价
119	1	有底噪不知正常吗
120	1	快递运输暴力，盒子是坏的，没办法说
121	1	我服了 买完没多久就降了200！
122	1	差  不想退了  发来发去的
123	1	买了之后才发现比毒贵了200多 后悔了
124	1	右耳是坏的，不知道能不能换
125	1	买完就降价？还说保价双11？
126	1	买了才多久就降价
127	1	我只想知道为什么老是断开信号？
128	1	买后就下调100元，能不能补差啊，还是退货
129	1	客服不好，东西可以一般般
130	1	不建议在京东买，不支持7天退货的，。
131	1	盒与耳机都有瑕疵，不知道能不能退货
132	1	打开里面竟然有根头发，
133	1	用了没几天左耳就失灵了！
134	1	有点瑕疵 我不敢说是正品
135	1	动不动就连接不上 服了
136	1	有点像是二手的，比较脏
137	1	耳机听歌有时突然断线啊
138	1	让我怎么说才好，包装能搞这么脏
139	1	没感觉和上一代有什么区别
140	1	为什么用了二十天不到左边的就没声音了？
141	1	买完了就有优惠，是不是可以退掉从新买呢？
142	1	辣鸡玩意刚买两三天直接便宜两三百
143	1	右边耳机会出现没声
144	1	京东杀熟老客户，价格贵
145	1	刚买一天就降价 草  不过快递很快
146	1	耳机好像旧的，还有裂痕
147	1	音质音效：不好 续航能力：差
148	1	不支持退货，售后体验极差
149	1	有问题不给退货？LJ京东
150	1	双十一买的，感觉是假的。
151	1	不支持七天无理由退货
152	1	外面包装也没有 还是官网靠谱。太次了
153	1	做工质感：这做工不太好
154	1	不咋地哦   还是买华为吧
155	1	昨天到货今天就降价了？呵呵
156	1	耳机无法使用接听电话
157	1	收到没多久就坏了 佛了
158	1	有时连不到，客服也不理人
159	1	一点不好一代放不进去
160	1	千万别买，容易丢！
161	1	比官网贵300块钱 建议去官网买
162	1	刚一个月  右耳不响了  呵呵
163	1	包装坏了，包装坏了，包装坏了
164	1	二?东，都是拆封后的痕迹。各种有灰。
165	1	没有给我发无线充电盒
166	1	里面都是些毛毛二手的嘛？
167	1	我要的是纸质发票，没有给我开！
168	1	右耳朵的触控是坏的
169	1	厉害，打开都是灰不愧是退货东
170	1	左耳经常连不上手机和充不上电，
171	1	缝隙大 边缘脏 真的不是二手吗
172	1	感觉像假货，借口有溢胶
173	1	充电盒有点破损不是很满意
174	1	做工差劲，耳机疯子明显
175	1	用了还没有20天左耳就坏了
176	1	漆掉了，到现在没有答复
177	1	降价不退差价，说是产品不一样 。只能呵呵。。。
178	1	一般京东售后就是差8p买回来配件有问题不能换
179	1	买了3天降价六七十 呵呵 不给保价
180	1	产品易坏不建议购买
181	1	刚买完第二天就降五块
182	1	物流呢？东西都没到就完成了？
183	1	表示耳机已经听不见声音了，坏了
184	1	用几天就一个响一个不响了
185	1	昨天到的，今天就插上不管用了，马上退货，
186	1	来了线头有问题，不管用
187	1	因为开口比较锋利磨耳朵疼
188	1	耳机是坏的，音量键不管用
189	1	音质不好一份钱一分货
190	1	一个月没到就坏了一个
191	1	耳机看着就是很廉价的东西。
192	1	东西没收到送那去了
193	1	为什么是荣耀的耳机 ？？能换吗
194	1	荣耀手机用不了，真是崩溃
195	1	用了三四天就坏了！！！气愤?
196	1	一个星期没到就坏了
197	1	耳机有杂音，尴尬了
198	1	没收到货，申请退款也没着落？？？
199	1	什么东西，带耳朵上总掉
200	1	一个声音大 一个声音小
201	1	又买了一个看看这次耳机还坏不坏。
202	1	线控有问题，才用了几天，烂了
203	1	音质差！不像是正品 实话。
204	1	音质跟15没有任何区别，却贵了一倍！
205	1	按键坏的，退货还要运费
206	1	音量放大放小的建是摆设？
207	1	连续买了两个都是滋滋的有杂音
208	1	材质没有想象的那么好，包装破损了
209	1	买回来不到一个月就烂了。
210	1	没有收到货，不知道快递员在干嘛
211	1	怎么讲  四个字形容  偷换概念
212	1	耳机的声音加大加小用不起
213	1	两耳音量不均，别人着急用没办法
214	1	没有收到货怎么显示签收了？
215	1	不好，噪音很大，质量不好
216	1	感觉质量不好，有点不像正品
217	1	中午拿了快递，戴了几分钟耳朵就疼...
218	1	我不是**是新余的吗，怎么给我发到宜春去了。
219	1	有一个耳机没声音
220	1	不好，不值这个价钱
221	1	没有对比就没有伤害
222	1	为什么有拆的痕迹？
223	1	耳机一边没有响声
224	1	一分钱一分货，音量调不了的？
225	1	写好了要华为的白色包装的，结果是荣耀的，
226	1	真的很好，大家快来看看！
227	1	不能兼容oppo音量加减！介意请慎拍！本人已退货！
228	1	耳机声音一个大一个小
229	1	这耳机活不过1天，有漏音
230	1	是次品吧，线那么细，不能使用。
231	1	右耳根本固定不住
232	1	一只耳机没声音是什么回事?
233	1	订购说是华为原装耳机，收到的是honor的，假货吧？
234	1	耳机插步紧什么东西呀
235	1	说了要华为的，偏偏给我荣耀的
236	1	收到的是荣耀 收到的是荣耀 收到的是荣耀
237	1	音质和二三十块钱的耳机没啥区别。
238	1	贼她妈烂的东西，自己卖的东西不清不楚，销售误导
239	1	给苹果手机用音量加减不了
240	1	东西收到就一边没声音。。。。。。。。。。
241	1	不行不行快递员不行，更本就没有
242	1	买半个月坏了一个，客服说让我再买一个，醉了
243	1	我买的华为耳机为啥送来的是荣耀
244	1	耳机都脏了，而且有红色的污垢都弄不掉
245	1	刚拿没多久，有一边就有电流声。
246	1	耳机上调整音量键无效。
247	1	才用一个月！？坏了？！妈呀，心痛╯﹏╰
248	1	商品实物与图片相差太大
249	1	右声道永远 会坏
250	1	快递过来包装都坏了，一个耳机线都压扁了
251	1	刚用一个月，一边耳机就没声音了
252	1	其他特色：耳机是坏的不能挑音量
253	1	音效音质：左右耳机不平均 做工质感：一般
254	1	没用，一个月用一个耳机
255	1	买的是荣耀蓝色盒子的耳机，为什么回来是白色的盒子
256	1	我用了大概一个月多一点就坏了。
257	1	他嘛我买华为耳机你给我送的啥耳机啊，还华为原装呢
258	1	用一个月就坏了，京东上夜有假货
259	1	没看到货就签收了，也是厉害了
260	1	前面买了三条了 今天买的第四条 但是这第四条为什么会有电流？？？？？
261	1	东西不是很好，主要是退货还收费，就将就着吧
262	1	质量不敢恭维，隔音效果差
263	1	荣耀9的耳机插荣耀9的孔竟然不合适？插不进。什么鬼，搞笑
264	1	送错地址，物品也不像正品
265	1	一直都是正常使用，但是现在已经坏了
266	1	不想说了越做越差，以前买的还可以
267	1	拍的是华为，收的是荣耀，而且宣传界面没有明显提示
268	1	质量特别差，插口质量不好，接触不好，
269	1	退货还要我自己承担运费，呵呵
270	1	不到一个月就坏了一边！
271	1	很后悔，便宜真的没好货！
272	1	不是很好有一个听的毁了
273	1	耳机有杂音，不建议购买
274	1	一个月没到就坏啦
275	1	买不到十天，一个听不见了
276	1	按键买来就没用的
277	1	还没用多久，就坏了
278	1	音质音效：音 一个高一个低
279	1	我到现在都没拿到货
280	1	音质音效：3天就一个耳机有声音了
281	1	耳机一半没声音
282	1	平板电脑用不了
283	1	只有一个耳机孔有声
284	1	做工质感：发的是e3吗，
285	1	我收到短信和图片上的不一样
286	1	音质音效：不太好
287	1	这个发过来就是坏的
288	1	和别人说话有回声
289	1	十几块的能有多好？
290	1	只有一边有声音，懒得换货了
291	1	差，一天就不响了
292	1	刚拆开的新耳机。
293	1	几天右耳就坏了
294	1	买来就一个有声音
295	1	音质音效：一般般
296	1	没用几天，就坏了
297	1	麦克风不能用，买者谨慎。。。
298	1	只有一个耳朵有声音
299	1	不到十天，已经坏了
300	1	发的货和图片不一样
301	1	不能调声音大小
302	1	两天就不能用了
303	1	质量不怎么样，这价格划不来。
304	1	左右声道都反了
305	1	荣耀手机根本用不了
306	1	七天就坏了，真好
307	1	刚用一天一个耳机就没声音了
308	1	已经有一个耳机听不到声音了
309	1	其他特色：耳机是坏的    有一只没有声音
310	1	建议买个好的，买回来没用
311	1	不可以接听电话，不好用
312	1	一边有声，一边没声
313	1	用了一天一个响，一个不响
314	1	做工质感：差，松动，接触不好
315	1	用几天就不好用了，一分钱一分货
316	1	这才几天，中控装置就自己抛锚了
317	1	做工质感：差，两天坏了
318	1	没几天耳机就坏了一个，*
319	1	破玩意儿用不了几天就有一个不响了。
320	1	用了4天不到，就有一边坏了
321	1	就是已经坏了，没有用多久，
322	1	音质极差，大家不要上当了
323	1	一分价钱一分货吧第二天就这样了
324	1	用了不到3 天就只有一个响了
325	1	用了不到10次就没声音了！????
326	1	录不了音，而且听歌还有滋滋的声音。
327	1	破玩意儿用不了几天就有一个不响了
328	1	有一个不能用，看看这个价格就这样吧
329	1	这包装也是无敌了拿到手盒子都烂了
330	1	差，买了俩个加起没有到十天
331	1	调整音量后，一边耳塞没声音。
332	1	哇，刚回来一个耳机就去用不了服了
333	1	做工质感：和照片不符合大家自己看一样吗？
334	1	用了九天，左声道接触不实，
335	1	音质较差，而且耳机有磨损！
336	1	奉劝各位，不要买这款耳机。
337	1	用了几天，左耳就没有声音了
338	1	音质音效：有杂音
339	1	耳机是坏的，跟图片上不一样
340	1	有一个耳机晃动的时候里面响，是松的。
341	1	做工质感：做工质感差 舒适度：戴了耳朵痛
342	1	耳机不能用，不适合oppo手机
343	1	没有音量加减键
344	1	音质音效：a款没有音量加减健，.请谨慎购买。
345	1	什么烂耳机，自动把音量调到低
346	1	一分价钱一分货，但是没想到这货包装都没了可以的。
347	1	质量不行，不到半个月，就坏了
348	1	质地感人，也不知道是别人用过还是拆开过？
349	1	用了不到一个月，坏了
350	1	几块钱的东西，不要求了。可以用。
351	1	音质一般，质量也不太好，图便宜了
352	1	极差。发出来的时候控制器就是坏的
353	1	右侧耳机，摇动内部有碰撞的声音
354	1	不是很好
355	1	用了3次坏了
356	1	用了几天，一个耳麦就没有声音了
357	1	不想说什么
358	1	耳机是坏的，擦
359	1	做工质感：做工和价格相符，几块钱的耳机
360	1	价格比618还便宜，真的是牛
361	1	买完没几天就降价了
362	1	买完没几天就降价了
363	1	买了就降价，还不让保价，问了客服也没人理
364	1	买了一天，降价50，还不给补差价
365	1	刚买过价保就降价50块，吃亏
366	1	刚到充一次电就链接不上了
367	1	购买的同时 客服人员不会告知你需要单独购买一个254元的充电器，等你拿到手后你会一脸懵逼。还好我拥有一个无线充电器。所以后来人在购买时一定要了解清楚
368	1	啥快递啊 给我整一礼拜才到
369	1	价格保护日期刚刚过就降价。辣鸡。
370	1	刚买就降价两百！心里面挺不舒服的！
371	1	呵呵买完就降价一百，搞笑一样
372	1	耳机还行就是耳塞异味太大了好几天还有
373	1	刚买完就掉价了！好烦啊
374	1	音质音效：没用多久就有杂音
375	1	刚过价保就降价
376	1	京**还是那个**，拿到手就又降价咯。
377	1	送的东西用不了 还比官网贵
378	1	东西不错，1星给黄牛哥哥
379	1	东西很好，一星是给黄牛东的
380	1	东西不错，一星给黄牛东
381	1	左耳有噪音，麦克风失灵
382	1	东西不错，一星给黄牛东
383	1	刚买一天后，降价100，有回复吗？
384	1	买贵了，比官网贵了200块钱
385	1	黄牛只配一星 东西没毛病
386	1	耳机盒有瑕疵，盖子有些松动
387	1	直营店买不到。只能买黄牛的了
388	1	东西很好呀，一星给黄牛东的，勿谢。
389	1	5月中 刚出一波降价 这次又降 还不保
390	1	左耳耳机出毛病了，
391	1	东西还行 ，一星给黄牛东
392	1	过年时候买的，一个月时间降了300。
393	1	收到刚七天就降价两次，呵呵了
394	1	到手就是瑕疵品，直接走售后换货
395	1	一个月不到少三百块
396	1	京东的电子产品已经有点搞不懂了,服务更加的搞不懂!!!!!
397	1	刚买来又降价，耳机缝隙大
398	1	做工质感：差 音质音效：一般 舒适度：一般 续航能力：一般
399	1	做工质感：没有一代的那么贴合 有点晃
400	1	收到货拆开就冲不上电
401	1	刚买就降价。还比官网贵？
402	1	左耳突然没声，这才用10天。
403	1	左边耳机问题不断
404	1	带一会就耳朵贼疼
405	1	你们的耳机后盖子不松动吗？
406	1	比官网还贵，还不能申请价格保护！
407	1	耳机还可以 买完就降价 最后一次用京东卸载?
408	1	耳塞往下掉 退货不给退？
409	1	才买几天就降价了 亏了几百块
410	1	话筒有问题。通话对方听不清，退货还退不了。
411	1	充了一晚上一边有电一边没电
412	1	买完立马降价，客服也不理人，而且买完马上降价了，也不让价保！！？？？
413	1	这才几天就降价了，我能说什么
414	1	用了一个星期. 耳机音量变小了
415	1	刚买了就降价，没信用！
416	1	老是会只有一只耳机有声音
417	1	带着一点也不舒服、客服也不予处理诉求&hellip;
418	1	物流不如以前。苹果产品没有包装袋，送人的。没有外包装很寒酸。
419	1	不要相信京东自营，谢谢！
420	1	一个月不到降了三百块钱，没心情
421	1	刚买完送200券？你行
422	1	38涨价100还说是降价卖呢，收割完直接1999原价？呸
423	1	咋查不到序列号，？b
424	1	才用十几天就没声音
425	1	售后服务跟吃了屎一样
426	1	18号分期买的19号就12期免息还不给补差价
427	1	刚打开上面就有很多静电吸附的绒毛？
428	1	前天买的第二天就降价不给反差价差差差
429	1	刚买一周就降一百 玩呢？
430	1	五星好评分期付款，买完就降价，?东就是?
431	1	我搞不懂为什么耳机异味那么大好难闻
432	1	音质音效：一点儿都不好，有杂音，刚收到
433	1	买完不到一个月 就降了300
434	1	降燥效果的确好 但是音质很一般
435	1	根本没收到货，就显示快递已签收。现在不知道怎么解决。
436	1	东西不错，一?给黄牛东！
437	1	东西不错，一星黄牛东！
438	1	说里面呆的东西一个没带。只有数据线。
439	1	东西不错  正品 一星黄牛东
440	1	电池仓后盖按钮处明显有使用痕迹
441	1	这才几天？右耳就有明显电流声
442	1	耳机盒表面一层泥灰
443	1	唉，比官网贵100买的，买完就降价，也没告知七天保价
444	1	做工质感：非常让人恼火的情况，开箱磕碰。这解决态度
445	1	有几次暂时链接中断后又自恢复了？什么毛病？
446	1	充电盒上面都是划痕，不是新的
447	1	1.盒子松动。做工差。2.产品有刺鼻气味
448	1	感受不好。
449	1	不听音乐有轰隆轰隆声，没有弹窗都怀疑是不是真的
450	1	做工质感：普通 音效音质：还不如oopo老耳机 颜色外观：还行
451	1	音效音质：.
452	1	夹子坏的，送的包包掉线，包装还可以，声音还行，以后再来追评吧。
453	1	买了降价一半水分太大
454	1	做工质感：做工很差
455	1	快递不行 非常差劲
456	1	插进去有滴滴的声音 很烦
457	1	漏音有点严重
458	1	垃圾有电流声
459	1	买回来用不了，声音都没得 做工质感：都不好 音效音质：都不好 其他特色：都不好
460	1	商品与商品介绍完全不一样，过度夸大商品的音效音质，我认为是对消费者的欺骗，只能退货。提示其他消费者要买退货无忧，不然退货的时候要自己承担运费。我一般都是买京东自营的商品，但这次对自营的商品很失望，以后还是要货比三家的好。
461	1	擦上去不放音乐 都有电音   客服一天打几个电话 用退款诱惑我 让我给好评
462	1	~上十几就能买到，还跟这个一模一样。
463	1	垃圾
464	1	垃圾
465	1	这什么破耳机，只有一个有声音，一个没声音坏掉了！。是不是骗人的吗？#店家。
466	1	看上去像二手的，包装有拆封的痕迹
467	1	刚买就降价，伤心了，还不给保价
468	1	电池只能用半个小时，我惊呆了！！！！！
469	1	说好的没听诊器效应呢？
470	1	一动就掉，挂不住。
471	1	音效差的要不要的，没必要还是不要买
472	1	快递小哥态度差
473	1	线硬，有听诊器声
474	1	听诊器效应明显，音质也一般。
475	1	感觉没有插孔的音质好
476	1	只能说音质一般
477	1	说好的送小米从电宝呢？？
478	1	到手第二天价格就降了60元，让我说什么好？
479	1	感觉一般，音质不怎么样。
480	1	换个货都不给换 什么服务态度
481	1	这耳机不想说啥了  运动耳机？
482	1	一般般，电池不经用，后悔了！
483	1	耳机音质一般般
484	1	换了两个都是坏的
485	1	用了一个多月坏了
486	1	信号不好，上当了
487	1	音质很差不合适听音乐，接听电话还行
488	1	质量音质不怎么样！
489	1	果然音效不是太理想的
490	1	音质差，连接不稳定，不愉快的购物
491	1	刚买就降价，明显套券
492	1	音效一般，左边的有破音
493	1	我昨天下午买的，今天下午一看就降价100，没法说了
494	1	做工粗糙，感觉不值
495	1	充电两小时 用两小时
496	1	听个响，啥都没感受到
497	1	链接十多次都连不上
498	1	耳机接触不太好，总是断断续续的。
499	1	接收信号不好
500	1	音质差的可以。一直纠结要不要退款
501	1	第一天买第二天就降价搞笑呢
502	1	很一般不建议购买
503	1	根本带不稳
504	1	连接断续，音质差
505	1	不怎么样，容易坏还不兼容手机
506	1	不好用,笨
507	1	蓝牙不稳定
508	1	浪费钱，不实用
509	1	低音不怎么样
510	1	质量不好
511	1	两米外  或者把手机放兜里就连不上了？
512	1	买完就降价了，靠！
513	1	不好用，带着不舒服
514	1	刚买几天就降价，真是搞不懂了
515	1	耳机戴不住，总是掉。音质断断续续
516	1	说可以听8个小时，其实也就六个小时，甚至都不到
517	1	但就是不太完美，有时会断音
518	1	没有售后服务 jd只会帮卖家说话
519	1	反正我不会买了
520	1	刚收到就降价，幅度还挺大。还能说些什么
521	1	手机放兜里信号都不好
522	1	一般般，带耳朵，一转头就掉。
523	1	有强烈的&ldquo;沙沙&rdquo;的背景音，即使没有声音的时候，耳机也在&ldquo;沙沙&rdquo;的响
524	1	连接一直有问题
525	1	音质差    不值这个价
526	1	我这买了一个星期就降价，不是说保价十二天吗？
527	1	渣，质量渣，售后渣，态度渣
528	1	佩戴不方便，音质也不怎么样
529	1	东西。音质差的和十几块的东西一个水平。
530	1	才用了几天就掉漆了！！！！
531	1	618为什么比平时贵多了？
532	1	11月1号买的，今天已经连不上蓝牙了???坏的也是快
533	1	音质确实不怎么样
534	1	居然标价299让我领券买，现在露出原型了还是199
535	1	用了22天，ios 不显示电量了。只是维修
536	1	听歌时，有时有杂音
537	1	很一般，带上不舒服设计有问题。
538	1	买了就便宜了30，还不给你保价
539	1	从买到现在不到两个月，充了3次电，已经坏了。
540	1	其他特色：除了辣鸡真的蛮好的
541	1	刚买完就降价，干的漂亮
542	1	发过来是旧的，好多划痕
543	1	回来用了20天，就坏了，充不了电
544	1	用了半个月就坏了一个
545	1	刚收到试戴容易脱落也不舒服，做工有明显瑕疵
546	1	麦克风不怎么好，噪音大
547	1	续航能力：不奈用！后悔了
548	1	一搬搬，而且右耳有点杂音，还有点卡顿
549	1	东西质量一般，蓝牙连接不上，东西实在不咋滴
550	1	有些失望，重低音不是很好，鼓音沉不下去。
551	1	为什么我搜不到我的耳机
552	1	耳机居然不能控制音量。
553	1	不是很好
554	1	做工质感：一般 音质音效：一般
555	1	音质一般，跑步容易掉
556	1	第一天耳机就坏了 左边听不到
557	1	音效音质：辣鸡的要死
558	1	音效音质：有电流
559	1	包装的盒子都坏掉了
560	1	用了两个星期就坏了
561	1	耳机一边是坏的
562	1	外壳几天就开了
563	1	感觉音质好差，不推荐买
564	1	一个耳机已经没法用了
565	1	质量不是太好      有滋滋声
566	1	就几块钱的地摊货都好一点。便宜没好货
567	1	不行，第一天就坏了一边
568	1	用了两天一个耳机没音了
569	1	这个质量感觉有些小贵
570	1	建议大家以后不要买了，确实不怎么样啊。
571	1	不好，耳机包装盒有破损
572	1	买了一个星期不到就坏了
573	1	半个月不到有一边已经不响了，
574	1	不好，我的没有用多久就有坏的了。
575	1	耳机有吱吱声音，还卡顿
576	1	刚买就丢了，还让我评价，为什么????
577	1	有一个有声音，一个没声音
578	1	发票要了三次，都没有拿到
579	1	耳机真的烂，里面还是松的还要响
580	1	一个耳机也声音一个没有，难搞呀
581	1	便宜没好货啊，塑料感十足
582	1	刚刚到货，拔出耳机就坏了
583	1	耳机买了没几天就坏了真好
584	1	才两三天就有一边听不见了??
585	1	真烂，有一边跟要坏似的。。。
586	1	音效音质：第一天就坏了
587	1	买几天就坏了一个我都气的不想说
588	1	耳机R没有声音 不想麻烦
589	1	一边耳机没声音  差差差
590	1	刚到试了一下就有一个耳朵是坏的
591	1	音质比较差，没有低音效果！
592	1	晚上到货。其中一只耳机就没声音。
593	1	一边有声音，一边没有声音。
594	1	回来一个星期不到，坏了
595	1	不但有污渍还是坏的
596	1	耳朵炸了 手机差点炸了
597	1	刚刚用几天就坏了！
598	1	音质不好又小声
599	1	打电话都听不清
600	1	破东西，刚到就坏
601	1	不好用，不能戴耳机发语音
602	1	不行，经常漏电漏音
603	1	一晃动都有沙沙沙的声音...
604	1	刚买一星期就坏了
605	1	耳机一个耳塞有声音另一个没声音
606	1	可以退货吗，打游戏声音延时好几秒
607	1	一个星期就坏了
608	1	差评打电话的时候老有杂音，差差差
609	1	音质一点也不好
610	1	按哪个键都是减小音量，劣质
611	1	别买辣鸡质量，但退货快
612	1	噪音大，受话方常常抗议
613	1	用了半个月不到右耳朵听不到了声音
614	1	之前在厦门上班辞职回成都地址没改，不给重发也退不了款
615	1	真的不喜欢,有一边听不见!
616	1	才用了几天，左边耳机就没声了，哎！
617	1	一个头是好的，一个头是坏的。
618	1	不怎么样一个月不到就坏了，是听得到不能通话。
619	1	他家真的不要买，只有一个耳机有声音。
620	1	用了几天右耳就没声音了
621	1	看到这张卡，我仿佛知道了一切。 果然不出我的意料。
622	1	音效音质：语音时有电流声
623	1	都坏了，一点也不好感觉漏电
624	1	真的只是个耳机，音量调整等功能呢？
625	1	辣鸡耳机，一边能听，一边听不了
626	1	我想知道这是什么神仙操作
627	1	左边耳机声音比右边小而且还有滋滋滋的声音。
628	1	才买一周不到，有一只耳机就没有声音
629	1	质量贼差，买来右耳就听不了
630	1	音效音质：说话声音听不见，
631	1	收到货，刚用，就左耳机没声音
632	1	刚买一个星期左耳就坏了 没有声音了
633	1	没用半天，就坏了，什么东西啊
634	1	我记得用了几天坏了，就扔了。
635	1	耳机刚拿到手就是坏的，一边响一边不响
636	1	右耳耳机哗啦哗啦响
637	1	用了一天就坏了
638	1	辣鸡，根本不能用
639	1	耳机一个星期就坏了
640	1	耳机没用两天就坏了，质量不好
641	1	摸着线就不行，听着音质更不行
642	1	有一个不响了！不到一个月坏了
643	1	才买回来的第二天左边的头就有点杂音，
644	1	一只没有声音听个鬼
645	1	麦克风坏的  和别人连麦都说有电流声
646	1	舒适度：戴着极其不舒服
647	1	做工质感：两天右边就坏了
648	1	音质音效：卡死 舒适度：不好
649	1	老板能不能退，我盒子丢了
650	1	用不了链接耳机没反应也没声音
651	1	杂音呲呲的对不起这个价格啊
652	1	不到一个月就一个响了无力吐槽了
653	1	用没多久就变音而且还发热
654	1	用了不到两星期就一只耳朵不响了
655	1	玩吃鸡的不推荐耳机效果不是很好
656	1	一个月左边耳麦不响了
657	1	耳机音量减小键是坏的
658	1	带上耳朵不舒服。话筒不响
659	1	一点低音效果没有
660	1	耳机坏了申请不了退换
661	1	耳机戴都戴不好，老是掉出来，
662	1	没收到这玩意儿
663	1	耳机放着放着声音会断
664	1	耳机放着放着声音会断
665	1	打电话一点都不清晰，音质不好，
666	1	这个东西没啥用！
667	1	音质音效：漏音不好简易别买
668	1	换耳塞有点麻烦
669	1	和商品本身差的有点远
670	1	说实话音质真的一般
671	1	苹果设备不能调节声音
672	1	说好的周六送到，现在还没收到货
673	1	才听了几天就有一边听不到了
674	1	材质真好刚拿到就是坏的
675	1	带时间长了耳朵不舒服
676	1	辣鸡耳机，说好的重低音呢？
677	1	包装是旧的，耳机是坏的
678	1	老是掉出耳朵，差劲，想退货
679	1	用了半个月右边没声音了
680	1	已经坏了，左边耳朵没声音了&hellip;
681	1	音质和10块钱的差不多，不值
682	1	跟十五块钱的音质差不多
683	1	其他特色：带上耳朵很滑，
684	1	塞深了耳朵有点涨，塞浅了容易掉
685	1	拿到我手上扣子就坏了
686	1	就那个样子吧！感觉没什么用
687	1	音质音效：差 舒适度：一般
688	1	一周不到左耳就没声音了?
689	1	好快就坏了一个月左右吧
690	1	音量按哪边都是加，没有减。
691	1	四核？跟20块钱的差不多嘛
692	1	买到就是坏的，建议大家不要买
693	1	目前耳机一只没有声音了。
694	1	不是很满意。线老在一块混着
695	1	辣鸡，才用了三天就用不起了
696	1	不想说话，送的好到哪里去
697	1	耳机不好用听歌没有低音！
698	1	一打开包装就有一根长头发缠着耳机
699	1	为什么耳机插上没声音呢？
700	1	声音小的#，不想说什么了
701	1	接触不良，物流服务态度差
702	1	一个星期就坏了 续航能力：差
703	1	耳机并没有图片宣传的好
704	1	音质音效：音质不是很好
705	1	用了15天坏了我能怎么办
706	1	坏了，不到一个月就一个耳朵响
707	1	显示签收，然而我没有收到。
708	1	麦克风没声音，懒得寄换了。
709	1	买的是个坏的调节音量只能增大不能减小
710	1	有转换器为啥不能用 服了
711	1	软套不小心摘了弄不上去了
712	1	也是信了还漏电也就听个响没有任何亮点
713	1	声音调到最低听小说有杂音
714	1	做工质感：耳套套不进去
715	1	这么快就坏了有一个没声音
716	1	舒适度：戴着几十分钟耳朵疼
717	1	这个方便袋也太随意了吧
718	1	噪音太大，退货客服服务挺好
719	1	都已经退货了，为什么还要我评价呢
720	1	用不到半个月就断线了?
721	1	才用两三天，麦那里就裂开了。
722	1	用几天一只听筒就不好使了
723	1	减音键也是加音键
724	1	我的夹子怎么没了
725	1	容易从耳朵里掉出来
726	1	包装上耳机型号和标题不一样
727	1	差的有点过分了
728	1	这个赠品没什么用
729	1	右耳朵耳塞容易掉落
730	1	质量是真的差，一分钱一分货
731	1	不好用现在已经坏了
732	1	不兼容苹果手机。
733	1	没给我发这个啊
734	1	好大的胶皮味，wen的我头疼
735	1	这个质量，10块钱我都嫌贵！
736	1	才用了多久线头就有断口？？？？？
737	1	快递小哥都不送货上门，解释一下
738	1	不好用,耳朵痛,,,活塞的不行,
739	1	按键全都是失灵的，求解释
740	1	不怎么样，质量继续努力
741	1	什么音质 还不如路边摊
742	1	服气，戴起竟然有杂音。。我也是服
743	1	东西都被压坏了，耳机一边有杂音??
744	1	一般般 一般般一般般一般般一般般一般般一般般
745	1	买的货到现在还没到，评D价
746	1	有杂音，不好，不推荐购买！
747	1	我想知道，这是怎么回事呢？是保修呢，还是换货呢？
748	1	能股份合格和广泛的回复该回复的*的哈
749	1	不满意。地址给我送错。我没收到货。
750	1	套装中并没有收到这东东
751	1	不到3个月就怪，越整越次
752	1	一天后就降价*了，郁闷呀。。。
753	1	快递慢的不行客服没人理
754	1	漏电，一周就只有一侧响了
755	1	京东黑号领不了卷 呵呵哒
756	1	有时会有吱吱的电流声
757	1	耳机按键无法接挂电话
758	1	耳机漏电电的我耳朵疼
759	1	拿回来耳机就坏了一只
760	1	前面买个用一个月坏了
761	1	放在耳朵了老师掉出来，郁闷
762	1	货到的时候右边已经怀了
763	1	农村的！快递员不送上门
764	1	货不咋样，而且运费浪贵
765	1	听了没2天就一个声音大一个声音小
766	1	买完不到2个星期就掉漆
767	1	放在耳朵里的不是很舒服
768	1	用一天就有一个耳塞坏了
769	1	来就有质量问题话筒不行
770	1	一个月外面的包线就坏了
771	1	难用死了，一带就掉，想退货
772	1	麦坏了都不知道咋回事了
773	1	东西质量一般，就是快递太慢了
774	1	除了线长，找不到任何亮点。
775	1	第一次用竟然就卡，质量不好。
776	1	音质一般买之前慎重考虑不适合听歌
777	1	这次买的商品满意吗？留点心得给其他顾客参考吧。长度在5-100字之间
778	1	音量一般般，赠送没好东西
779	1	第二次买这个耳机，还不错
780	1	不值，这种货色也就是小白鼠产品。
781	1	果然20几块的耳机就不是什么好东西
782	1	有电流次啦啦的 耳朵都麻了
783	1	不好用，话筒时不时没有声音
784	1	这个耳机特别的不好，不能用
785	1	音质音效：不好他麦不好
786	1	玛德一个耳机孔是坏的
787	1	两个月多十天，已经坏了
788	1	感觉耳朵带不下老是掉
789	1	到手就是坏的，一只不响
790	1	耳朵里老出来感觉不好。
791	1	炒个菜天妒英才发现GV他吃呀的TV有发芽高压烦他高压对于体恤v他吃呀从他吃呀等他高压发芽
792	1	屏幕边缘触控经常失灵
793	1	第一次买的是坏的，然后给换个好的回来
794	1	一般般，居然不能线控小米5。
795	1	小米售后差，只能给一分
796	1	看着包装运输过程中鬼知道经历了什么
797	1	刚买的就便宜一元，懒得退货！
798	1	谁买谁就是图片的那种，
799	1	东西很满意，就是快递比预定的慢了一天
800	1	前面的橡皮头是胶上去的
801	1	被用过的，麦呢里有黑色污渍。
802	1	有杂音。还没超市20块的好
803	1	京东的秒杀套路越来越让人反感
804	1	右耳耳机有电流声
805	1	买了一个月就坏了
806	1	不好、低音效果不好
807	1	还好没有第一次买的时候那个包装好看
808	1	耳机不好，太渣了
809	1	新买的手机 刚用2天充不满电
810	1	一个耳麦没有声
811	1	用了不到一个月又脱胶了
812	1	质量差，有电流声
813	1	不好用声音不好
814	1	耳机真差老掉出来。
815	1	太细了还那么贵
816	1	没有发票请马上补发
817	1	当天线控就坏了
818	1	一个饷一个不响
819	1	为什么不可以K歌
820	1	收到了，东西不错，质量很扎实
821	1	送的耳机是坏的
822	1	一个响一个不响。
823	1	但愿换货的会好
824	1	耳朵要被电死了?
825	1	是不是有电流声
826	1	没有什么好说的
827	1	戴着耳朵不舒服
828	1	用不了  接触不良
829	1	其他特色：快递速度慢而且有杂音
830	1	破东西 千万别买
831	1	音效音质：有噪音
832	1	没用几天就坏了
833	1	带上没一会耳朵剧痛
834	1	音效音质：电流声音真好听
835	1	突然有一只耳机没有声音了
836	1	其他特色：没听两天就坏了
837	1	不给我送来是什么意思
838	1	打吃鸡有电音不建议买
839	1	一个月内没用到就坏了
840	1	音效音质：没有音效音质可言
841	1	质量一般，音质一般，不值这个钱
842	1	没用，没用个一两天就坏了
843	1	妈的 送回来的坏的
844	1	做工质感：都没几天就坏了
845	1	音质好差又沙，比手机配的还要差
846	1	质量不怎么行 音质也不怎样
847	1	我想问问我的快递到哪里了
848	1	用了3天就有一个听不了了，??
849	1	做工质感：差，寄来就破了，
850	1	音质超级棒，你们试试看
851	1	其他特色：用了不到2月坏掉一边？
852	1	刚到手就是坏的 其他特色：坏的
853	1	买了之后就降价了，我**不想多说了
854	1	打游戏说话队友听不到
855	1	买回来一个星期就坏了
856	1	才用几天都断了一个了
857	1	没啥，一般般，价钱决定品质
858	1	不太好，用了几个星期坏了
859	1	耳塞就一个大的，没有配件
860	1	**的早上七点接手，现在还不送
861	1	音效音质：才用几天耳机就坏了
862	1	与介绍极其不符，一边有声一边没声
863	1	没有几天耳机线折断了
864	1	没用多久就听不到声了
865	1	音效音质：左右不一样大小声音
866	1	耳机给我的时候耳机的胶皮是坏的
867	1	右边声音比左边声音小。
868	1	用两天就坏掉了 ，这啥耳机啊
869	1	没用几天一只耳机就坏了
870	1	音效音质：一般吧，比买手机赠的蓝牙差点
871	1	不够二天就断了
872	1	服了 一边大声一边小声
873	1	才买第一天就成这个样子。
874	1	没用两天就有一边不响了
875	1	一边良好，一边有电流声。
876	1	辣鸡耳机没几天就烂了
877	1	用两下就一边一响就没
878	1	一只声音小一只声音大
879	1	音效音质：音质不是很好，有点渣。
880	1	音效音质：用几天耳机声音越来越小
881	1	才用一个月就没声音了
882	1	才两天左耳就坏了
883	1	才用了几个星期就坏了，不抗带啊。
884	1	一个月没到就有一个坏了
885	1	质量不好  退个货还磨叽
886	1	没用一个星期麦克风坏了
887	1	耳机没用到一个月就坏了
888	1	2个耳机没用多久就坏了
889	1	破耳机，一边大声一边小声。
890	1	语音通话有好大的电流声不好
891	1	辣鸡耳机用了没5天就坏了
892	1	自动调节音量，真的无奈，
893	1	用了不到两个星期就坏了
894	1	只能听语音，不能发送语音
895	1	音效音质：一边是好的一边是坏的
896	1	不抗用，没到一星期就坏掉了，不开心
897	1	买了才一个星期就没声音了
898	1	这头发？？？应该不会用过吧?
899	1	用了半个月，就坏了
900	1	快递都能拿出来了 其他特色：快递给撕开了
901	1	一分价钱一分货
902	1	玩游戏的时候开麦有漏电声
903	1	苹果手机插不进去，接触不严
904	1	一侧不好使，有杂音
905	1	半个月耳机左耳就不好使了
906	1	一边有声一边没声阿
907	1	只有一个耳朵有声音
908	1	才买回来没多久就坏了
909	1	质量不行，用不住
910	1	用了没多长时间就已经坏了
911	1	我听歌老是断歌还老是段歌
912	1	才用一个月就不行啦
913	1	用几天，接触不良
914	1	用了一个月坏了
915	1	音质没有想象的好
916	1	用了一个多月，左耳就坏了
917	1	连着换了三次货 全是坏的 用一天就坏
918	1	用了几天直接坏一个  真别买
919	1	用了没有半个月就坏了?
920	1	一个破的寄给我
921	1	客服全是机器人！
922	1	耳机连上经常没声音，问客服都是机器人，
923	1	不到一个月耳机有一个没声音了
924	1	左耳会突然没有声音或突然掉线
925	1	质量差，买了两次都不行，退了
926	1	苹果的用家不要买, 3台iphone xs,xs max, 11 promax 都无法配对, 电脑跟安卓都没问题. 客服都叫你自己找问题. 这品牌算了吧...
927	1	用了5天，只有剩左耳机能用
928	1	用了一周多，右耳无法充电，现在换货途中
929	1	其他特色：机有红色的黑色的污渍  做工质感：待着有点闷
930	1	舒适度：耳朵疼 做工质感：触摸是真的不行
931	1	信号不好，链接不好。简直是用不了。
932	1	连接速度有待加强，重点是。。今天掉价了30。。。
933	1	耳机带时间长了耳朵痛，上当了
934	1	声音很大，做工比较一般
935	1	只有一个会响，另一个不响
936	1	设计师怎么想的，耳朵极其不爽
937	1	听一会就没声音了，还有电！
938	1	只有一个耳机响。
939	1	我就隔了一天没有使用一只耳朵就坏掉了
940	1	有点差，不灵敏不值这个价，苹果用不了
941	1	手机连接老是断断续续，经常点几下都没有反应。
942	1	买了两次东西，都是旧的，我不知道该说什么
943	1	不是很完美
944	1	不建议购买，连接不稳定，各种小问题
945	1	耳机真辣鸡
946	1	右耳朵滋滋的电流声，果然便宜没好货，哎。
947	1	就冲弹窗才买的，结果广告说支持小米9，其实并没有
948	1	啥玩意蓝牙连接上了老是单耳播放问客服回答的驴头不对马嘴，
949	1	聲音斷斷續續還時常一邊沒有聲音 完全沒辦法使用
950	1	耳机按键一点用处都没有，根本不灵敏
951	1	音质音效：为什么越换越差了？还是本身就是这么差？？
952	1	触感不咋的
953	1	手机弹出语音操作时，耳机的声音响到耳朵都聋！！！
954	1	小米这品控是真的差，用了四天就坏了一只，充不进去电
955	1	一只耳朵链接不到，没头想象中质感这么好。价格贵！不值得推荐
956	1	神笔马良见了，都羡慕我的大粉笔
957	1	一般  打电话不仔细都听不清 音量也小 上当了啊
958	1	第一次寄右边耳机没用，退换了左边耳机没用？长点心行么？
959	1	说实话，音质有点不好，然后用不明白。 音质音效：不行
960	1	做工越来越差了，塑胶感十足，不是我当年认识的那个小米了
961	1	不想说什么，自营都有坏货。能不能把更换的货分开么？人家评论电仓都两个亮灯。服了
962	1	这连接效果真是没谁了，老是断，要么一个耳机不响，便宜没好货
963	1	产品还不错，一星给jd，买了两样都是拆过的，名不虚传，小件没多少钱懒得退。
964	1	音质一般，但是咱能不拿二手的出来卖吗，数据线全是使用的痕迹。
965	1	右耳耳机没有声音，耳机像旧的，咨询客服一直都是机器人，没有人工出来
966	1	显示蓝牙已连接，依旧声音外放，这就是一百多的蓝牙耳机该有的质量？
967	1	今天刚到货，试了下，不好用。不值这个价钱，音质不好，做工不精致。比较大
968	1	舒适度：没有舒适度，根本戴不住，还不能退货 做工质感：50元的水平 音质音效：比同价位的好
969	1	做工质感：差劲:上下盖没有对齐 音质音效：用一两个月就干扰杂音 舒适度：一般 续航能力：一般
970	1	不好用，总是，软件还在放音乐，但是耳机就没有声音了，要重连。
971	1	音质音效：很一般，都没有30元普通耳机好，因为蓝牙耳机没有带线好，当然买1000+苹果蓝牙耳机绝对好，一分钱一分货
972	1	对  没错  东西是好东西 就是丢的太快了  才用了三天  就丢了???
973	1	行吧，刚收到货左耳就是坏的，人工客服也不知道原因让走售后，欺负海外党上百运费来回几周耗不起咯。只能说再用京东全球购剁手。
974	1	音效一般，一分价一分货，就是骑车的时候声音总是断断续续的，体验很不好
975	1	24号到的货，今天第二次使用，左耳机就没声音了，右边正常。重置连接也没反应。。。。
976	1	连接经常卡顿，老是有一些小毛病，挺烦人的，每次都得重新连，挺扫兴的
977	1	快递员未经我同意将快递放入附近自提点，而且我填的精准配送时间为18点-20点，结果在我上班的三点给我打电话，搞人心态呢？
978	1	只能呵呵呵了，我不知道什么情况。我的VIVO－20手机只能用一个耳机。买的两个耳机一次只能用一个
979	1	音质音效：可以当普通耳机用，打电话时说话对方听不见，可能是由于话筒离口太远了，在这个角度看，这个产品质量挺次的！
980	1	做工质感：盒子盖上还晃动 音质音效：非常一般，跟我手机外放的音质一样 舒适度：很容易掉了 续航能力：还行 其他特色：触摸不好用
981	1	右耳没声音没反应，只能用左耳。试了网上说的办法也没有。可能是坏的，但是人在国外换不了了
982	1	其他特色：并不满意，耳机一会只能暂停，一会只能播放，一会又好了，这个触摸做的并不好
983	1	舒适度：垃圾 续航能力：这个不错 音质音效：可以也就那样 做工质感：一般  太大了 其他特色：没有特色
984	1	只有一个响，另一个不响，切换后另一个又不响了，永远只能一个响吗？问了客服，客服循环回答不需要手动串联。去哪里咨询？
985	1	音质音效：觉得还行 其他特色：性价比觉得可以  就是感觉机身大了点  不过这个价格可以了 做工质感：收货第一次就有裂缝能看到里边的线  现在申请上门换新 给一星就是  这个有品质问题的出现在我手里  不应该出现这种问题的！！！！！！！！
986	1	买来第二天 没摔 没人为损坏 右耳机已经没声音了，只剩下左耳 绝了
987	1	做工质感：做工可以。使用15天后发现右边那个竟然怎么连接都没有反应，本来准备**15天啊，后来竟然还需要回复出厂设置两次才连接上，这玩意应该有bug,不成熟的产品推出来有病。
988	1	做工质感：不错 音质音效：卡顿！卡顿！卡顿！烦死了！ 舒适度：戴不稳，容易掉。 续航能力：一般。 其他特色：听一会儿卡一下，真的烦死了！手机是iPhonexsmax
989	1	音质音效：第一次买回来音质还好，但是通话左右不同步感觉贼不舒服。然后换新，换回来的问题没解决，倒是打电话对方连声音都听不到。差评真
990	1	做工质感：做工还算可以，是这个价格的做工。 音质音效：两只耳朵总会有一只听不到声音，音质还算可以吧 舒适度：不是很舒服，时间长了会有胀痛感 续航能力：断断续续用了两个小时，盒子只剩80电 其他特色：开盖动画还好 客服很一般 快递盒被挤了
991	1	其他特色：右耳机坏，连接无反应，触控功能早坏了，耳机盒充满右耳机也没有反应，开盖之前有弹窗，现在也没有了
992	1	点两下挂电话功能，不知道是不是我点不好，接电话点两下基本上都是通了就挂了，挂的时候点两下根本没反应，不知道是我没点好还是咋啦
993	1	触摸屁用没有，50次能成功一次就不错了，简直服了，不过169的东西不能要求太高，但是这听歌不能开关，最基本的都满足不了，搞个锤子
994	1	做工质感：质感还可以 音质音效：一般 舒适度：带着耳朵疼，声音大小调节不精细，最小的声音都很大声 其他特色：连接经常断，听着听着就突然外放，有时候左耳没声音有时候右耳没声音，切换app声音会外放
995	1	给我的感受就是续航很给力，功能体验也挺好。但是！要说但是了。就是用着用着没声音，看手机又是在连接状态中，此时需要放回盒子断开重连才恢复！遇到好几次了，刚买回来用得太少不知道这毛病，不然就七天无理由退货了！
996	1	不建议大家买这耳机，小米耳机设计人就是没脑子，戴耳朵上容易掉，而且那低音很弱，这款耳机买回家就发现听歌时不时的卡顿，这让我没法接受，果断退货，不在相信小米耳机，模仿是不错，但是要有自己的设计理念啊！
997	1	这是在逗我呢，放在牛仔裤裤兜里，带着听歌就很有节奏的一卡一卡。拿出来捧胸口就连贯的，亏我一直相信小米，手机一直用小米的，还是安稳的做手机去吧
998	1	近几年一直都用小米手机，也买了其他小米产品，都很好，勉强算是米粉，买蓝牙耳机首先就想到小米，充电盒精致，耳机比想像的大，舒适感和续航也还好，在室内，或静立不动耳机正常，在室外走路的时候，一首完整的歌都听不了，无限次卡顿，直线没什么阻挡物，三四米的距离，基本就断联了
999	1	①音质一般 ②蓝牙连接不稳定，把手机放在口袋里左右摇头，声音断断续续的，就像卡了一样。 ③单次续航能力没有五个小时，我开50%的音量只能听四个小时。 ④触摸按键失灵，有时有反应，有时没反应的。 ⑤我现在用了半个月这样子，左耳的耳机音量变小了，现在是塞两个耳机，只有右边耳机声音比较大，感觉就像只有右边的耳机有声音一样
1000	1	先说音质这一块吧小米se 听歌音质好一点毕竟支持ACC 呀，我感觉挺好的比我有线耳机还略胜一筹，红米s 低音强一点打游戏音质超级棒，延迟这一块我在实验室了跟有线耳机测试了下，小米se 差不多半秒左右吧遗憾的是没有游戏模式打游戏能感觉一丢丢延迟，红米s开了游戏模式延迟只有几十ms 左右打游戏几乎感觉不到。隔音效果音量开到一半以上红米s 几乎听不到外界声音在上班路上不适合佩戴，不过在宿舍打游戏就完美了舍友刷快手什么的根本不会吵到可以安心的打游戏。这两款耳机一个听歌用一个打游戏用。小米的东西爱了爱了
1001	1	一星都多，一分钱一分货，很垃圾，右耳经常无连接，声音断续，用过小米很多产品，这次严重翻车，大家擦亮眼睛吧r～这个耳机真的很垃圾(//&nabla;//)
1002	1	客服我是真的无语 讲了跟没讲一样
1003	1	人工服务太差了
1004	1	听小说自动暂停，客服根本没人
1005	1	音质一般，客服真垃圾都是机器人
1006	1	耳朵卡不住，不好
1007	1	黑号领不了卷呵呵哒
1008	1	待机时间短，差劲?
1009	1	已坏，充电充坏了
1010	1	卖贵了，不值那么多
1011	1	连接后时断时续咋回事呢
1012	1	已经坏了，听不到对方声音
1013	1	刚用一天就没电了，不咋地
1014	1	我申请了发票，为什么没给我发票？
1015	1	为什么连了再取消匹配就连不上了？
1016	1	不好，不好，不好，一点都不好！
1017	1	耳机本身不可以调声音，。
1018	1	东西没收到却显示已签收，客服也一直没有回复
1019	1	戴不上，轻轻一碰就掉了
1020	1	带着耳朵会疼信号也不好格着一道门就没信号了
1021	1	一分钱一分货，声音不是很大。
1022	1	不怎么样，连根充电的线都没
1023	1	不好，有点嗝耳朵，不会再买。
1024	1	一个月都不到，就充不了电了
1025	1	非常不错.真的非常值得拥有！
1026	1	服务态度不好，没有送到指定地点。
1027	1	破玩意儿。无法连接两台设备
1028	1	买了第3天按键就不灵了。
1029	1	一般吧，骑摩托车时也是听不到
1030	1	快递慢，东西还不咋地！哎！不值！
1031	1	不怎么满意，有时候会出小问题
1032	1	电池不经用，不建议购买。
1033	1	7人陪生人陪生人陪生人陪生人陪生人陪
1034	1	信号不是很好，时断时续的
1035	1	不怎么样用了几天手机离半米都断
1036	1	为什么用荣耀v9会延时 头疼噢！！！！！
1037	1	充电使用时间不长，不建议购买
1038	1	通话声音无比小、都买后悔了
1039	1	用了一个月不到就坏了**
1040	1	用一天就没电  电不抗用啊
1041	1	用了两天已经坏了，毕竟是送的东西
1042	1	有被拆过的痕迹 有返修品的嫌疑
1043	1	青春版便宜20块，这质量可差不少！
1044	1	我**见都没见到就自动收货了，还是京东快递搞毛啊！
1045	1	收到货，打开一看，蓝牙耳机黑黑脏脏的
1046	1	连续使用1.5小时就没电了
1047	1	不好，第一次买到这么不好的
1048	1	没有三天报废了这个不防水
1049	1	音质1不好，有时断断续续的
1050	1	听小说四个小时都没电了，
1051	1	真是充电俩小时，通话5分钟
1052	1	电话换了就不能实名了吗
1053	1	退货退了几天都不来拿，
1054	1	电量显示与实际不符合
1055	1	待机几个小时就没电了
1056	1	带着没感觉丢了都不知道
1057	1	不耐电，听一个小时就没电了
1058	1	我的包装里面怎么没有挂钩
1059	1	我的华为手机连接不上怎么办？
1060	1	小米的蓝牙耳机挂不住耳朵
1061	1	假小米防伪码都找不到
1062	1	听歌还凑合打电话信号不好断断续续的听不清楚。
1063	1	其他特色：坏了，什么东西啊
1064	1	刚买就降价10块有的难以接受
1065	1	续航能力：买来2天电池坏了
1066	1	这耳机听游戏音乐的时候有杂音啊！
1067	1	好像电很快就没了，东西不怎么样
1068	1	感觉不是正品，有点上当受骗的感觉
1069	1	续航能力：极差 音质音效：还行
1070	1	从此小米一生黑，不会再买任何小米的东西了！
1071	1	才充第二次电就挂了。回去申请退货吧
1072	1	其他特色：通话质量不佳
1073	1	只能连小米手机其他的都不能连
1074	1	我不知道为什么  我收到货 是个没电的？？
1075	1	连不起，什么鬼 搜索不到
1076	1	买了没多久，然后就不能用了，
1077	1	昨晚买今天一早又降了六块
1078	1	不好，带了耳超痛！便宜没好货
1079	1	音质不好，说话对方听不清。。。
1080	1	以后再也不在京东买东西了
1081	1	带不稳带不稳带不稳  买来屌用
1082	1	充满电，用两个多小时就没电了。
1083	1	什么玩意，买了就压坏了。。。
1084	1	快递员服务差，快递丢便利店没有电话通知
1085	1	用了不到三天，手机就连接不到蓝牙耳机
1086	1	为什么我的老i6连接不上
1087	1	不想说了，用了一次，开不了机了。
1088	1	声音一般般。音质不怎么好
1089	1	盒子的电量管不到一天。。。
1090	1	连手机都连不到
1091	1	有点信号不好，不好
1092	1	音质真的不怎么样，不推荐买
1093	1	伤心?，二月份买的不到一个月就坏了
1094	1	经常自动失去连接然后自动连上
1095	1	3天没用就坏了，才买一个多月。
1096	1	看上去像二手的，包装有拆封的痕迹
1097	1	刚买就降价，伤心了，还不给保价
1098	1	电池只能用半个小时，我惊呆了！！！！！
1099	1	说好的没听诊器效应呢？
1100	1	一动就掉，挂不住。
1101	1	音效差的要不要的，没必要还是不要买
1102	1	快递小哥态度差
1103	1	线硬，有听诊器声
1104	1	听诊器效应明显，音质也一般。
1105	1	感觉没有插孔的音质好
1106	1	只能说音质一般
1107	1	说好的送小米从电宝呢？？
1108	1	到手第二天价格就降了60元，让我说什么好？
1109	1	感觉一般，音质不怎么样。
1110	1	换个货都不给换 什么服务态度
1111	1	这耳机不想说啥了  运动耳机？
1112	1	一般般，电池不经用，后悔了！
1113	1	耳机音质一般般
1114	1	换了两个都是坏的
1115	1	用了一个多月坏了
1116	1	信号不好，上当了
1117	1	音质很差不合适听音乐，接听电话还行
1118	1	质量音质不怎么样！
1119	1	果然音效不是太理想的
1120	1	音质差，连接不稳定，不愉快的购物
1121	1	刚买就降价，明显套券
1122	1	音效一般，左边的有破音
1123	1	我昨天下午买的，今天下午一看就降价100，没法说了
1124	1	做工粗糙，感觉不值
1125	1	充电两小时 用两小时
1126	1	听个响，啥都没感受到
1127	1	链接十多次都连不上
1128	1	耳机接触不太好，总是断断续续的。
1129	1	接收信号不好
1130	1	音质差的可以。一直纠结要不要退款
1131	1	第一天买第二天就降价搞笑呢
1132	1	很一般不建议购买
1133	1	根本带不稳
1134	1	连接断续，音质差
1135	1	不怎么样，容易坏还不兼容手机
1136	1	不好用,笨
1137	1	蓝牙不稳定
1138	1	浪费钱，不实用
1139	1	低音不怎么样
1140	1	质量不好
1141	1	两米外  或者把手机放兜里就连不上了？
1142	1	买完就降价了，靠！
1143	1	不好用，带着不舒服
1144	1	刚买几天就降价，真是搞不懂了
1145	1	耳机戴不住，总是掉。音质断断续续
1146	1	说可以听8个小时，其实也就六个小时，甚至都不到
1147	1	但就是不太完美，有时会断音
1148	1	没有售后服务 jd只会帮卖家说话
1149	1	反正我不会买了
1150	1	刚收到就降价，幅度还挺大。还能说些什么
1151	1	手机放兜里信号都不好
1152	1	一般般，带耳朵，一转头就掉。
1153	1	有强烈的&ldquo;沙沙&rdquo;的背景音，即使没有声音的时候，耳机也在&ldquo;沙沙&rdquo;的响
1154	1	连接一直有问题
1155	1	音质差    不值这个价
1156	1	我这买了一个星期就降价，不是说保价十二天吗？
1157	1	渣，质量渣，售后渣，态度渣
1158	1	佩戴不方便，音质也不怎么样
1159	1	东西。音质差的和十几块的东西一个水平。
1160	1	才用了几天就掉漆了！！！！
1161	1	618为什么比平时贵多了？
1162	1	11月1号买的，今天已经连不上蓝牙了???坏的也是快
1163	1	音质确实不怎么样
1164	1	居然标价299让我领券买，现在露出原型了还是199
1165	1	用了22天，ios 不显示电量了。只是维修
1166	1	听歌时，有时有杂音
1167	1	很一般，带上不舒服设计有问题。
1168	1	买了就便宜了30，还不给你保价
1169	1	从买到现在不到两个月，充了3次电，已经坏了。
1170	1	其他特色：除了辣鸡真的蛮好的
1171	1	刚买完就降价，干的漂亮
1172	1	发过来是旧的，好多划痕
1173	1	回来用了20天，就坏了，充不了电
1174	1	用了半个月就坏了一个
1175	1	刚收到试戴容易脱落也不舒服，做工有明显瑕疵
1176	1	麦克风不怎么好，噪音大
1177	1	续航能力：不奈用！后悔了
1178	1	一搬搬，而且右耳有点杂音，还有点卡顿
1179	1	东西质量一般，蓝牙连接不上，东西实在不咋滴
1180	1	有些失望，重低音不是很好，鼓音沉不下去。
1181	1	为什么我搜不到我的耳机
1182	1	耳机居然不能控制音量。
1183	1	不是很好
1184	1	做工质感：一般 音质音效：一般
1185	1	音质一般，跑步容易掉
1186	1	才听一个多月右耳机就不响了，垃圾
1187	1	线有问题，开张出来发现线有折损。
1188	1	前天买69一分钱优惠券没有，今天就降到49了也是厉害哈
1189	1	我人傻了，第一个买的，没几天左耳声音几乎就没了，后面换了，这没几天，又是左耳声音几乎要没了，真就这一批产品都是这样呗
1190	1	叫我说这耳机，差到极致了，根本就不配这个价位。他漏音的情况是非常非常非常严重的，我电脑开一个百分之33的音量，插上耳机，把耳机放在我下巴处，我都能听清歌词。就能这么严重，我之前买了15块钱的街边摊耳机也没有这样，一点都没夸张！而且这家客服还特别差劲，回复的特别慢，售后也说的很差，第一次见这样的这种的，我以为是人家东西好嘛，态度不好就不好吧，虽然说还有六块钱运费，买就买个吧，谁知道真的是极其差劲！我不知道那么多好评是怎么来的，它的佩戴一点都不舒适，别说时间长耳朵疼了，就是一戴上就咯耳朵就痛。本来我觉得这个价位应该和荣耀20i的原装差不多，谁知道真的是高估它了了？荣耀20i小巧精致和它可真的是不一样。如果不是活动价，他要能到70多呀和人家价位差不多，东西差很多！
1191	1	舒适度：差 音质音效：一般
1192	1	质量不咋样，之前坏了两个
1193	1	****！非常渣！第一次收到音量键有问题，立马换货，换回来的又是音量键有问题！**！真的不要买！不要买！荣耀客服不管，只说抱歉，售后找京东，京东售后只会说换货还是退货？最后就是你买单你负责送货给快递员你负责去拿你负责去测试这款产品好不好！京东和荣耀什么都不能给你，只能给你一句：活该！购物体验极其差劲！客服也理解不了你说的话！反正整体来看就是花钱买罪受！不要买！不要买！千万不要买！
1194	1	刚到货试了下，有电流，杂音(ー_ー)!!一分价格一分货
1195	1	耳机比上次买的好点，就是有点外音大，音质也比较可观，但是配送是真辣鸡，不是说京东快递送货上门吗，一个电话打完直接给我扔楼下了，服气，差评师。
1196	1	买了三个这样的耳机，一个49一个59一个69坐地起价
1197	1	买的耳机子 就一个耳塞。你们咋想的，发货不检查的么
1198	1	产品质量太差，联系客服，客服服务态度恶劣，
1199	1	垃圾华为
1200	1	差评，听不清楚，两边声音还不一样唉
1201	1	刚用两天就断了，垃圾
1202	1	为什么给这么个差评。。。主要是很气。。。这个耳机以前是买过的，当时直接在华为商城里买的，听着觉得不错，后面用着找不到了，不想买同一个就换了一个JBL T205，真的充分验证了什么叫1000以下听个响。。。之后我就又买了这个。。。底噪超级明显。。。以前是没有的。。。然后就被我不知道扔哪去了。。。话说，这个和T205都是在京东上买的。。。我都点怀疑。。。emm...明年不想续京东会员了。。。
1203	1	音质不怎么好
1204	1	从来不差评这次必须差评，包装都被打开了，连那个粘的透明贴都没了，虽然耳机在，具体丢了什么也不知道，这都什么人私自拆客户快递
1205	1	睡觉戴不行。有点痛。。问题是我只睡觉戴。。
1206	1	买了一个月左边耳机就漏音了。声音小到几乎听不到。真的不太行
1207	1	音质音效：底噪真的很大很大 我之前买的也是原装的 都比这个好多了
1208	1	质量很差，便宜无好货，音效不太好，才用了不到一个月，有一只就没用了，而且插电脑还不能用
1209	1	做工质感：用了没多久，线就成这样了。实事求是吧！以前买的耳机要么就用个大半年，坏一边，还从来没有出现这种情况，这是要断的节奏。本来想买荣耀30现在看来也没有必要了，伤心了。
1210	1	不知什么问题，稍微一动就嘶嘶啦啦响，轻轻转插头这一样，不知是线材问题还是插头问题&hellip;&hellip; 线材比华为手机自带耳机稍微细一些，而且还未打开塑料盒就看到线材有硬折的地方，这次体验非常差，要求不高，以为会和手机自带的一样，结果明显差很多！
1211	1	上个耳机就坏了，然后又买了一个，回来没今天又坏了，我真是脑袋出了问题还当个回头客
1212	1	刚买来就是坏的，客服放我自己去检测维修，#，看了下差评真不少，也不缺我这个。
1213	1	音质音效：不咋的，低音不行，一星给物流
1214	1	一星给物流配送 降价提醒都没有  您这么大的店铺   不至于这种事情都做不到吧
1215	1	非常差，刚买来两天就一个没声音了，而且耳朵挂不住，头太大！！！！！！！
1216	1	金属壳容易脱胶，我用了半个月就掉了。
1217	1	2月10号左右买的，3月底才送过来，派送速度也没啥意见，毕竟是特殊时期。但东西回来后没用过。今天第一次用才发现一边耳机没声音，音量稍微一开大声音就直接从耳机里跳出来，很差劲，本来想京东自营差也不会特别差，但还是很失望?
1218	1	不适合荣耀10青春版用，插口松，轻轻动一下，就接触不到，控制键，也用不了，你们品，细品
1219	1	音质音效：才用了几天，呲呲呲的杂音非常严重，无爱了，再也不会买华为的耳机
1220	1	音质音效：真的，买了20多天现在有一个耳机不响了。 找他们解决，只会抱歉了呢。让我自己去服务中心维修，买自营店图的放心，现在看真不咋样
1221	1	所有声音混在一起，人声听不清楚。十块钱水平。这质量。
1222	1	官方都什么价钱了，还卖这么贵，不是@么，差价那么多，怎么解释？就属京东最贵。
1223	1	音质音效：质和十几块钱差不多
1224	1	听音乐还算不错，只是K歌唛头音量太小了！
1225	1	调节声音的地方有问题，声音总是自动被调低。
1226	1	做工质感：还行 音质音效：声音太闷了，失望。音质不咋地，甚至可以说很差，而且两边音量大小都不一样，左边大右边小，真是服了，几十块钱的东西懒得退换了，将就着用吧，但下次不会再买这个耳机了。 舒适度：一般
1227	1	相对来说耳机头有点大，轻轻放耳朵里易掉，侧面放声点就把声音放给别人听了，放多了耳朵受不了，侧面放声点又被自己耳朵堵住了，这么设计真是无语了，相比以前的耳机同样的手机音量听到的声音要小
1228	1	他家买的第二个耳机，第一个用了有一年多，第二个刚刚买一个月，右边坏掉了。。。。
1229	1	跟~几块包邮的音质是一样的，这卖的就是品牌
1230	1	垃圾，只能说是垃圾，这是第三次买了，质量差的很，拿手上手感都不一样，音质也不怎么样
1231	1	质量不太好容易坏
1232	1	音质音效：送了两个套套，不会掉，但这漏音太严重了吧，音量50%，一米外都听得到
1233	1	华为官网卖49包邮，京东卖69，还要6块钱配送，太坑了，贵25块钱，大家不要上当啊
1234	1	耳机送到门卫那，连个短信都没有，纳闷了
1235	1	音质音效：两年前买了个荣耀手机，送了 am115耳机，现在这个连两年前的差一半
1236	1	线上产品和线下产品质量一样，没有差异，价格比超市便宜，送货到家非常方便，值得购买。够用很久了（五块一条）
1237	1	买的是69元，居然看到今天49元，差评
1238	1	做工一般，材质简单，买了有点儿后悔了
1239	1	挺差的，和我原装的只有外观相似，其他的都不一样，包括材质 质感都不好，线的粗细，还有音质和原装的没法比
1240	1	破耳机，老是从耳朵掉下来，烦死人了，要不是包装被我扔了，马上退货
1241	1	其他特色：耳机音质一般，外音较大。
1242	1	我刚买了几天，这几天上网课才拆封，才发现右耳声音很小，几乎听不到，我，真的是，无语了。
1243	1	插上特别松！声音滋滋的，
1244	1	买的时候69元，第二天一看就49元了?
1245	1	舒适度：买了就后悔
1246	1	音质差，右耳声音明显比较低，差评
1247	1	舒适度：一点都不配耳朵。老是掉
1248	1	没用到两个月！左耳就没声了 玩我呢
1249	1	续航能力：用了半个月，刷~和玩游戏的时候插着耳机竟然变成了外放，客服还不管，不想说啥了。
1250	1	就跟我9块钱买的音质没什么两样，只给一颗星吧 真的不值那么多钱
1251	1	此用户未填写评价内容
1252	1	音质音效：不是很好，有杂音 舒适度：还可以
1253	1	音质差 播放还有杂音!和街上十来块都不如 太失望了。
1254	1	实在不想说啥了，带耳机通话一直有沙沙的杂音，客服让我换手机试试，我原来的耳机也没这个毛病啊！后来用别的手机试了，还是有杂音，客服就告诉我送去检测！真是醉了！新买的刚到货，就这个样，有的时候真是应该相信差评，并不都是黑子！ 49买的跟我在别的地方买的10几块钱的差不多！
1255	1	垃圾耳机，买耳机不配送胶套不说，客户服务更垃圾的要命，希望大家擦亮自己的眼睛以后购买，再下单&hellip;虽然几十块钱，钱不多，这是我最伤心的一次购物。
1256	1	音质音效：差 做工质感：差
1257	1	颜色发错，不是尊享版
1258	1	耳机刚到，就打开试用了一下。有杂音，用这个耳机听音乐，感觉尖锐刺耳。先用两天再来追评吧
1259	1	这个杂音真是绝了
1260	1	耳机一个声音大一个声音小   懒得换了  很一般
1261	1	千万不要买，都是骗人的&lt;(｀^&acute;)&gt;
1262	1	花卷客服态度特别特别差，买了个手机，只是去问一个小小的问题，为什么进入~后不能自动休眠，就直接叫我退货退款？后面不管我怎么问，都是直接让我退货退款，就这种服务态度，还敢叫自营，这什么鬼来的？就冲这态度，差评不给是不行的
1263	1	差
1264	1	感这次购物感觉很不好！！这款耳机连荣耀手机都不匹配，我的手机是荣耀V10,耳机插孔根本不匹配！！！
1265	1	我华为mate20的手机用了这耳机几天，一只就没声音，说什么兼容性问题，耳机没问题，希望大家买耳机的同时考虑换个新手机了
1266	1	做工廉价，不值这个钱
1267	1	做工质感：真的很垃圾，廉价既视感
1268	1	老掉 不趁耳朵 舒适度：差  带不上呀 带上了就掉
1269	1	垃圾服务，刚买第二天就降20，还不给保价，太坑骗消费者了吧！！！
1270	1	一直没评价，好像还没用多久吧，音质本来就不怎么样，现在更差劲了，声音时大时小，要不没声音！
1271	1	音质还行 但是太重了，所谓的金属也太重了，还不如买塑料的。 带戴不了半小时绝对耳朵疼，外观和苹果耳机很像，以为戴上感受差不多，实际完全不是那么回事，一对比就知道这个耳机做的很厚，圆鼓鼓的，根本不适合佩戴，有一次睡觉戴了耳朵疼几天，再也不戴了，这种代工产品还是早点远离，买个正经耳机厂家出的耳机，毕竟耳朵是自己的。
1272	1	太差了  双十一买的  今天12月16号右耳已经没声音了  怀疑是假冒伪劣产品   在怎么样也不能一个月就坏了啊
1273	1	无语了买回来还没一周，右边耳机就没声音了
1274	1	这款耳机设计本身就有问题。为什么那个头会那么大。戴着听不到两首歌的时间，耳朵痛的要死。差评，非常不好
1275	1	舒适度：带在耳朵上老容易掉，安上硅胶套也一样，还没地方反馈问题
1276	1	声音小，通话听不清楚
1277	1	做工质感：极差，接线处一拽就断了。厂家不售后，而且音质刺耳，这是我京东十多年第一次差评
1278	1	音质音效：差 做工质感：差 续航能力：一般 舒适度：一般 其他特色：还两百多的，活动几十块，感觉被忽悠了
1279	1	刚用三天坏了   连上一两秒就没声   还有各种电流声
1280	1	才用了一个星期就坏了，充电都充不进去
1281	1	漏电，跑步时被电了两次，扔了
1282	1	也就那样
1283	1	太烂了，用了没半个月右耳没声音了。
1284	1	有电流声还有沙沙的杂音，寄回去换了一次还是这样子有杂音，哎，便宜没啥好的啊
1285	1	垃圾东西，别贪便宜，杂音一直有，全当买个教训 做工质感：辣鸡 音质音效：特别垃圾
1286	1	越做越水
1287	1	大家别买，我买了没多久就线出来了，后来断了。我帮大家试过了，音色虽然可以，可还是要差评！
1288	1	垃圾货，听一个小时就没电，说那些续航12小时都是假，垃圾，各位别买，买了就后悔
1289	1	真的漏电，开或者关音乐的时候有电流声，而且有杂音。
1290	1	音质音效：说话声音很小。像在很远的地方。别人都听不清。
1291	1	东西用了一次后基本上就没用了，蓝牙不停的断开连接，客服的服务态度太差了！
1292	1	真是太垃圾了，带都带不了老是掉，还那么贵，白买了
1293	1	东西非常垃圾。买了不到一个小时。另一边就完全听不到声音。建议大家不要买。质量不过关。切勿贪小便宜。退款，退货还浪费大家时间。给好评的都是托。
1294	1	刚买的充不进去电，换了好几条线都不行，还有杂音，刚开始我还以为是有蚊子在叫，后来才发现右耳有杂音
1295	1	用了不到一星期，就坏了，好难
1296	1	音质音效：这个耳机就用了不到两个月就有很大杂音，滋滋响非常刺耳，质量一般
1297	1	做工质感：非常差 音质音效：非常差 舒适度：一般 续航能力：半天 其他特色：用了几天就烂了
1298	1	跑步建议不要买这款，超容易滑出，接一个电话然后莫名听歌几天没声音，要关机开机重新连，烦的不行
1299	1	续航能力：烂得像坨屎，听音乐勉强可以。打游戏断断续续
1300	1	果然便宜货就不行 用了一个月左右 已不行 另外说一句 音质也特别差 再添几十块就能买正常的了 贪小便宜吃大亏 还得重新买。
1301	1	我吐了延迟延迟！什么垃圾
1302	1	杂音太重了，果然不能太贪小便宜，就当花钱买了个教训，完全用不了
1303	1	用了十天出现了明明链接了蓝牙而没有声音，无法关机重启。
1304	1	音质很差有杂音,喜欢纯音乐的别买
1305	1	音质音效： 开关放在左耳边手机放右裤兜里就断断续续的有声音，开关放在左耳边手机放在左裤兜里靠在窗边也会断断续续的有声音，我是不提倡买，这么高的评价不知道怎么来的
1306	1	续航能力：用了一次就充不进电。
1307	1	才用了三周不到，每次2个小时左右，前天晚上骑动感单车就突然掉线了，怎么也连不上。以为没电就充电，结果直接变蓝灯。然后还是无法开机。真是无语了。
1308	1	舒适度：一会自动连接一会自动断开 做工质感：用了一段时间再打开就一直是开机后立马关机
1309	1	不好
1310	1	太难用了，才买了也就半个月吧。已经出现两次，没声音，按关机也没反应。。。
1311	1	音质实在是太差了，厂家把东西做好点再上来，虽说也不贵
1312	1	差，一直有电流声，电量还不持久
1313	1	用了两次就开不了耳机了
1314	1	不好。买来跑步用的。没用几天右边就不响了，仔细一看线有断的。在轻轻一拉，折了。
1315	1	做工质感：差，给人一种10多块钱的感觉。 音质音效：没有说的那么好，亏了。 舒适度：一般 续航能力：一般
1316	1	感觉很一般... 音质音效：听的时候有较小的沙沙声，有时还会有滋滋的声音。打游戏的话，声音有时会卡，声音和画面不匹配。
1317	1	买来不到一个月就这样子了，售后服务也不行，说什么补20元钱给我，我要的是好用，好评都是打电话要的，我是体验后真实反馈。待机时间也不是很长
1318	1	做工质感：极其差，以前也买过，和这次买的完全两种，这次买的做工及其粗糙，那个调节音量地方的塑料就像是五毛钱组装的似的。 音质音效：极其差，有电流声，玩游戏有嗡嗡嗡的杂音，并且还经常没声音，虽然很快就恢复，但也很影响体验，这个能用就不错了，说音效是对这两个字的侮辱。 舒适度：极其差，刚链接上蓝牙的时候声音很大，很刺耳，耳机很笨重。 其他特色：之前买过一个，然后坏了又无常换了一个，两个加起来用了不够半年。（第一次买的不错，比现在质量强）
1319	1	垃圾东西，才用了一个礼拜一边就没有声音了，音质也不咋滴
1320	1	使了三天充电不显示了，使用一个小时就没电
1321	1	一年换新是指一年就只能换新一次，再坏的话就不管了，并且我这是属于耳机线的脱落，不可能我自己使劲去扯断耳机线玩
1322	1	蓝牙连接不好手机放隔壁房间就会断开，垃圾
1323	1	听着听着  就没有声音了  过了半天才有声音
1324	1	真心不怎么样刚买的刚充电，充电口就坏了
1325	1	我已经买过6副了。我只想知道。为什么每一个的音质和质量都不一样
1326	1	音质音效：才用几天 右边耳塞就嘶哑了非常差评
1327	1	我才用了几次，灯就不亮了，给它充电红灯都不亮，长按也没有反应，自我感觉好垃圾
1328	1	用了没几天链接上没声音，有时候还链接不上，还**没有在淘宝买的35块钱的好，差，非常差
1329	1	做工质感：音键很松，晃一下跟快掉了一样 音质音效：音质贼差 有电流声，滋啦滋啦的响 舒适度：还可以
1330	1	音质一般，带着不舒服，续航能力是真的强，不过没用几天一边耳机就不响了
1331	1	垃圾东西，隔7秒会有一个噪音，不放歌时还会有底噪，买到垃圾了
1332	1	音质音效：杂音太大了 不建议买
1333	1	差评，非常差，只能听2个小时，
1334	1	舒适度：极差，跑步起来抖动的厉害，甚至会掉。我原本可以跑三公里的，抖动打的我贼疼。我只跑了一公里就受不了了，我是买来享受的，用来跑步的。不是买来给自己添堵的。我用其他挂耳式都没有这么夸张，一直都抖动要掉出去
1335	1	其他特色：整个破优惠券还忘用了，感觉这个放优惠券方式太不好了！！
1336	1	收到开不了机。收到个废品。我以为是没电，结果一插电马上就跳绿灯了。。哎。真倒霉。也不知道能不能退货。。等了一个多星期才拿到货，是真的烦。。我有一句假话#。
1337	1	好评都是托吧哈哈哈哈笑死我了，蓝牙耳机做的有延迟你在用脚做吗，用一会儿过后就没有声音还要重连，夕夕九块九包邮估计都比你这质量好吧，找这么多托刷这么多好评良心过得去吗
1338	1	音质效果差，接打电话听不清！充电时间长，待机时间短！
1339	1	真是我见过最垃圾的耳机，用了不到一个月，有时候听音乐听着听着就没声音了，明明刚充满了电，三个按键都无效，关机也关不了，虽然耳机是便宜了点，但是也不至于质量这么差吧
1340	1	做工质感：这个做工质感真的一般，音质不怎么样！
1341	1	感觉好差，带一会下来，耳朵疼的要死，入耳后边那里大的顶耳朵
1342	1	手机是6sp，原来用的小米的还可以，这个有时候连接好了中途没声音了，有时候干脆直接掉线了，无语了
1343	1	质量不咋地，经常有电流而且还有断音差差???
1344	1	垃圾，才用了几天就是有个声音有问题
1345	1	做工一般，杂音很大背景沙沙响，不知道大家有没有这种情况
1346	1	没用几天就有一个耳机口不响，质量太差，千万别买。
1347	1	舒适度：耳机收到了，没商家说那么好，跑步戴着听歌不舒服。
1348	1	不咋样
1349	1	根本不能用啊，坐这里不动都频繁的连接断开连接成功，这么垃圾怎么拿出来卖的?
1350	1	首先收到的有明显使用的痕迹，和客服沟通过说是正常的灰&hellip;&hellip;然后连接手机，杂音很明显，客服说是这是底噪，我音量小就有，音量大就听不到了。我想说的是这是耳机，音量大，底噪是否听到我是不清楚，但是我估计我耳朵可能就废废了&hellip;&hellip;
1351	1	这一?是给JD快递的
1352	1	用了不到一个星期，总是连接断开，开始以为是电量问题，没想到刚充满电也是这样，差评
1353	1	耳机是真心差，音质差，舒适性差，外观差，介意的朋友不建议买
1354	1	音质超级差，外观超级难看。我吐了
1355	1	音质差的要死，别图便宜！
1356	1	非常不舒适，客服态度敷衍。
1357	1	其他特色：坏的快 寄修麻烦
1358	1	我用一天的效果，提前晚上充好电，用了一两个小时，打了六个电话，就连不上，打通电话对方听不到，明明连着就是没反应，开机关机按键全部失灵，并且~语音播放有三秒延迟
1359	1	有杂音，时不时的来一段像鬼片那种，吓死人
1360	1	一分钱一分货，只能当个音响用，我带过一次就没再用了，玩游戏和看视频声音严重不同步，大概1秒钟。
1361	1	音质很差劲
1362	1	辣鸡玩意，**的东西，用了两个月开不开机了，大家别再上当了
1363	1	这什么垃圾。这才用4天  右边直接没声音，带上耳机别人说话跟没戴耳机听一样的效果  音质差得不是一点半点 我对这耳机完全没话说。说真的还没地摊上十块钱耳机效果好
1364	1	用了段时间，连接上了听啊听的就自动断开了
1365	1	6.17晚下的订单 6.19收到货 感觉音质不错 噪音很弱。使用一周后右耳耳机失效（大约每天使用五小时听网课用）需要捏一捏耳机端口的线才有声音 目前右耳耳机已完全失效。（上副相似耳机大约使用一年半后右耳失效 慎入 质量较差）
1366	1	快递被别人取走了，被拆开了
1367	1	不好用，用了一次就放那可
1368	1	其他特色：山寨有什么特点？
1369	1	?送的是小米的吗有一个耳机孔没声音
1370	1	刚买一周就降价了
1371	1	音质很一般，推荐！
1372	1	跟华为的差太多
1373	1	扫码扫起显示不是正品，是什么情况，难道是山寨货吗
1374	1	为什么小米8麦克风没声音啊？
1375	1	用不了，还联系不到客服
1376	1	用了一个多月耳机就没声音了。
1377	1	音质音效：不怎么样
1378	1	带时间长了耳朵不舒服
1379	1	有杂音，而且有外音，购买需谨慎啊。
1380	1	电流声大，可能是耳朵原因带不稳
1381	1	买来送人的，这包装我也是醉了！
1382	1	做工质感：烂 其他特色：烂
1383	1	耳机音质真差，大家不要购买
1384	1	我刚买，麦克风没有声音。找不到客服入口。
1385	1	音质音效：有杂音 做工质感：包装盒被拆过
1386	1	才两个月，有时候有杂音。
1387	1	根本就不说自带转换器害我单独买
1388	1	接口容易松，偶尔没有声音
1389	1	不怎么样，太硬塞的耳朵疼
1390	1	我买的黑色，结果给我发了个白的。
1391	1	不喜欢，刺刺的声音
1392	1	扫码显示不是正品啊
1393	1	我不晓得这个盒子是经历了什么
1394	1	我多么相信小米，结果质量这么差，唉
1395	1	还是去小米家买吧，京东真是不行
1396	1	音质一般，没有想象中的好。
1397	1	买的黑色发的白色不明白什么意思。
1398	1	一个星期还不到麦克风就坏了我#
1399	1	耳机声音大小键坏的声音减小是坏的
1400	1	有电流声，还是苹果的好
1401	1	45天都没有就这样了
1402	1	音质一般就是不知怎么最近总觉得漏电
1403	1	耳机漏电？？？电了我耳朵一下
1404	1	感觉普通要价太高，也就是配送速度快！
1405	1	送的，还不如不送音质还不如手机外放
1406	1	噪音大，十天就坏了
1407	1	音质音效：音效很一般，性价比不高
1408	1	包装被压的一塌糊涂，不知道是不是别人退货的钱
1409	1	音质音效：有混音
1410	1	按键触感不好，按了没感觉。
1411	1	噪音太大，音质一般，信价比不高。
1412	1	用了一周耳机动不动就没声音
1413	1	声音相对有点小，有杂音?
1414	1	确实杂音比较大，感觉不好
1415	1	安静环境下明天有噪声，受不了的慎入
1416	1	音质音效：有杂音
1417	1	用两下就不能用了
1418	1	寄过来的耳机是坏的
1419	1	音质自行体会吧
1420	1	耳机玩刺激战场有次次的声音，
1421	1	一分价钱一分货吧，原配都不如
1422	1	十元的产品，可能小米的产品是这样的
1423	1	耳机低音量的时候只能听见噪声
1424	1	音质音效：有杂音，不值这个价
1425	1	包裹被分错，想问下客服有没有快递点的电话，直接不回。
1426	1	红米A4 玩绝地求生 声音听不到的 ==
1427	1	耳机质量不咋滴，戴着有时候会掉
1428	1	左右二声音不一样，换货之后差别更明显了
1429	1	耳机真的是有电流声
1430	1	第二天就一边没声音了&hellip;&hellip;
1431	1	包装盒裂开了，更像是被刀割开的，是不是被拆过的
1432	1	用了一个多月就坏了一边，，，，，，
1433	1	不好，戴的耳朵发痛，根本不合适
1434	1	不到一个月坏掉，伤心?
1435	1	我就不说话了。。买了一天就这样
1436	1	音乐很尖音质非常之差
1437	1	还不如小米20多的那个音质好
1438	1	质量真差，效果不好。音质差
1439	1	商品线压扁了，申请售后，快递员未准时到达
1440	1	不怎么样，耳机带一两个小时就耳朵疼
1441	1	音质音效：看视频有超级大的噪声
1442	1	还能说啥？刚用一天就莫名奇妙的坏了坏了
1443	1	做工粗糙，音质闷。
1444	1	左边的大声右边的小声？？
1445	1	声音小的时候有杂音
1446	1	右耳是坏的体验极差 麻烦就不退了
1447	1	这个音质我要哭了
1448	1	做工质感：差 音质音效：差 舒适度：差
1449	1	音质真不行，没华为 30元好听
1450	1	还不如20块钱的耳机
1451	1	米8表示不能用  插上没反应
1452	1	用了一星期 壳掉了
1453	1	名不虚传。。。刚打开包装就有指纹。。。
1454	1	玩吃鸡根本就听不到脚步声
1455	1	掉掉掉掉掉掉掉掉掉掉掉掉掉掉掉，不适合我戴
1456	1	只用了一天就成这样了
1457	1	耳机话筒也早已经坏了
1458	1	不行，耳机那个圈圈总是掉
1459	1	发的货耳机插口不一样.！
1460	1	呵呵，我只是笑笑吧咯，什么耳机嘛，恩是里，
1461	1	二手货，退货还是速度的
1462	1	我只想说为什么是这样的
1463	1	收到东西是坏的，两边声音不一样！！！
1464	1	刚买完就降价，让人心里不舒服。
1465	1	该产品有问题！存在不兼容！
1466	1	快递没收到，显示已收货
1467	1	容易脱落，声音大了耳朵会痛
1468	1	手机前摄像头怎么是个坏的
1469	1	用了没多少次麦就坏了
1470	1	音质音效：还行 舒适度：小了
1471	1	发过来的与图片不一样
1472	1	耳机小不能调音量接电话，不值这个价
1473	1	用了不到一个月就坏了
1474	1	速度难得出奇，将近一个月
1475	1	金额记得记得积点口德
1476	1	入耳时发出的声音过大！
1477	1	买回来用十二天就坏了。
1478	1	不咋地，一份价钱一份货！
1479	1	没用多久一个耳机都不响了。
1480	1	听了没几天，左边的就不响了。
1481	1	我不喜欢入耳式
1482	1	耳机不行，哎，退货
1483	1	根部线连接不好
1484	1	音质一般，价格个人感觉略高。
1485	1	买了不到俩星期线就断了
1486	1	不能和苹果兼容
1487	1	包装打开过。音质差
1488	1	人声有杂音，不好
1489	1	**耳机，亏死了！
1490	1	说好的按键切歌呢
1491	1	耳机低音有杂音
1492	1	才用没几天就坏了
1493	1	老掉！按的不好使
1494	1	两个月没收到货
1495	1	有杂音，不值得买
1496	1	打电话快递员打不通，送到不告知
1497	1	感觉一半，对不起这个价钱
1498	1	没用多长时间一个不出声音了
1499	1	耳机不怎么样，音质啥的都不行
1500	1	俩月已经坏了，并没有暴力使用
1501	1	假货，没有音量调节功能
1502	1	这才一个月右耳就不响了
1503	1	滥竽充数，和路边伍快的一样，神坑，陆久真是胡扯。
1504	1	买的插孔是直的为什么到了是弯得呢？
1505	1	不知道是不是正品～音质像街头10快的那种～
1506	1	一般般，能用，音质有点差
1507	1	用了一个月一个就没声了
1508	1	没用多久就外皮裂开什么鬼
1509	1	买了副坏的。现在还没退货
1510	1	包装都坏了，包装过于简单
1511	1	那有说得那么好重低音效果特差
1512	1	没有调音量调节
1513	1	没上一个音质好
1514	1	和我想象中的差距有点大
1515	1	不值得感觉质量不怎么好
1516	1	和图片上的不一样
1517	1	不是很好，杂音太大
1518	1	商品质量不行啊！！
1519	1	非常一般和10块的耳机不知道哪里有差别
1520	1	换了货后还是坏的，难受不换了
1521	1	一个字差差差,纯属骗钱
1522	1	搞不懂每次都需要转，
1523	1	发了个L头的  问客服换不了  不给力
1524	1	才一个多星期就断了
1525	1	耳塞老是掉，塞不紧
1526	1	不好用，下次不买了，没有立体效果
1527	1	一堆狗屎，声音嘈杂
1528	1	做工差塑料味重线也不结实
1529	1	辣鸡，没半年就没有用了
1530	1	有点杂音 戴着还不舒服
1531	1	明显拆过的，有杂音
1532	1	插苹果手机接促不好
1533	1	用了一个月就坏了
1534	1	不理想，和图不一样
1535	1	东西确实不行，换了一次还是不行，懒得退了
1536	1	插头那跟实物不
1537	1	搁耳朵，难受死了
1538	1	*，，，，啥也不想说，我耳机有都是
1539	1	刚用了不到一个月 外面的线就断了
1540	1	用了一个月就这样了
1541	1	说给耳机包然后不给真是有趣
1542	1	带了耳朵疼难受?
1543	1	东西太一般般了
1544	1	现在有一个声音了
1545	1	跟你包装不一样
1546	1	才十几天左边就坏了
1547	1	没有苹果原装耳机好
1548	1	才买的耳机坏了问你们就这样子？？？
1549	1	刚买过来就有问题极其的不好
1550	1	我要的黑色，给我发了灰色
1551	1	过时了！感觉高保真度不够！
1552	1	色差太大，黑色的耳机过来时。。。。。。。。
1553	1	商家怎么把颜色发错了？
1554	1	带着不舒服，音质也一般
1555	1	好差，耳机晃动响
1556	1	说好的黑色呢，卖家色盲吗？
1557	1	不好用，20来天耳机线就断了
1558	1	音质音效：呵呵 舒适度：呵呵
1559	1	买了两天降价一百，这么暴利吗？？？
1560	1	我要的是黑色怎么成了黑灰色了，是色盲吗？？？？？？
1561	1	怕是眼睛不少事，分不清颜色！
1562	1	刚买了就降价一百，凉了啊马飞
1563	1	耳机带着耳朵疼，音效不怎么好
1564	1	明明是黑色的，为什么标注黑色的呢。
1565	1	玩游戏话筒都是杂音
1566	1	没明白耳机帽送三个什么意思？
1567	1	我买的黑色的但是收到却是灰色的！
1568	1	只能说跟10块钱的耳机没多大区别
1569	1	低音效果不佳，这个价，亏了
1570	1	要黑的非给我发个灰的
1571	1	要的黑色发灰色，客服SB，大家别买上当
1572	1	没有想象中的好，也怪自己没看好
1573	1	完全没有想要的音效
1574	1	跟图片不一样，做工粗糙
1575	1	音质一般般。不值得购买。
1576	1	明显就是被拆封过的，可以退货吗？
1577	1	有色差，而且手感也比较差劲
1578	1	不是说苹果手机可以线控的吗？完全不能
1579	1	包装没有塑料封  有被拆开的痕迹
1580	1	我买的黑色 给我发成了灰色 呵呵
1581	1	破耳机用了几天就有电流音了真的破
1582	1	接头松动  打电话对方听不声音
1583	1	颜色不对，没有发票没有保修卡。
1584	1	不咋地  还不如爱科技的耳机呢
1585	1	京准达什么玩意儿，花了钱不按时送
1586	1	音质好 但是插上手机有电流声
1587	1	很普通，感觉不值这个价钱
1588	1	不知道是中奖还是什么原因，底噪明显
1589	1	我要的是黑色，你
1590	1	一般般，并没有多么出众
1591	1	你们说以后还要不要在京东买东西
1592	1	有杂音感觉不真实
1593	1	插手机上有电流声，哗哗响。
1594	1	和十几块的耳机音质差不多
1595	1	音质真的一般般
1596	1	我感觉不值这个价钱买的人三思
1597	1	耳机竟然接不了电话！气愤
1598	1	戴着耳朵疼。颜色并不是黑色。
1599	1	低音不是特别好
1600	1	快递没有按预计时间到就算了，连说的四个耳塞也没有
1601	1	就那个星给客服
1602	1	耳机有点大塞耳里不舒服
1603	1	辣鸡，找客服都不回话，退货中
1604	1	音质音效：有杂音
1605	1	已经坏了，真的质量差
1606	1	东西看起来好假，都是塑料制品
1607	1	为什么听起来有滋滋滋的杂音
1608	1	为什么感觉这耳机还不如我的魅族EP31
1609	1	耳机突然坏了，插手机上老嗡嗡响。
1610	1	很一般，还没苹果自带耳机效果好
1611	1	低音还不如，酷狗m1，还贵那么多
1612	1	不能退货，还用看不清的灰色字写在最下面，真是#
1613	1	都不会打华东交大快上课死啊检查后深度
1614	1	静电会有电流声！！
1615	1	有电流声，好吵，感觉好亏
1616	1	连到了手机上放音乐会有滋滋不放就没事
1617	1	音乐一般，不值这个价
1618	1	包装打开过，颜色不对。
1619	1	不推荐大家买，戴的耳朵难受死了
1620	1	乱七八糟，明明是灰色非得写黑色
1621	1	不好用，被坑了，音质不好
1622	1	立体声耳机就是忽悠，没有想要的效果
1623	1	退货到现在半个多月了，钱还不知道在哪里
1624	1	听声音有电流声，那种催眠的乐曲，不建议购买
1625	1	真没感觉和几十块钱的有什么区别
1626	1	灰的再明显一点
1627	1	一般吧。客观的说
1628	1	延迟发货，一周才到货
1629	1	箱子都压扁了，不知道耳机有没有事
1630	1	我选的黑色，竟然给我到的灰色，这是为什么？？？
1631	1	烂透了，有电流声，带着头疼
1632	1	东西不好用塞松了直接掉，塞紧了耳朵疼
1633	1	感觉有杂音，一般般，颜色也不正
1634	1	再见京东，最后一次使用
1635	1	黑色？这明明是灰色，
1636	1	商品有问题一个没有声音！
1637	1	买回来就一个耳机就没声音
1638	1	不要发临近期食品要我说多少遍
1639	1	几天就坏了，*东西不值得换了
1640	1	还没用几天耳机就掉了一个
1641	1	买了二天就一只耳朵没声了
1642	1	刚到一打开试了一下就坏了
1643	1	音质音效：自动调节音量
1644	1	真是便宜没好货啊，音质不好
1645	1	用了一周坏了，谁让便宜呢？
1646	1	啦啦啦啦啦啦啦啦啦啦啦啦啦
1647	1	屎一样的音质，九块钱都不值
1648	1	刚买回来就坏，大家不要买， 烂   货????????????????????????
1649	1	只有右耳机有声音，懒得退！
1650	1	不让我领优惠券，强烈不满！啊啊啊啊啊啊啊啊啊啊啊啊啊啊啊啊啊啊啊啊啊啊啊啊啊啊啊啊啊啊啊啊啊啊啊啊啊啊啊啊啊啊啊啊啊啊啊啊啊啊啊啊啊啊啊啊啊啊啊啊啊啊啊啊
1651	1	质量比较差，收到就是坏的！！
1652	1	爱惜使用2周就一边不出声了
1653	1	感觉别人用过啊，
1654	1	质量一点也不好
1655	1	没用两天线就断了
1656	1	啊时代光华尽快咯破
1657	1	耳机接听键不好用
1658	1	用一段时间就漏电了
1659	1	没低音不适合听音乐
1660	1	与实物差别不大
1661	1	打电话，有电流音
1662	1	没用多久就坏了，
1663	1	不好，而有些发黄
1664	1	线控保护做的不好
1665	1	上午买下午就坏了
1666	1	刚用了两天线就断了
1667	1	接触不好，时断时续
1668	1	用了没几天坏了
1669	1	一点也不好，音质差
1670	1	买了俩天就坏了
1671	1	用了没十五天就坏了
1672	1	线头有色差，还脏的
1673	1	又一个耳朵不响
1674	1	送过来线就断了
1675	1	电脑上根本不能用
1676	1	。一边不能听。没用
1677	1	拿到发现被压坏了
1678	1	没法，特大的电流声
1679	1	没买几天就坏了
1680	1	不好待久了耳朵疼
1681	1	不好用，容易死机！
1682	1	差，不到一星期就坏
1683	1	质量差，音线拉出
1684	1	不到几天就坏了
1685	1	商品质量都不行
1686	1	不好，一下就坏了
1687	1	声音時大时小，劣质
1688	1	就这样吧，不是很好
1689	1	没有多久给弄丢了。
1690	1	用不到一个月坏了
1691	1	用了一天就坏了
1692	1	还好，质量也还行吧
1693	1	破耳机都不能用
1694	1	只有一个耳机可以响
1695	1	还有一个耳机烂地
1696	1	东西还没用就坏了
1697	1	这耳机怎么是一边的
1698	1	用一个星期就坏了
1699	1	不好，用不了几天
1700	1	没用了几天就坏了。
1701	1	用了两天就坏了！
1702	1	超烂，建议不要买
1703	1	轻轻压一下就坏了！
1704	1	一个星期就坏了
1705	1	声音一边大一边小
1706	1	和手机有点不匹配
1707	1	才俩天就有滴滴声
1708	1	超级不好，差差差差
1709	1	一个月不到就坏了
1710	1	东西根本没法用
1711	1	插进去没声音，不行
1712	1	不好，买了不能用
1713	1	润肤成分高规格
1714	1	靠，只有一边有声音
1715	1	一般般毕竟九块九
1716	1	不满意都不可以用
1717	1	用了一个月就坏了
1718	1	东西一般，不满意
1719	1	还可以，先用着看看
1720	1	坏的，听不见声音
1721	1	**大屁股裂了
1722	1	送过来，第三天就坏掉了一边
1723	1	音乐速度太快了！
1724	1	不满意的一次购物
1725	1	除了便宜没优点了。
1726	1	才几天，就坏了一只耳朵的，真心没用
1727	1	其他特色：物流很慢很慢，看来他们家用蜗牛车搬运。
1728	1	上午到货以为是什么好货，一听竟然是坏的，真是无语了。
1729	1	真垃圾
1730	1	差太差了，用了两天就不行了，今天早上下楼听着听着就声音了，我还以为是我手机坏了呢！
1731	1	买来的第2天就不知道为什么用不了了，插在手机上一点声音没有，插其他的耳机都还正常，差评。
1732	1	什么鬼玩意，买两个耳机，一个断线的！另一个红的没有任何一点声音
1733	1	低音炮耳机真的非常差，不管是骑车还是打游戏都不好用，骑车风声比歌声还大，打游戏就变成个低音炮听声辨位根本不行，
1734	1	音质音效：辣#西
1735	1	真的不是很好，耳机有时候自动断音，声音开得大有电流音
1736	1	宥杂音，而且耳朵会不舒服，个头比图片大
1737	1	这耳机也就呵呵了，家人给拆开了退不了了也就算了，自认倒霉。
1738	1	做工质感：差，明显有缝 舒适度：差 其他特色：还不给退货
1739	1	不怎么样吧，召唤语音助手声音变得特别大。发货速度挺快，
1740	1	做工质感：差 舒适度：差，带着不舒服，容易掉。
1741	1	预定的价格比发售的还高，荣耀这是耍猴呢
1742	1	听个响而已，没有音质可言
1743	1	音质感人！因拆封不予退货！漂亮～
1744	1	做工质感：角 割手 音质音效：声音开小了听不见，开大了刺耳
1745	1	音质不是一般的差，还不如60多的深圳高仿
1746	1	用起来感觉不是很好，有些刺耳，是真的有些刺耳
1747	1	iOS只能单耳播放  蓝牙耳机不能改名   听个响
1748	1	我买的这个1天断连3次，就是突然断开连接
1749	1	头巨大，刚戴了两三分钟就耳朵疼
1750	1	不是荣耀的  ?  还不能退
1751	1	假荣耀
1752	1	不是华为的，山寨贴牌。
1753	1	音质音效：杂音，破音感很强 做工质感：粗糙，简陋 舒适度：无
1754	1	跟商品描述一样待机真的就只有24小时，不管你有没有使用，我也是醉了
1755	1	做工质感：凑合 音质音效：差，奇差！全是杂音 舒适度：凑合
1756	1	做工质感：不好 音质音效：凑合 舒适度：不错 续航能力：不错 其他特色：续航不错。做工垃圾
1757	1	带一会就掉，感受不好，跟华为什么关系都没有。没买的就别买了。
1758	1	不到半个月，耳机时不时就会没音，一只耳朵还好，两个一起带就会有问题
1759	1	音质音效：音效和同价位的比确实比较差，因为拆封了，所以不能退货，不建议大家购买
1760	1	舒适度：戴一会耳朵疼！音质这价位对得起听个响这三字！我就是用来打电话的！
1761	1	音质不追求，这价格不能追求，但是开个会都在那里断线，频繁掉线，连电脑和手机都是
1762	1	不知道为什么两只耳机一个电量低一个电量高而且另一只永远冲不上电，一直用的一个耳机，难道是我不会玩？？？
1763	1	做工质感：一般 音质音效：通话声音刺耳 舒适度：刚戴上还行，但是很快就会松，容易掉下来 续航能力：还行
1764	1	可以用5个小时，音效别期待听个响而已，做工不好有胶水痕迹，经常断连左右耳交替声音变小，不值得买
1765	1	做工挺差的。。。音质也实在不敢恭维，塑料都喇手
1766	1	荣耀亲选就这？选的什么耳机，降噪基本感受不到，耳机走个路都容易掉出来
1767	1	一星是给物流的，左耳触控基本没有用，基本没有反应，右耳触控还稍好点。
1768	1	耳机带上不是很舒服，可能我耳朵小吧  还不能退货   辣鸡 舒适度：极差 音质音效：一般般
1769	1	电量低，几个小时就没了，音质一般般，价格怎么预售完还是一个价？那跟出来后买有啥区别
1770	1	舒适度：耳朵感觉不好，感觉胀胀的 音质音效：一般 做工质感：不错 续航能力：可以
1771	1	音质音效：声音很沉闷，一点也不透亮，像存在一股无形的wongwong声，听几分钟歌就有点头懵懵的。但连接还是挺顺利，速度也还可以，做工也还行，无毛刺无缝隙。
1772	1	定金预售耍猴，就是149的东西，还交定金，还说定金一元抵20元
1773	1	第一不是荣耀品牌，自己看错，第二慢慢的塑料感，第三充电仓有点大，第四整体质量差，超级轻。不值得买本是冲着荣耀去的，可惜不是。
1774	1	音质音效：毫无重低音可言，音质寡淡苍白，cacaca的声音很严重，音质不如十来块钱买的耳机。 舒适度：舒适性还行吧，毕竟入耳式。
1775	1	仿的苹果外观，但是虽然是在荣耀自营店买的，但实际上荣耀亲选，并不是荣耀品牌的蓝牙耳机，感觉被骗了，主要就是戴上去容易掉下来，准备退货了。。。
1776	1	做工质感：一般，耳机不如照片看起来圆润，有棱有角的 音质音效：149块听个响 舒适度：耳机有棱有角 戴着不舒服 续航能力：够用 其他特色：搞个定金预售，结果发售还是149。没意思。
1777	1	首先提前预售价格交定金不合理，低音确实不如小米的，不知道会不会出现断连的情况，购买请谨慎
1778	1	做工质感：充电盒很松散 音质音效：纸质一般，听个响 舒适度：带上十分钟就感觉耳朵疼 续航能力：续航能力不错 其他特色：整体评价，满分十分能得五分
1779	1	做工质感：一般 音质音效：一般 舒适度：大，弄得耳朵疼 总结一下，全都一般，而且耳机大只，戴了耳朵疼，音质是真不行，就长得还可以，重点是拆封了就不支持7天无理由退货，我就是戴着疼，我退不了，所以只能丢角落
1780	1	做工质感：一打开包装心凉一半，轻飘飘，就是块廉价的塑料 音质音效：毫无低音可言，高音几乎破音，听喜马拉雅可以，听音乐就是折磨耳朵 买来就发现只有左耳有声音，右耳不想。想着应该是设置问题，搁置了几天错过了退货时间。后来折腾了好几天发现有两个蓝牙信号，还是只有一个有声音。问客服就让自己打厂家电话。想直接换货，但就这音质，免费给我一个都不要。
1781	1	东西收到，试了一下，做工可以，连接速度没问题，但是佩戴超过3分钟，感觉到头晕，而且耳朵里非常涨，拿下来后，就有一种舒服的感觉，这也算一个优点，总之就是特别不建议买。
1782	1	刚收到货，试了下，整体感觉还可以，但是触碰反应这块真的不咋滴，特别是短按两次暂停或播放这个功能，根本就不行，如果换货也不知道下个会不会也有这个问题，所以懒得退换了，如果是对触碰这块的功能比较看中的，就不建议买啦，这个纯属个人建议
1783	1	今早上定的，下午就收到了，速度还是蛮快的，只是打开后感觉不像是新的呢，音质也还行，就是不知道后续是否会有问题，心里有点不能接受。照片看着阴影部分，就是怎么擦也擦不掉，还是个疙瘩。
1784	1	音质音效：非常差。连外放都不如。 做工质感：做工不错 舒适度：耳朵痛 但是耳机最重要的就是音质。说实话，这是我听过最差的，声音调最大都不大。问题是稍微大点就破音。还来跑步的，本来想着买个便宜一点的看看，而且是荣耀的，我想应该质量还可以吧。没想到音质这么差。看来还是不能贪便宜呀。可惜我还等了这么久，可惜了。江西赣州地区有需要的吗？**130块。今天刚刚收到货。电话***
1785	1	续航能力强，这点没得说。但是！外形远比图片介绍难看的多，不是短小精致，而是胖粗胖粗！！！佩戴舒适感不是很好，这点可能会因人而异吧。 另外，京东自营的拆封后不能七天无理由退货了，简直坑，荣耀官方旗舰店却可以退。 最后一点，连智能手表时常卡顿，还没有暂停、下一曲功能。
1786	1	音质真的不好建议不要购买，并且拆完包装退货电商说不支持退换货还要留着给点补偿，可能是知道商品质量不行！买之前一定要看好了不如小米2音质好airse
1787	1	舒适度：带上半小时耳朵痛，不舒服。 续航能力：带着痛，就没有一次用很久。 音质音效：音质要求不高，能听声音，能打电话就好。 做工质感：挂了荣耀的牌子，实际不是荣耀的，大家看清楚，而且拆封就不能退。
1788	1	舒适度：太差、带了耳朵疼
1789	1	音质太差了，可以退货吗
1790	1	不如几十的华强北质感好&hellip;&hellip;这些个盒子质感也太垃圾了吧？？？？？
1791	1	不要买！！！！！真的太差太差太差了～
1792	1	音乐会员怎么领取啊，**
1793	1	非常不好的购物体验
1794	1	延迟很明显，耳朵撑着痛
1795	1	断流是真的严重！！！！！！！！！！！！ 其他特色：断流就是特色！
1796	1	音质像山寨的，最辣鸡的是容易掉落
1797	1	音质音效：太差了，一星都不值得。还不能退。辣鸡。
1798	1	说实话很一般，音质沙哑，连接不稳定
1799	1	经常断连，时不时的就没声音了！辣鸡
1800	1	劝退劝退！！！！！！！！！！！！！！！！认真的！
1801	1	果然也是听响系列，慎买！！！！！！！！！！
1802	1	一般般吧！个头太大了
1803	1	很差很差很差...
1804	1	触碰三次没有用差评，其他的还可以。
1805	1	一样的价格搞什么预售。音质也很差，还无法调节音量
1806	1	音质音效：差劲?，堪比地摊货 做工质感：一般 舒适度：差劲?
1807	1	耳机有时联络中断的情况 耳机戴上后一点都不舒适感觉特别差
1808	1	行走中根本不能听，无语了。听诊器效果严重
1809	1	1星给快递，链接有问题，触控有问题，非常不灵敏，客服无人管
1810	1	音质还没有99块的红米蓝牙耳机好 可别收黑钱卖垃圾了
1811	1	音质音效：玩王者荣耀技能声音延迟有一分半，什么垃圾玩意
1812	1	左耳麦充了一次电就再也充不上了，怎么充都是电量低，垃圾
1813	1	只想说别买，后悔死，没戴几分钟，耳朵挤压的痛得不行！！！
1814	1	说实话很一般，音质沙哑，连接不稳定
1815	1	质量一般，还连接不了，前天买的，过一天就降价了，坑我们消费者
1816	1	戴上超过一小时就会耳朵疼 耳机设计太厚，容易扩耳所以疼
1817	1	做工质感：塑胶感十足，真的是十分劣质 音质音效：底噪音大 其他特色：触摸有延迟
1818	1	带不稳、最小的耳帽带的、掉很多次了。 刚买回来说包装开了不能退没办法只能晚上睡觉戴一会。
1819	1	才发现东西不是荣耀的 就想要你们做的东西 不想要你们去挑的东西 东西不管咋样 都不给好评
1820	1	辣鸡的很，千万不要上当买这个，音质真差，带着耳朵疼，真不值一百多块钱。
1821	1	挺棒的 第一次碰到*** 刚拆箱就拿给我整了个划痕666 我怀疑我的是别人退货不要的 顺带附上高清图片
1822	1	先不说产品行不行，但产品与华为荣耀没有半毛钱关系！一打开有种被欺骗了的感觉，华为荣耀这样营销手法，迟早会耗尽消费者对你信任！
1823	1	音质什么的，先不说了，太T吗的容易掉，奉劝不要买了，掉了啥都没用了
1824	1	听歌断断续续的，体验感极差，有时候有电的情况下还自动暂停没有声音。打着荣耀亲选的名义兜售垃圾品质的产品。谨慎购买吧！
1825	1	耳机在近距离失音
1826	1	一个月就连接不上，总是断开链接
1827	1	耳机电池不好，充几次就没电了
1828	1	不好有一支耳机不能用
1829	1	经常断线，不好用
1830	1	发的货和描述不符
1831	1	音质音效：总有电流声
1832	1	左声道短路，声音有时候听不到
1833	1	不能给手机充电
1834	1	没几天耳机就坏了一只
1835	1	水货用一会就要充电
1836	1	客服服务态度烂的要死。
1837	1	肯定没有3500毫安吧，
1838	1	发来就这样，是不是二手的
1839	1	不咋好 用着用着就断音了
1840	1	音质音效：有杂音
1841	1	动不动就卡，还老是断开
1842	1	声音卡，还有一边时得时不得的
1843	1	音质音效：打游戏开*有延迟
1844	1	音质音效：差 做工质感：差
1845	1	虽说便宜，也不能差成这样
1846	1	刚用几天就充不进电了
1847	1	音质音效：差 做工质感：差
1848	1	其中一个声道没声音
1849	1	耳机经常卡顿没有声音
1850	1	音质音效：卡顿！失败
1851	1	才用两天就坏了
1852	1	音质音效：不好 舒适度：一般
1853	1	有杂音，丝丝拉拉的
1854	1	用的时间长一点，就不行了
1855	1	音质音效：有杂音
1856	1	我想知道为什么不发取款码？
1857	1	感觉像旧的，不像新东西
1858	1	续航能力：差 音质音效：差
1859	1	不好使完了还不让退换货
1860	1	发货于实际货物的不符
1861	1	其他特色：耳机带着跑步容易掉
1862	1	音质音效：为啥刚连放歌会卡
1863	1	延迟严重，还断断续续的，退货！
1864	1	到货只有一个耳机能用
1865	1	就充这几秒就充不进去了。差劲
1866	1	说明和包装都不一样确定啊夏新F9?
1867	1	发过来就这样？防伪还不是315官方网站？
1868	1	第一次送过来质量问题，已更换
1869	1	商品不怎么样，商品不值那些钱
1870	1	用了不到一个月有一个就一直断断续续的
1871	1	物流慢，东西，我也不说了
1872	1	买了几天有一个耳机就不好使了
1873	1	发了一个别人用过的给我！
1874	1	充满电用了不到一小时没电了  真棒
1875	1	使用的第三天没了声音
1876	1	有一个耳机有问题，每隔几秒钟就有噪音
1877	1	续航能力：不行，一下就坏了
1878	1	说的赠品呢？怎么没收到
1879	1	耳机的电真的不耐用一两个小时就用完了
1880	1	带上没一个小时耳朵就开始疼了
1881	1	这包装，好像是别人退回来的货发给我的！
1882	1	快递收不到，快递员说送到了，但是收货的地方没有。
1883	1	。。。买来耳机上的皮套都少了一个。。。服气
1884	1	产品与宣传的不服，购买需谨慎
1885	1	收到手就不能用 退货了
1886	1	没有上一曲下一曲奇**
1887	1	有一个耳机有电流声
1888	1	发烫也不知道为啥，物流慢的要死
1889	1	音质音效：耳机捂住就没声音了
1890	1	不咋滴，没有想象中的好！
1891	1	打游戏一会有延迟一会没延迟的
1892	1	音质音效：一般 舒适度：不舒服
1893	1	买回来不小心摔了一下蓝牙外壳久就掉了
1894	1	很灵敏价位在那不是
1895	1	送货快不过有一个蓝牙耳机有电流声
1896	1	耳朵会痛，音质不什么样
1897	1	没有高音，不得分，
1898	1	好烂，从半米高掉下来，没了
1899	1	信号断断续续的
1900	1	耳机有断接，不自动切换
1901	1	音质音效：有杂音一直不断
1902	1	现在就一个有声音
1903	1	做工质感：拿回来盒子就是坏的
1904	1	蓝牙信号不好，容易掉线，卡顿
1905	1	还没用几天都连接不上了
1906	1	一般，包装都是坏的
1907	1	不好使，反应迟钝，
1908	1	最大缺点，有延迟，带不稳。
1909	1	连接不好用，真的不好用?
1910	1	做工质感：真的烂知道吗，
1911	1	音质音效：右耳有杂音，又卡顿
1912	1	有一个无法开机是坏的
1913	1	充满电只能用半个小时
1914	1	第二天有一个不能用了
1915	1	不说别的，上图示意
1916	1	这个线一直捋不直，
1917	1	一个能用，另一个不能用
1918	1	啥玩意，没用两天就坏一个
1919	1	好差，还少了一个白色的套
1920	1	不好用，插入孔里吱吱的声音
1921	1	次品，用了一天就没声了
1922	1	就音质来说还不及地摊五块钱的
1923	1	耳机刚买来说话就没声
1924	1	假货，不是华为耳机
1925	1	买亏了，音质还没有我在地摊上买的好
1926	1	前天收到，忘了试，竟然右耳的是坏的
1927	1	不好用，已经坏了，
1928	1	右耳无声，出厂不检查吗，，，
1929	1	买了不到一个月，一个耳机就不好用了
1930	1	声音，大一点就有滋滋声！
1931	1	一边有声音，一边没声音
1932	1	相当不错，好过森海塞尔IE80plus+，物超所值啊！
1933	1	耳机有一边是坏的！没有声音！
1934	1	这次音质没有以前的好
1935	1	这真的是原厂耳机吗？这音质？
1936	1	买了两个了，不知咋回事就这样了，说什么人为原因，呵呵&rarr;_&rarr;
1937	1	哈哈哈哈哈哈还行吧，就是慢
1938	1	用了不到两个月，已经有较大噪音了
1939	1	缺点是太便宜了
1940	1	打不了电话   嗯语音就这样
1941	1	有一个耳机没声音的
1942	1	不是正品，质量一般
1943	1	耳机没用几天就漏电，咋回事呀？
1944	1	没有几个月就坏了，质量差，千万不要买
1945	1	耳机音质不好，而且与图示有点不符。
1946	1	不好，有杂音！莎莎刺啦刺啦的！
1947	1	用了三天就坏了呢。祝大家买他家的用久点哦。
1948	1	质量有问题，一边响一边不响。
1949	1	以为是honor的logo，结果给发的华为的，之前也不说清
1950	1	耳机品质没有赠品的盒子好，感觉是花钱买了个盒子
1951	1	不值这个价，感觉质量不行，也就20来块钱的东西
1952	1	手机在兜里，走路的时候。右耳有刺啦的电流杂音
1953	1	买两个发一个 我真是醉了
1954	1	有时候打电话的时候声音没的？什么东西？
1955	1	插上后没开任何声音，左耳就有杂音
1956	1	正品？播放音频视频有十分明显的电流声！
1957	1	用了10天左耳就没声了，客服根本不理人
1958	1	我确认自己没有拿错东西，这个耳机音不是全场音，在脑袋后面，听几分钟后脑勺疼。好像这个耳机的声音一直往后脑进攻，可以想象脑仁都在颤抖
1959	1	这个真的不好，不要买
1960	1	不理想
1961	1	音效音质：不怎么好
1962	1	根本没有收到！
1963	1	可能买到假货了
1964	1	左右音响不对称
1965	1	用了一个月耳机一半就听不了?&zwj;♀，感觉不像是正品。
1966	1	用了还没一天好好的一直耳机就听不到声音了
1967	1	线控音量控制不了！
1968	1	带不住，爱掉。而且稍微有点噪音就听不清！
1969	1	天呐，用了5次不到就坏了...
1970	1	晚上用的时候很大的电流声，白天还是有点声音
1971	1	做工质感：有点差 音效音质：还可以
1972	1	耳机老是掉烦
1973	1	一只音量大，一只音量小！
1974	1	不像真货
1975	1	音量过半有外音啊
1976	1	左耳机，有电音。
1977	1	音效音质：差 有杂音，说话听不清
1978	1	会有电流声，打电话声音小
1979	1	用了两天就坏了，声音时断时续的。
1980	1	第一天拿着耳机，插进去都有异响，根本不容易
1981	1	一个月就坏了。。慎入
1982	1	便宜没好货啊！
1983	1	接触不好，耳机经常识别不了
1984	1	弄错地址了，已经拒收了，申请退款两次都失败了，货也没有看到
1985	1	耳机不好用，发过来就是坏的烂的，声音勒也没有声音。
1986	1	买了个坏的
1987	1	说好的降噪呢
1988	1	这是原装？？？跟20多的有什么区别  听几分钟耳朵都刺耳
1989	1	质量不好
1990	1	不好不好就是不好 别上当了 耳机有杂音
1991	1	质量有问题额，接口那次啦次啦的声音
1992	1	我没有买过这个货，怎么提示收到货，还要我评价？
1993	1	一般吧，用了三次，就坏了一只，凑合凑合吧
1994	1	音质差，话筒回声宛如五块钱质量
1995	1	耳机没法正常使用，退货还要自己承担运费，我服了
1996	1	物流快  就是耳机聋了一个 大家自己选择吧
1997	1	卡的耳朵疼，不怎么好用，音还可以
1998	1	一拿出来就哗啦啦的响。质量都不如9快9的。
1999	1	客服都是亲爹
2000	1	质量问题，左边声音比右边小，哎~~  不过发货速度还行 。
2001	1	质量极差
2002	1	耳麦是坏的
2003	1	几天就坏了，麦没声音
2004	1	不是原装的
2005	1	客服态度敷衍 解决不了问题
2006	1	不好，一个星期就出现问题
2007	1	隔一天，隔了10几元。
2008	1	降价了但是无法申请价格保护
2009	1	耳机录不进去音 跟蚊子叫似的
2010	1	不好用！真的别用！
2011	1	质量和音效都没有xt800那款好 想退货
2012	1	这耳机打电话好大的电流声
2013	1	音质音效：耳机按键没反应
2014	1	才发现线控是坏的哦 摆设
2015	1	这个没用两天就坏了
2016	1	耳机都带不稳
2017	1	质量有点差
2018	1	一个月没到就坏了
2019	1	左右声音不一样
2020	1	一向抠搜的丁老板，属实不够体面。
2021	1	一边耳机听不见 商家迟迟不回复
2022	1	超过10分钟耳朵就会不舒服，不建议购买
2023	1	连左右耳都不标，真服了
2024	1	五块钱的耳机都比这个音质好。声音涩得要死。
2025	1	华为手机有蜂鸣声，很吵。
2026	1	建议大家不要买这种东西带上就掉
2027	1	小米系统10以上别买了，麦克风用不了
2028	1	耳机带不住就好烦，耳机颜值还是没有用的
2029	1	差差差
2030	1	五月二号入手五月11号卖麦坏了只能听声音不能说话了
2031	1	很一般，音质不怎么样
2032	1	坏的
2033	1	不兼容苹果系统吗？音量键不能用？？？？？？？？？
2034	1	质量不好，声音还小
2035	1	受话器坏了，第一次买~的东西，体验不是太好
2036	1	音质音效：不是很好
2037	1	音质比较一般，纯粹是情怀消费
2038	1	给我的感觉挺廉价的，音质也不好
2039	1	一个声音大一个声音小
2040	1	为什么我们米9用这耳机麦克风说话就都是电流声
2041	1	一个月 准时声音变得一边大一边小
2042	1	用转接线玩游戏的话，会炸麦，全是杂音，听歌一般
2043	1	有电流声
2044	1	呵呵
2045	1	这真的是快一百的耳机么&hellip;&hellip;
2046	1	我服了，才有多久一边就没声音了。
2047	1	一边声音大一边声音小
2048	1	杂音大
2049	1	左右音量一大一小
2050	1	音质真不咋样
2051	1	这耳机的麦克风说话跟蚊子一样，懒得换了
2052	1	音质一般没有描述的那么好，
2053	1	辣鸡
2054	1	戴不牢的，没作用。
2055	1	耳机频道过电流，十分刺耳
2056	1	除了爱掉其他一般！
2057	1	耳机麦用不了还电我耳朵。。。。
2058	1	真差一个还好有一个不怎么响
2059	1	买完没多久就降价了
2060	1	好用是好用就是老是掉下来带不进去
2061	1	接听电话要重新插一下才有声音，差
2062	1	听诊器，也就听个声，也不能退。
2063	1	带上容易掉啊，，，
2064	1	为什么一个声音大，一个声音小，
2065	1	用了8天。。。。竟然有一边声音变小了
2066	1	用了不到一个月就坏了&hellip;&hellip;&hellip;&hellip;一只耳机没声音
2067	1	左右耳音量大小不一致，左边大右边小。
2068	1	音质音效：音质和普通耳机差不多，和我想象中不一样！！！！
2069	1	哪都挺好 就是打电话有电流声 吃鸡耳麦说不了话
2070	1	耳机有杂音，电流麦，打游戏看断
2071	1	用了没几天一右边的耳机声音就没了真的是服了
2072	1	一般般吧  我三星s8+用着麦克风没声音
2073	1	一个半月，一个耳机声音大一个耳机声音小
2074	1	音质音效：左耳声音大有杂音，兹啦啦的
2075	1	做工质感：做工感觉不是特别好，耳机头有些破损
2076	1	话筒不管用
2077	1	买了没多久一个耳朵声音大一个小！服了！
2078	1	烂东西，一个星期一边的就不响
2079	1	音质真好 用着用着右边就没左边声音大了
2080	1	声音一边大一边小，感觉耳朵失聪一样醉了
2081	1	我要的有线耳机，给我一个无线蓝牙的是怎么回事 懵逼了？
2082	1	我真吐了用了几天就两边声音不一样了
2083	1	用了一个多星期莫名其妙右边没声音了
2084	1	说是与手机不兼容?
2085	1	感觉不是那么好，音质跟二三十元的查不多!
2086	1	买了，一俩个月一声音大一个声音小
2087	1	耳机左边声音比右边小，试了好多办法都不行
2088	1	游戏不能说话，只能听，81元，不值得买
2089	1	怎么说那  用了一个来月 右耳突然不好使了  真的烦
2090	1	买来两天右声道不行了，声音小的几乎听不见
2091	1	一个声音大一个声音小，懒得退，扔了！
2092	1	实话说，不如原道9.9包邮！！
2093	1	这才几天   左耳几天没声音了。。。真的是
2094	1	不值
2095	1	也就一般般，没有能惊艳到处的地方。。。
2096	1	做耳机有个缺口
2097	1	无线底座还要另外掏钱买？卧服了
2098	1	带着没半个小时，耳朵特别疼
2099	1	做工质感：刚收到打开就是这样，不愧***，已经申请退货了
2100	1	送来的耳机是坏的
2101	1	续航能力：充满用不到2小时就没有电。
2102	1	卖了之后，直接降价100
2103	1	怎么玩游戏会有延迟呀
2104	1	耳机还行  但是商量所说的礼包没有看到  差评
2105	1	好差的蓝牙耳机
2106	1	耳机麦克风不能用啊
2107	1	刚买就降价，笑了
2108	1	买了第三天就降价两百多，还不能退差价。
2109	1	明显感动声音比画面延迟
2110	1	连接不稳定连接不稳定连接不稳定！！！
2111	1	刚买了一天就降价秒杀，还不让申请价格保护。
2112	1	为什么刚收到就过了保修期？二手的吗？
2113	1	做工质感：这个正常吗
2114	1	有噪音
2115	1	刚买了五天就降价100块钱..
2116	1	收到后没电，开不了机
2117	1	客服敷衍两句话就退出了，东西不错但客服体验极差
2118	1	信号不好
2119	1	打游戏延迟
2120	1	不保值
2121	1	你不是标注618降价50？
2122	1	买过单，刚发货就发现比实体店贵100多
2123	1	用了一段时间只能连接一个了
2124	1	外包装耳机都有点脏，感觉是人家退货的，
2125	1	做工质感：换了一次，这做工还不如不换呢
2126	1	发货没有用纸箱装，用了一个袋子，耳机缝隙
2127	1	要么一个无法识别要么电流声巨大
2128	1	除了降价快，没有任何特点
2129	1	说真的  比起二代差远了
2130	1	经常断连，自动播放外音，续航能力差
2131	1	不是呀老是突然就没声了，还显示连接中
2132	1	买了一个多月，主机充不进去电！一直是60%！
2133	1	经常断开连接，有时候自动连接不上
2134	1	未收到快递！ 未收到快递！ 未收到快递！ 然后自动确认收货
2135	1	回来后一个耳机没有声音，问了也会回话
2136	1	刚买过了一个月就降了200，心酸
2137	1	刚买没过多久就降价了  这都不保价的嘛 不去都别买了  等降价再买了
2138	1	一次没用，膜撕了就不让退，一个忠实花粉心寒了
2139	1	没话说了，才买了多久就降价了，在逗我吗？
2140	1	购买即降价，体验一般，建议选择价格质量都稳定的产品
2141	1	产品可以，但是快递员太慢了，我我打了十几个电话都没送到，最后还是我自己去拿的！！！！
2142	1	其他我都很满意，但为什么不能保价！才几天就价格降了，还不能保价申请？
2143	1	说明书上有开机键，实物并没有，高仿货
2144	1	头天买第二天降价。还不支持价格保护，也是醉了。
2145	1	耳机还不错，但是挂在耳朵上没播放内容是会滋滋的响。
2146	1	言而无信，说二日内退款，没做到
2147	1	拆开后里面有灰尘，有维修后的痕迹
2148	1	按键不灵敏，户外，骑车还会误报按键
2149	1	有点失望，耳机盒有点脏，应该不是新品。
2150	1	无法切歌啊，两个手机试了都没法耳机触摸切歌！
2151	1	京东自营卖出来的是有明显使用过痕迹的货物！
2152	1	包装盒坏的
2153	1	自营不打电话直接投递快递柜，货都没收到都不知道是不是二手
2154	1	什么618双十一，降完价格，之后都那样了，都是这个价格了
2155	1	断连太频繁了
2156	1	华为不错，但哪个说京东售后好的？信了你的邪！
2157	1	到手充电盒电量50%，耳机33%
2158	1	翻车了，充电盒还有点却不给耳机充电
2159	1	购买不到一个月的时间就降价了，1139降到999，呵呵...
2160	1	用了不到一个月，右边耳机就没声音了，续航也不行
2161	1	二手？
2162	1	耳机出现断音的情况，现在京东的电子产品怎么都这么差了
2163	1	1099买多大，一个星期又降价100，不爽啊
2164	1	1个月居然降了200多 华为啊，你不能怎么搞啊
2165	1	天天做品牌宣传，能不能把品质做好点！新机这么脏！
2166	1	消费体验级差
2167	1	感觉一点降噪效果都没有，和门店效果不一样
2168	1	买了不到一个月，现在充电都充不进去，充电完还是红色
2169	1	过了10天就降了200。
2170	1	充电头都不给配&hellip;&hellip;
2171	1	不行，有杂音，打游戏有缓迟，，差点意思，
2172	1	才买几天，没注意价格，今天一看降200
2173	1	没有骨声纹传感器，误导，有点过分了
2174	1	这耳机开启降噪模式，走路时或者有风的时候会呼呼响。
2175	1	京东可以的，2020年6月6日购买的，商品质保期却在2020年5月31就过了质保期
2176	1	用了快一个月，出现充电无反应状况。还是建议专卖店购买
2177	1	刚买上就降价
2178	1	能说啥
2179	1	连接不稳定 听歌像卡碟似的 不值这个价
2180	1	商品没啥问题，只是降价太快了，买了没几天，就降价100多，有点不爽，又不能保价
2181	1	愚人节开玩笑嘛，1099隔一天就999这个亏吃的
2182	1	产品不好，充满电以后不用，经常自己就没电了，建议别买
2183	1	二手的，打开里面都是毛絮盒子弯曲，京东让退货
2184	1	刚买完就降价，能不能补差价。 跑步过程中耳机容易掉下来，需要扶好几次耳机。
2185	1	坏的，耳机没有声音
2186	1	戴着耳朵疼，不舒适
2187	1	音质音效：有电流声，
2188	1	玩着玩着就没声音了
2189	1	一边耳机都没声音
2190	1	三插口的设计还是显得有些冗杂
2191	1	回来用了四五天开始就是电流麦
2192	1	音质音效：玩吃鸡明显声音都不一样了
2193	1	搞笑呢，把我硬盘搞坏了
2194	1	有杂音，售后服务不给力
2195	1	用了一阵子已经有杂音了
2196	1	音质音效：用了几天耳机就听不到声音了
2197	1	还说是蓝牙的结果有钱！
2198	1	音质音效：声音小的要死的节奏
2199	1	刚刚买回来就一边没声音。
2200	1	做工质感：一般 音质音效：差 舒适度：差
2201	1	直接是个坏的，接触不良啊，
2202	1	带着到时还行就是麦有杂音.
2203	1	妈的买错接口了。
2204	1	买来麦就是坏的，
2205	1	其他什么都好，就是音质贼差。
2206	1	雷电法王 电流快乐
2207	1	刚回来挺好 用了两天有电流声
2208	1	可以听到。讲话没声音！次
2209	1	才用没多久麦克风就有电流杂音了
2210	1	退货后，钱一直不退
2211	1	音质音效：不好 舒适度：一般 做工质感：一般
2212	1	便宜不会有太好的货
2213	1	音质音效：不好 舒适度：不好 做工质感：不好
2214	1	调大声点，有连续的噪音
2215	1	耳机效果差。音效差、客服服务也差。
2216	1	有杂音！！而且声音小，说话有电流
2217	1	为什么没有圆孔插孔。游戏声音外放
2218	1	前一周还行，这一周回音好大。
2219	1	麦克风就是用不了 破烂东西
2220	1	送到了不通知我
2221	1	开票已经拖了一个月了，反复催促无果
2222	1	用了不到一周，麦坏了，真好
2223	1	差差差，用两天就一边能听一边不能了
2224	1	我的货呢？ 没有收到货？签收了？给谁了？
2225	1	音感不错。就是太紧了不能调勒着头晕。
2226	1	不推荐   耳机说话有电流声
2227	1	什么破耳机啊，收到第二天麦直接用不了。
2228	1	电流刮大风，不知道哪来那些好评的
2229	1	没几天，耳麦就坏了。
2230	1	带着耳朵疼。  难受
2231	1	音效差，隔音也差，别贪便宜
2232	1	有杂音，便宜没好货。
2233	1	带久了耳朵会特别痛。
2234	1	做工质感：左面耳机一直坏 和朋友开黑朋友听到砸音
2235	1	累的耳朵疼 打完游戏耳朵疼的要死
2236	1	很快就收到货了，真是又快又方便，但是屁都没有
2237	1	买回来耳机好的 麦就说不了话
2238	1	戴着耳朵疼，而且特别紧，舒适度基本没有
2239	1	耳机质量不行
2240	1	不能调节松紧待久了真的耳朵痛，不推荐 舒适度：低
2241	1	耳机有点接触不好，有时候能听见自己说话一样！
2242	1	不知道是不是接触不良，就用一次之后用不了了
2243	1	噪音太大
2244	1	音质音效：听不见多重音，只能听单方面的 已退货
2245	1	夹得耳朵脸疼
2246	1	电流麦
2247	1	被打开过
2248	1	买了半个月，耳机可用，灯已坏，麦已坏~
2249	1	电流麦贼大
2250	1	麦没有声音
2251	1	与图片不符
2252	1	不错，已退货
2253	1	耳机以经坏了
2254	1	刚收到皮就掉了，还没用。质量堪忧咯
2255	1	外包装被拆
2256	1	耳麦坏的。别买
2257	1	刚用就烂了
2258	1	电流麦  不好用
2259	1	就算是便宜货，也不能用两天就坏了吧，真的醉了
2260	1	买了用不了，
2261	1	没收到
2262	1	电流麦 就玩个联盟 将就用吧
2263	1	这是新耳机？
2264	1	接触不良的耳机，换了一次还是一样，不良心做生意真的是没有办法
2265	1	用两天就报废了 里面全是电流cici的声音
2266	1	其他特色：东西拿到手之后一看包装都是坏的，里面的袋子也是坏的
2267	1	哎，到货就有杂音，服了。
2268	1	不是特别的好！  刚拿回来就有电流麦，调不好
2269	1	电流麦！电流麦！电流麦！没实体店三十五块钱的耳机好用
2270	1	怎么说呢，只有左声道有声，才买了不到一个小时！
2271	1	不是很好，你音质不好，而且戴起来有点耳朵疼。
2272	1	一到就有一个耳机有问题。。。不知道怎么说。将就用
2273	1	耳机拿到声音可以，但麦克风有电流，非常不满意
2274	1	咯脑袋  音质也不好
2275	1	反正我用了不到十天就坏了
2276	1	刚买一天就坏了，什么质量啊
2277	1	没用几天就一个耳机就坏了
2278	1	音效音质：转动头会有杂音
2279	1	用了几天耳机已坏 京东辣鸡
2280	1	没用多久就坏了
2281	1	一分钱一分货，音质差得一批
2282	1	这个耳机什么都好就是有点漏音。
2283	1	没法用三天就坏了
2284	1	不怎么好用，没用过超过两个月，
2285	1	有一只耳机有噪音
2286	1	一个礼拜就坏了
2287	1	用了一天就快烂了
2288	1	用了还没多久就坏了
2289	1	没用多久听不了了
2290	1	这才用了几天就坏了
2291	1	质量不是一般的差，别买这个
2292	1	用了半个月就坏了
2293	1	还没用两天，就坏了
2294	1	买来没过多久就坏了
2295	1	用不了多久，就坏了
2296	1	用两天就坏了！生气
2297	1	没用几天就坏了
2298	1	右边是坏的，服了
2299	1	没用多长时间就坏了
2300	1	用了半个月就坏了
2301	1	买的一个月就坏了，
2302	1	么子@质量额，有良心卖？
2303	1	还没有半个月就坏了
2304	1	用了一个星期就坏了
2305	1	插上耳机经常会出来语音助手
2306	1	一个星期都用不到就坏了，唉
2307	1	一个月用坏了俩
2308	1	用了半个多月就坏了
2309	1	用了两次就坏了
2310	1	不到一个月就坏了
2311	1	没到1月就坏了差
2312	1	用了不到半个月一边就不响了
2313	1	用了几天一只耳朵就没声音了
2314	1	刚几天就坏了没动静了真草蛋
2315	1	一只有声音，一只没声音
2316	1	商品没什么好说的，很一般。
2317	1	货都没看到就显示送到
2318	1	买来试了一下左边耳机没声音！
2319	1	发过来就这样了，也不知道是不是被用过
2320	1	用了五天就右边就没声音，真服！
2321	1	刚用两天就川电流不怎么出音了
2322	1	还没几个星期就有一边听不见了
2323	1	便宜没好货，来的就是坏的
2324	1	用了一两个星期就坏了质量不好
2325	1	耳机通话不好，没有声音
2326	1	质量不行，用没多久就坏了
2327	1	音效音质：有杂音。。才几天
2328	1	东西一般。快递服务质量不好。
2329	1	买来不到两个星期就坏了！
2330	1	便宜没好货，这次认栽，希望大家不要被坑了
2331	1	我就想问两个按钮都是暂停有什么用。
2332	1	用了一个月不到就坏了
2333	1	耳机不行，白色上还有污渍
2334	1	用了不到十天已经坏了
2335	1	一边有声音一边没声音
2336	1	戴一会耳朵疼得受不了
2337	1	用了没有一个礼拜坏了
2338	1	不好戴着不舒服
2339	1	用完不到一星期就坏了
2340	1	没用几天就坏了
2341	1	为什么我的才用了一周不到就坏了?
2342	1	刚用了2天就坏了，果然便宜没好货。
2343	1	有生以来看到会自动调音量的耳机。
2344	1	半个月都没用到就坏了
2345	1	音效音质：只有一个有声音
2346	1	按上转换头根本说不了话
2347	1	音效音质：用了两天就坏
2348	1	五天不到一边就没声音了
2349	1	会有一种接触不良的感觉
2350	1	用了半个月没到就坏了
2351	1	耳机是一个好一个坏的
2352	1	你们发的是什么包装耳机盒子给我
2353	1	真的差，买回来几天就坏了
2354	1	左耳是坏的根本没有声音
2355	1	用了不到一个星期左边耳机就不行了
2356	1	这才买了五天就只有一个耳机有声了
2357	1	刚买第二天就一边不响了
2358	1	感觉不实用，没过多久就坏了
2359	1	果然是一分钱一分货。没用两天就坏掉
2360	1	才用了不到一个星期有一只耳塞就没声了
2361	1	耳机才用不到一个月就坏了
2362	1	有一个耳机有坏了一晃有声
2363	1	买回来用了3天就有个耳机不出声音了
2364	1	耳机用了4天就有一边坏了
2365	1	声音小，反应慢，而且还容易掉
2366	1	辣鸡耳机*打个视频还**露声
2367	1	经常只能连到一只耳机
2368	1	有一个耳是环的
2369	1	音质还可以，但是左耳试了几次都没声音的
2370	1	听不出跟九块九的有什么本质的区别
2371	1	耳塞带着耳朵疼，都磨破皮了
2372	1	音质音效：差 做工质感：差  京东售后服务差
2373	1	一碰就断了链接   躺床上不好用
2374	1	耳机左麦声音小
2375	1	杂牌中的秀儿 耳机用了十天坏了一个
2376	1	才用一次就坏了，有一个耳机时响时不响的
2377	1	这耳机续航半个小时以内，左耳机基本是坏的
2378	1	其他特色：一次性的.收货好好的。用了一次坏了，
2379	1	耳机有好有坏，质量不怎么好
2380	1	用了几天就用不起了什么东西啊
2381	1	一般。有时候用着就自己掉线了。
2382	1	为啥我充满电刚带上就只剩下一半的电了？
2383	1	有时候断断续续的。还有时候一个耳机突然罢工
2384	1	用了可以用双手数的清次数，左耳罢工了，很闹心
2385	1	音质不好，不建议买 音质音效：有杂音
2386	1	有时候不好使
2387	1	坏了一个
2388	1	声音有1秒延迟
2389	1	左耳小右耳大怎么回事？
2390	1	音质音效：极差
2391	1	续航能力：差
2392	1	充不进去电
2393	1	左耳机是坏的
2394	1	左耳充不了电
2395	1	质量不行  买了刚一周就充不上电了
2396	1	续航能力：不好 其他特色：有时候一个有声一个没声
2397	1	右耳没有声音，只有左耳可以用
2398	1	买来第二天，不小心摔了，就这样了。
2399	1	根本就用不了，充半天电开不到半个钟
2400	1	不好用，听歌断断续续的，直接影响心情！
2401	1	一个耳机坏的。 做工质感：拿到手上一眼看穿廉价感，不值这钱
2402	1	续航能力：三小时都不到 音质音效：就一个可以听
2403	1	带着耳朵疼还不让退 其他特色：不行  音质音效：不行
2404	1	音质音效：左右两耳的音量不同 续航能力：时间有点短
2405	1	这个充电器头，做工真差，外模都没有包住，
2406	1	一直断
2407	1	才用了一次，左耳耳机就没用了，拿出来一点反应都没有
2408	1	手机不播放声音的时候带着它，它就一直哒哒哒哒哒的一直响。。。。
2409	1	续航能力：充电2小时，通话5分钟，上次一个坏了，这次不能超过半小时
2410	1	续航能力：一个小时不到就得充电，放在充电仓里没充一会就不充了。几十块买这么个东西真不划算
2411	1	耳机一会左边没声 一会右边没声 掉在床上耳机外壳直接开了
2412	1	这个不太好，比普通耳机的性能还差，而且包装也不太好，快递过了十天左右才收到
2413	1	舒适度：特差 音质音效：不好 做工质感：一般 续航能力：还行 其他特色：没有
2414	1	十分之差
2415	1	续航能力：耳耗电特别快，充满停半小时就没了，左耳还好能听好几个小时
2416	1	送哪去了
2417	1	商品质量不什么行，买了三天，一天坏一个，但是客服态度还蛮好，
2418	1	一边的耳机响一边耳机都不会响不管试了多少次，有时候还会断开连接
2419	1	第一次因为耳机一只有声音退换一下，今天收到货以后还是跟第一次一样，依旧是坏的。
2420	1	这才三天就不能充电了，就不能用了，整天跟我说&ldquo;power off&rdquo;，电用完了，这个话都不说了。
2421	1	为什么没有配充电线，太粗心了吧，普通的线插头也插不了，而且左耳也连不上，差差差
2422	1	拿到手就一个耳机一直听不到，按使用说明充电两小时，还是只有一个耳机能听到，跟客服联系，又单独充了一个小时，结果还是听不到，一下午时间一直在这充电充电的
2423	1	做工质感：看起来还行 音质音效：特别差 舒适度：一般 续航能力：一般 其他特色：特色打游戏延迟1s左右。别看好评那么多，基本全是刷的。拿*指你头上，千万别买。有什么问题可以在评论问我。
2424	1	一般，有时只有一个有声音，电量两只不同，左边电量的少，满电听歌2小时左右，看电影2小时有可能看不完 好评会送保护套，我就不要了
2425	1	太假了  没有双联动   暂停开关难以触发或者触发其他  还没有蓄电池。续航能力还是很一般。    用完一个只能插电充。除了耳机用的塑料比较好一点，其他的跟29的完全一样。
2426	1	其他特色：信号不稳定，垃圾
2427	1	太垃圾了连上不配对了
2428	1	真心垃圾，大家看图说话
2429	1	质量太差了，包装太水了
2430	1	基本用不到两个星期，太差了吧
2431	1	充电口不能用，垃圾蓝牙
2432	1	声音太小，商家客服不正面回答问题
2433	1	买来就有问题。垃圾中的垃圾
2434	1	音质太差了，唉 音质音效：差
2435	1	垃圾产品   天天没电还有一只坏的，
2436	1	续航能力：一个半小时左右就没电  真坑
2437	1	信号连接太不稳定
2438	1	垃圾 音质音效：卡顿 舒适度：垃圾东西
2439	1	续航能力：垃圾。一天就待机轮流用。换了六次。
2440	1	音质音效：麦很有问题 经常对着说都听不到
2441	1	信号非常不稳定！断断续续！
2442	1	刚用一天左耳机就没声音了  真无语
2443	1	垃圾一下子断一下子连上我去真的是服了
2444	1	真垃圾，老是断，比20多块的还要差
2445	1	太垃圾了用了几天就坏了一个
2446	1	打游戏声音有延迟，很失望，以后不会买了
2447	1	耳机质量非常差 其他特色：耳机容易坏
2448	1	什么垃圾音质，气死我了，大家不要买
2449	1	质量太差了，充电不到两分钟就把线烧了掉，
2450	1	连上了，没声音，什么鬼，破烂玩意
2451	1	续航能力：超级烂 最多听一个小时  音质音效：也烂
2452	1	非常非常不好用，经常连接不到
2453	1	垃圾来的听着一下可以一下不可以。音质又差。
2454	1	一点都不好，有的时候还没音，差评给你了
2455	1	耳机声道左右反了
2456	1	买了两个，半个月全坏了
2457	1	不兼容。插上没反应
2458	1	买了不到一个礼拜就坏了
2459	1	不行牙一个月就坏了
2460	1	刚买回来第二天就坏了，呵呵
2461	1	你告诉我怎么切换上下曲
2462	1	音效音质：打游戏不是很好
2463	1	刚拿到货，开开盒子 直接坏了
2464	1	没用几天 质量就出问题了
2465	1	才用了几次就只有一边有声音了
2466	1	左耳声音小右耳声音大咋回事？
2467	1	唉！便宜没好货！老是接触不良
2468	1	破耳机听了几天歌就不行了
2469	1	不给好评就打电话发短信来骚扰是吧？
2470	1	评价里面发现有这个赠品，居然没有寄过来
2471	1	怎么还让评价这个呢？没收到这个赠品耳机
2472	1	用了几天发现戴着耳朵真疼
2473	1	我都没买耳机，为什么会出现在我要评价晒单里
2474	1	用了2星期就掉了
2475	1	耳机都接触不严，
2476	1	用了不到十天有一只耳机就不响了
2477	1	耳机音效真的差
2478	1	刚用了没几天就坏了
2479	1	用了一天就坏了
2480	1	根本没有收到过这个赠品。怎么回事？
2481	1	麦克风有电流声
2482	1	音质不好，不喜欢
2483	1	耳机有划痕，还脏
2484	1	没有想象中的好
2485	1	用两两天就坏啦
2486	1	一个多月这样就废了
2487	1	刚两天就开始坏了
2488	1	带不稳，一碰就掉
2489	1	带着耳朵痛不好
2490	1	用了没一个月就坏了
2491	1	用不够一天就坏了
2492	1	无缘无故的就有电流声
2493	1	音质一般，和~买的没什么区别
2494	1	刚收到刚拆开就发现这个坏了
2495	1	用了不到一个月就坏了
2496	1	用了一次就不能通话了
2497	1	我没有收到这个东西！这个是什么鬼！
2498	1	质量不行，用一天就废了
2499	1	有时候听不见声音，不好。
2500	1	还是那句话便宜没好货好货不便宜
2501	1	两边的声音大小不一样，差
2502	1	根本就没有赠送耳机 评价个毛线
2503	1	刚拆封，就有一只是坏的
2504	1	我说实话  耳机真的不行
2505	1	一个字 次 次货 全上当 白花钱
2506	1	建议别买  服务态度不行
2507	1	这个东西破音，听着就烦
2508	1	刚送来按键就是坏的真的是够了
2509	1	全是电流声，便宜没好货啊
2510	1	没有用多久就出现滋滋滋的声音
2511	1	刚买就降价，有没有搞错。
2512	1	左边没声音刚刚买来就坏了
2513	1	听不到一个礼拜就坏了一边
2514	1	服了 用三天串音 自动跳歌
2515	1	一分钱一分货    不怎么样
2516	1	已经坏掉了一个耳朵，要买新的了
2517	1	耳机来了是坏的，而且订单下来后等了很久
2518	1	音质不咋的，达不到这个价格
2519	1	音质不是一般的差真是服了
2520	1	没有给我发这个耳机
2521	1	到都没到，就在京东上说到了，，不良的商家
2522	1	东西还没到我手里就已签收了？
2523	1	买来没用多久就坏了，真是便宜没好货。
2524	1	耳机下键不能用
2525	1	没用几下就烂了
2526	1	一天就坏了，尴尬
2527	1	才用了几天就坏了
2528	1	打电话有杂音呲呲呲的
2529	1	这是旧的，鉴定完毕
2530	1	耳机质量不咋地还没用线就已经要断了
2531	1	一般般，建议不要买这个东西！
2532	1	这才用了几天右耳机就有电流声了
2533	1	耳机有杂音，这个价钱的耳机也就这样了
2534	1	耳机质量不行，看图
2535	1	没图片那么光鲜亮丽
2536	1	用了没几天音量键外壳就开了 真烂
2537	1	送来的时候有许多痕迹，估计不是新的
2538	1	买来就是坏的，呵呵
2539	1	没用多久左边就没声了
2540	1	不好用一个声音大一个声音小
2541	1	左耳声音低右耳声音高
2542	1	刚拿到手就坏了，这质量。。。
2543	1	带着不怎么舒服，  音质也不行
2544	1	服了，用了一个月就断了
